SCENARIO;FEATURE_SET;LEADTIME_MIN;TIMESTAMP;HAS_SEVIRI;N Samples;r2;explained Variance;MAE;MSE;RMSE;median AE;MAPE;Bias;MAAPE;r2_ORG;RMSE_ORG;MAE_ORG;Bias_ORG;RMSE_CMV_DIFF;MAE_CMV_DIFF
SC1 29.01.2018 07:00 Clear winter morning with shadows;FS1_TIME;0;2018-01-29 07:30:00;False;132,0;-0,02525567753557767;0,0;0,010907419211358096;0,0021509413552588813;0,04637824226141911;0,0027086370114814086;0,9350201788703553;0,007279100327350707;0,4177463055656494;-0,02525567753557767;0,04637824226141911;0,010907419211358096;0,007279100327350707;0,0;0,0
SC1 29.01.2018 07:00 Clear winter morning with shadows;FS1_TIME;15;2018-01-29 07:45:00;False;133,0;-0,0861684836042631;0,0;0,024952633959062165;0,004157318609901216;0,06447727204140398;0,008589581287965864;0,8413202868933412;0,018160687329359222;0,5077781732069867;-0,0861684836042631;0,06447727204140398;0,024952633959062165;0,018160687329359222;0,0;0,0
SC1 29.01.2018 07:00 Clear winter morning with shadows;FS1_TIME;30;2018-01-29 08:00:00;False;134,0;-0,21994868767637699;0,0;0,04563246530949791;0,007554587753675745;0,08691713153156715;0,019310038753812084;0,9649997034992851;0,036905856658042094;0,5710664853134275;-0,21994868767637699;0,08691713153156715;0,04563246530949791;0,036905856658042094;0,0;0,0
SC1 29.01.2018 07:00 Clear winter morning with shadows;FS1_TIME;45;2018-01-29 08:15:00;False;134,0;-0,287387955787354;0,0;0,06426144359790703;0,01095877943860471;0,10468418905739639;0,03361238761238765;1,0226280615543268;0,04946074502604181;0,6078175898951551;-0,287387955787354;0,10468418905739639;0,06426144359790703;0,04946074502604181;0,0;0,0
SC1 29.01.2018 07:00 Clear winter morning with shadows;FS1_TIME;60;2018-01-29 08:30:00;False;134,0;-0,46225007729012524;0,0;0,08652001804931585;0,015941179836712994;0,12625838521347005;0,060453428230130994;0,9391666110442096;0,07098848378172185;0,5813289551153908;-0,46225007729012524;0,12625838521347005;0,08652001804931585;0,07098848378172185;0,0;0,0
SC1 29.01.2018 07:00 Clear winter morning with shadows;FS1_TIME;75;2018-01-29 08:45:00;False;134,0;-0,6986287577044354;0,0;0,10944046307521484;0,021904806417060215;0,14800272435688547;0,09098173114022352;0,7767944217243673;0,09491693434878087;0,5541906389016862;-0,6986287577044354;0,14800272435688547;0,10944046307521484;0,09491693434878087;0,0;0,0
SC1 29.01.2018 07:00 Clear winter morning with shadows;FS1_TIME;90;2018-01-29 09:00:00;False;134,0;-0,98878187542914;0,0;0,13537725972467807;0,029930401692937893;0,1730040510882271;0,11614490338244077;0,7311321581630302;0,12198682969133459;0,5331883443287703;-0,98878187542914;0,1730040510882271;0,13537725972467807;0,12198682969133459;0,0;0,0
SC1 29.01.2018 07:00 Clear winter morning with shadows;FS1_TIME;105;2018-01-29 09:15:00;False;134,0;-1,5067555053656938;0,0;0,16468324640146104;0,040242005083760385;0,20060410036626963;0,15439767894594092;0,6961272700199292;0,1555267907559055;0,5237977042545273;-1,5067555053656938;0,20060410036626963;0,16468324640146104;0,1555267907559055;0,0;0,0
SC1 29.01.2018 07:00 Clear winter morning with shadows;FS1_TIME;120;2018-01-29 09:30:00;False;134,0;-1,9467545063408371;0,0;0,1933847726577206;0,05140015301581031;0,22671601843674458;0,18231256555338501;0,7115801863970612;0,1842747463587573;0,5384837400938934;-1,9467545063408371;0,22671601843674458;0,1933847726577206;0,1842747463587573;0,0;0,0
SC1 29.01.2018 07:00 Clear winter morning with shadows;FS1_TIME;135;2018-01-29 09:45:00;False;134,0;-2,4382406969908;0,0;0,21075022023108195;0,05963365034071266;0,24420002117262943;0,21075386739668805;0,6034654631792324;0,205643907251688;0,5085280123749298;-2,4382406969908;0,24420002117262943;0,21075022023108195;0,205643907251688;0,0;0,0
SC1 29.01.2018 07:00 Clear winter morning with shadows;FS1_TIME;150;2018-01-29 10:00:00;False;134,0;-3,0380625970665873;0,0;0,23303529696642122;0,06980929972445347;0,26421449567435445;0,23521423061637894;0,615605782956024;0,22917565234112908;0,5177088657212836;-3,0380625970665873;0,26421449567435445;0,23303529696642122;0,22917565234112908;0,0;0,0
SC1 29.01.2018 07:00 Clear winter morning with shadows;FS1_TIME;165;2018-01-29 10:15:00;False;134,0;-3,4716955064528268;0,0;0,2508238803611046;0,07880988011729675;0,28073097463104557;0,26137676877027305;0,6286533581477631;0,24735747297666194;0,5272698671052211;-3,4716955064528268;0,28073097463104557;0,2508238803611046;0,24735747297666194;0,0;0,0
SC1 29.01.2018 07:00 Clear winter morning with shadows;FS1_TIME;180;2018-01-29 10:30:00;False;134,0;-3,7523947116694725;0,0;0,2621052820583419;0,08471651982004122;0,2910610242200787;0,27531025157397715;0,6252699109387321;0,2586318813019616;0,5300900227577784;-3,7523947116694725;0,2910610242200787;0,2621052820583419;0,2586318813019616;0,0;0,0
SC1 29.01.2018 07:00 Clear winter morning with shadows;FS2_GIS_TIME;0;2018-01-29 07:30:00;False;132,0;0,38664408875628675;0,46022686885886044;0,02240018009777656;0,001286793747056151;0,035871907491185226;0,018895839608863176;3,6443275807581577;-0,01242471082009708;1,0328805222934108;0,38664408875628675;0,035871907491185226;0,02240018009777656;-0,01242471082009708;0,0;0,0
SC1 29.01.2018 07:00 Clear winter morning with shadows;FS2_GIS_TIME;15;2018-01-29 07:45:00;False;133,0;0,3061782653825832;0,3184185337472012;0,024682464298203623;0,0026556082714786736;0,05153259426303583;0,015095045668422204;1,3087407851533062;0,006844685942116239;0,6364053913557761;0,3061782653825832;0,05153259426303583;0,024682464298203623;0,006844685942116239;0,0;0,0
SC1 29.01.2018 07:00 Clear winter morning with shadows;FS2_GIS_TIME;30;2018-01-29 08:00:00;False;134,0;0,1686358919659131;0,2776705700048737;0,040137237801113904;0,005148260064415076;0,07175137674229726;0,018907029120219344;1,0672569062442023;0,025984653251820256;0,5850825625880453;0,1686358919659131;0,07175137674229726;0,040137237801113904;0,025984653251820256;0,0;0,0
SC1 29.01.2018 07:00 Clear winter morning with shadows;FS2_GIS_TIME;45;2018-01-29 08:15:00;False;134,0;0,0637763174100523;0,2604317068642298;0,057156660778706285;0,007969523713950443;0,08927218891654021;0,03388337412909419;0,9650569714081081;0,04091469317875205;0,5749659922914881;0,0637763174100523;0,08927218891654021;0,057156660778706285;0,04091469317875205;0,0;0,0
SC1 29.01.2018 07:00 Clear winter morning with shadows;FS2_GIS_TIME;60;2018-01-29 08:30:00;False;134,0;-0,10673923777966099;0,2487992545453379;0,07882230481676962;0,012065466431356356;0,10984291707413982;0,05549849962328428;0,8506764328097188;0,06225764909812386;0,5618925225534873;-0,10673923777966099;0,10984291707413982;0,07882230481676962;0,06225764909812386;0,0;0,0
SC1 29.01.2018 07:00 Clear winter morning with shadows;FS2_GIS_TIME;75;2018-01-29 08:45:00;False;134,0;-0,2920118075256075;0,2102702773326517;0,09785921393285324;0,016661244197143734;0,12907844203097485;0,07605994501732345;0,7227456050565692;0,08048117672999419;0,5251464059763142;-0,2920118075256075;0,12907844203097485;0,09785921393285324;0,08048117672999419;0,0;0,0
SC1 29.01.2018 07:00 Clear winter morning with shadows;FS2_GIS_TIME;90;2018-01-29 09:00:00;False;134,0;-0,6724835227899804;0,19808565380118004;0,12642976033900918;0,0251702332369267;0,15865129446974802;0,10968265362348276;0,638077843435796;0,11446279309748816;0,5109008885604045;-0,6724835227899804;0,15865129446974802;0,12642976033900918;0,11446279309748816;0,0;0,0
SC1 29.01.2018 07:00 Clear winter morning with shadows;FS2_GIS_TIME;105;2018-01-29 09:15:00;False;134,0;-1,0156827018424814;0,1968454968465917;0,14874819190045074;0,032358605919550844;0,17988497969411132;0,13860387884730202;0,5996303827747049;0,13951783898517997;0,48739113124517613;-1,0156827018424814;0,17988497969411132;0,14874819190045074;0,13951783898517997;0,0;0,0
SC1 29.01.2018 07:00 Clear winter morning with shadows;FS2_GIS_TIME;120;2018-01-29 09:30:00;False;134,0;-1,3217516603296477;0,18392982100854316;0,17133321990799968;0,040498246579028806;0,20124176151840056;0,16156903901009412;0,6015804689197932;0,16206035363043217;0,49144298113967816;-1,3217516603296477;0,20124176151840056;0,17133321990799968;0,16206035363043217;0,0;0,0
SC1 29.01.2018 07:00 Clear winter morning with shadows;FS2_GIS_TIME;135;2018-01-29 09:45:00;False;134,0;-1,8104484533016034;0,18189894033213017;0,19038681089206932;0,048745074919120175;0,22078286826454668;0,19320012163942699;0,5246114686235467;0,18589173975280052;0,4647409762064144;-1,8104484533016034;0,22078286826454668;0,19038681089206932;0,18589173975280052;0,0;0,0
SC1 29.01.2018 07:00 Clear winter morning with shadows;FS2_GIS_TIME;150;2018-01-29 10:00:00;False;134,0;-2,554157194007524;0,16920673236583905;0,22024364462281;0,061443630171690085;0,24787825675458122;0,2269699992731096;0,5613341929528362;0,21698162507873675;0,496499367761048;-2,554157194007524;0,24787825675458122;0,22024364462281;0,21698162507873675;0,0;0,0
SC1 29.01.2018 07:00 Clear winter morning with shadows;FS2_GIS_TIME;165;2018-01-29 10:15:00;False;134,0;-2,6569482702795932;0,16898272292076633;0,226837603343529;0,06445064391347792;0,25387131368761995;0,23930172368691122;0,5488653436024405;0,2231695810240797;0,48652725365961635;-2,6569482702795932;0,25387131368761995;0,226837603343529;0,2231695810240797;0,0;0,0
SC1 29.01.2018 07:00 Clear winter morning with shadows;FS2_GIS_TIME;180;2018-01-29 10:30:00;False;134,0;-3,077482101535997;0,16287953078259276;0,24386568886941012;0,07268548052678292;0,26960244903706443;0,2609398397900134;0,5748612796598178;0,2403391616368808;0,5014100471807817;-3,077482101535997;0,26960244903706443;0,24386568886941012;0,2403391616368808;0,0;0,0
SC1 29.01.2018 07:00 Clear winter morning with shadows;FS3_GIS_SENSOR_TIME;0;2018-01-29 07:30:00;False;132,0;0,39051279529847127;0,43304046447654443;0,011869861426665448;0,0012786773707460508;0,03575859855679541;0,00593493404477207;1,3251487729220448;0,009445696427536563;0,573287575211547;0,39051279529847127;0,03575859855679541;0,011869861426665448;0,009445696427536563;0,0;0,0
SC1 29.01.2018 07:00 Clear winter morning with shadows;FS3_GIS_SENSOR_TIME;15;2018-01-29 07:45:00;False;133,0;0,13318978265469528;0,3210461421481874;0,027458395445870722;0,0033177230809203796;0,05759967952098674;0,013144288689662238;0,9002540912527426;0,026814580499859384;0,6094283193161842;0,13318978265469528;0,05759967952098674;0,027458395445870722;0,026814580499859384;0,0;0,0
SC1 29.01.2018 07:00 Clear winter morning with shadows;FS3_GIS_SENSOR_TIME;30;2018-01-29 08:00:00;False;134,0;-0,23485411798215927;0,22158245132221221;0,05342522289810241;0,007646890309011747;0,08744649969559529;0,034363004681777304;0,9528861692888452;0,053164877714274264;0,6801423504796946;-0,23485411798215927;0,08744649969559529;0,05342522289810241;0,053164877714274264;0,0;0,0
SC1 29.01.2018 07:00 Clear winter morning with shadows;FS3_GIS_SENSOR_TIME;45;2018-01-29 08:15:00;False;134,0;-0,6500959415846128;0,17132294707276752;0,08370460177267663;0,014046300025622908;0,11851708748371649;0,068235650473106;0,929044683859086;0,08361972113521202;0,7014172331660646;-0,6500959415846128;0,11851708748371649;0,08370460177267663;0,08361972113521202;0,0;0,0
SC1 29.01.2018 07:00 Clear winter morning with shadows;FS3_GIS_SENSOR_TIME;60;2018-01-29 08:30:00;False;134,0;-1,2212309711946183;0,1307532214813243;0,12143440186966083;0,024215449135971946;0,15561313934231885;0,10989679846211499;0,9715026880327223;0,12140461919159656;0,746219485982918;-1,2212309711946183;0,15561313934231885;0,12143440186966083;0,12140461919159656;0,0;0,0
SC1 29.01.2018 07:00 Clear winter morning with shadows;FS3_GIS_SENSOR_TIME;75;2018-01-29 08:45:00;False;134,0;-1,9026589121839286;0,12687213851577972;0,16182253485478504;0,0374314759936538;0,1934721581873056;0,1570696808184298;0,9576255618884393;0,16177757591011824;0,7563558699414129;-1,9026589121839286;0,1934721581873056;0,16182253485478504;0,16177757591011824;0,0;0,0
SC1 29.01.2018 07:00 Clear winter morning with shadows;FS3_GIS_SENSOR_TIME;90;2018-01-29 09:00:00;False;134,0;-2,6858095062126104;0,11787622819072507;0,20541273352317949;0,055470014307520826;0,23552073010145164;0,20022488915987585;0,9415779315055747;0,20541273352317949;0,751763866672817;-2,6858095062126104;0,23552073010145164;0,20541273352317949;0,20541273352317949;0,0;0,0
SC1 29.01.2018 07:00 Clear winter morning with shadows;FS3_GIS_SENSOR_TIME;105;2018-01-29 09:15:00;False;134,0;-3,9143618071652835;0,12329499603595773;0,2545942071872044;0,07889232611799242;0,28087777789991225;0,2494029644728635;0,9687828611335932;0,2545942071872044;0,767824500901728;-3,9143618071652835;0,28087777789991225;0,2545942071872044;0,2545942071872044;0,0;0,0
SC1 29.01.2018 07:00 Clear winter morning with shadows;FS3_GIS_SENSOR_TIME;120;2018-01-29 09:30:00;False;134,0;-4,746257320000717;0,11582304934772292;0,29122006498736025;0,10023179904559522;0,3165940603447816;0,2917347908712817;0,9488802985448742;0,29122006498736025;0,7579010030202706;-4,746257320000717;0,3165940603447816;0,29122006498736025;0,29122006498736025;0,0;0,0
SC1 29.01.2018 07:00 Clear winter morning with shadows;FS3_GIS_SENSOR_TIME;135;2018-01-29 09:45:00;False;134,0;-6,119286307678421;0,1128507558995624;0,3287729337989847;0,12347856586046752;0,35139517051386393;0,33199083874384383;0,9556579352314674;0,3287729337989847;0,7619677964792448;-6,119286307678421;0,35139517051386393;0,3287729337989847;0,3287729337989847;0,0;0,0
SC1 29.01.2018 07:00 Clear winter morning with shadows;FS3_GIS_SENSOR_TIME;150;2018-01-29 10:00:00;False;134,0;-7,405692531619291;0,11722328971525864;0,3606311347279601;0,14531610028969913;0,3812034893461747;0,36421116137341836;0,9550752648373324;0,3606311347279601;0,7617526337283337;-7,405692531619291;0,3812034893461747;0,3606311347279601;0,3606311347279601;0,0;0,0
SC1 29.01.2018 07:00 Clear winter morning with shadows;FS3_GIS_SENSOR_TIME;165;2018-01-29 10:15:00;False;134,0;-8,455362086534697;0,1093133188775508;0,3885166862776231;0,16664282069969102;0,4082190841933912;0,3979347188770045;0,9711315332879131;0,3885166862776231;0,770093403936852;-8,455362086534697;0,4082190841933912;0,3885166862776231;0,3885166862776231;0,0;0,0
SC1 29.01.2018 07:00 Clear winter morning with shadows;FS3_GIS_SENSOR_TIME;180;2018-01-29 10:30:00;False;134,0;-9,128611762878062;0,10545213619320282;0,40571796552457723;0,18055334020391858;0,4249156859941965;0,4157088589612123;0,9692420643807204;0,40571796552457723;0,7690138615655085;-9,128611762878062;0,4249156859941965;0,40571796552457723;0,40571796552457723;0,0;0,0
SC1 29.01.2018 07:00 Clear winter morning with shadows;FS4_SEV4_TIME;0;2018-01-29 07:30:00;True;132,0;-0,08559684814513124;0,0054355621060226955;0,02591337867622456;0,0022775344794255274;0,0477235212387511;0,021502283404803375;4,507048883336507;-0,013819623589945734;1,0485568046237126;-0,08559684814513124;0,0477235212387511;0,02591337867622456;-0,013819623589945734;0,0;0,0
SC1 29.01.2018 07:00 Clear winter morning with shadows;FS4_SEV4_TIME;15;2018-01-29 07:45:00;True;133,0;-0,023939045420896088;-0,023503050314931606;0,030486023121387356;0,003919134934579563;0,06260299461351321;0,021565278870402795;1,971353947797965;0,0012918106579266695;0,7390565282528114;0,02604046457093412;0,061056023109676616;0,03002233339365899;-0,003458137935083909;0,008027567324548932;0,004749948593010579
SC1 29.01.2018 07:00 Clear winter morning with shadows;FS4_SEV4_TIME;30;2018-01-29 08:00:00;True;134,0;-0,06429167131224611;-0,025946759925300045;0,046816306921850674;0,006590674597756098;0,08118296987519055;0,03229110621489012;1,8531162699970876;0,015409497343550588;0,7004761721716197;0,020241542727879813;0,07789222569499121;0,04522621776940044;0,004133885525713828;0,013826779556599899;0,0113264218862377
SC1 29.01.2018 07:00 Clear winter morning with shadows;FS4_SEV4_TIME;45;2018-01-29 08:15:00;True;134,0;-0,1372850167506856;-0,05603167548260446;0,06121326433984638;0,00968104105788237;0,0983922814954627;0,051018473986320506;1,5181528746317619;0,026299469407929894;0,6174888901736876;-0,009327881502935176;0,09269205430065788;0,057287847185145964;0,003669148184585516;0,026874423659056283;0,02264234356915773
SC1 29.01.2018 07:00 Clear winter morning with shadows;FS4_SEV4_TIME;60;2018-01-29 08:30:00;True;134,0;-0,27319813428703554;-0,04171352776569415;0,0797730460097654;0,013880170527363293;0,11781413551591885;0,06578208971504287;1,1706699142419048;0,050235469115790826;0,5728189406930811;-0,04763386615512166;0,10686959625628144;0,06885052421906833;0,01779967829944105;0,0360584795097016;0,032683783057910296
SC1 29.01.2018 07:00 Clear winter morning with shadows;FS4_SEV4_TIME;75;2018-01-29 08:45:00;True;134,0;-0,41744871114722804;-0,027575412372119912;0,0964059411717395;0,01827882607247964;0,13519920884561284;0,08264611040682912;0,85694617706448;0,07090587486529544;0,5118688066445406;-0,0837414087320334;0,11821791824095854;0,07781892255820443;0,029427443373585983;0,04659871731725413;0,04186444785167922
SC1 29.01.2018 07:00 Clear winter morning with shadows;FS4_SEV4_TIME;90;2018-01-29 09:00:00;True;134,0;-0,5411954512559585;-0,046503556367878396;0,11232422010844943;0,023194398296427495;0,15229707251430508;0,09818240558551847;0,773054943894144;0,08628396489896985;0,46086854297783075;-0,10930988469316905;0,1292079206678045;0,08803537853277156;0,033862277950512075;0,05843574190660984;0,05256814245523801
SC1 29.01.2018 07:00 Clear winter morning with shadows;FS4_SEV4_TIME;105;2018-01-29 09:15:00;True;134,0;-0,9031407122673729;-0,0456109178443993;0,13555494015366343;0,03055192181855898;0,17479108048913417;0,1283623925505949;0,681508965235487;0,11732982589927911;0,4414327719826249;-0,16905755424308055;0,1369940683972253;0,09544778294821553;0,04416810485043026;0,07908425089111805;0,07356828043876744
SC1 29.01.2018 07:00 Clear winter morning with shadows;FS4_SEV4_TIME;120;2018-01-29 09:30:00;True;134,0;-1,3188731646094238;-0,04847903461864389;0,16502433451478893;0,04044803706203087;0,20111697358013042;0,15583016302594097;0,6931832541807341;0,1488604977928504;0,46864625977913943;-0,209561275219035;0,14525268358759846;0,10352495165564107;0,054760567590234184;0,10051259385080243;0,09467404925806532
SC1 29.01.2018 07:00 Clear winter morning with shadows;FS4_SEV4_TIME;135;2018-01-29 09:45:00;True;134,0;-1,4857319733251777;-0,03378860599544642;0,1713065998669643;0,04311311638761629;0,20763698222526808;0,170076219755739;0,5250066081116888;0,1586910367857617;0,4241493257500802;-0,2635371414019223;0,1480374396344035;0,108243036402339;0,058022607103758235;0,10665709461473344;0,10289164289915517
SC1 29.01.2018 07:00 Clear winter morning with shadows;FS4_SEV4_TIME;150;2018-01-29 10:00:00;True;134,0;-1,9240981556250816;-0,03151592461736308;0,18937561449838589;0,050551282864718515;0,2248361244656172;0,1925158022316146;0,523618592627008;0,18088289341788275;0,42503360171653803;-0,3745170786025527;0,15415058863707734;0,11454426070433543;0,07450603259195399;0,11232863873725314;0,1081674144353106
SC1 29.01.2018 07:00 Clear winter morning with shadows;FS4_SEV4_TIME;165;2018-01-29 10:15:00;True;134,0;-2,091256992845449;-0,03330962382421898;0,19891884572692295;0,05448080994476254;0,23341124639734595;0,20395427664002921;0,5258445369394829;0,19044577995429796;0,42373772040523694;-0,4280217616293207;0,1586432632712285;0,12056248359194952;0,07857766333708258;0,11827494561289499;0,11400185887005272
SC1 29.01.2018 07:00 Clear winter morning with shadows;FS4_SEV4_TIME;180;2018-01-29 10:30:00;True;134,0;-2,306633144887404;-0,037789820966506404;0,20891713757704616;0,05894427322474086;0,24278441717857607;0,21401768198167861;0,5207645689612093;0,20110832763570596;0,4265704030488885;-0,499362020713604;0,1634861829883105;0,12592908653761356;0,0862534335576612;0,1208931995287937;0,11693735454064696
SC1 29.01.2018 07:00 Clear winter morning with shadows;FS5_SEV4_GIS_TIME;0;2018-01-29 07:30:00;True;132,0;0,6223721427156854;0,7366571802335724;0,021548186425470604;0,0007922466492290601;0,028146876367175454;0,01792091799048516;3,708248029692816;-0,015484346492702483;0,9852238229685157;0,6223721427156854;0,028146876367175454;0,021548186425470604;-0,015484346492702483;0,0;0,0
SC1 29.01.2018 07:00 Clear winter morning with shadows;FS5_SEV4_GIS_TIME;15;2018-01-29 07:45:00;True;133,0;0,5397704843956124;0,5624835470029517;0,028634254674790964;0,0017615321738105652;0,04197061083437511;0,02204611367249546;2,0218406278199264;-0,009323863462664428;0,772565318602178;0,5750559342064507;0,040329602412694725;0,029051502044690394;-0,013573592622743812;0,009524592294196303;0,0054679692239689645
SC1 29.01.2018 07:00 Clear winter morning with shadows;FS5_SEV4_GIS_TIME;30;2018-01-29 08:00:00;True;134,0;0,5184409041249982;0,5184738390770718;0,03930648105656478;0,002982076611187372;0,05460839323022947;0,03008917787174707;1,9562793313632976;-0,0004516095539174074;0,6842115194959466;0,49671299706603955;0,05582676476589473;0,039608912851494524;-0,008643910600632262;0,01572642911222761;0,011468724222547973
SC1 29.01.2018 07:00 Clear winter morning with shadows;FS5_SEV4_GIS_TIME;45;2018-01-29 08:15:00;True;134,0;0,4704399835888654;0,4714613097571546;0,04943987625108101;0,004507834171715746;0,06714040640118099;0,03872116616018126;1,5478688066424098;0,002948550714600917;0,5911991503652094;0,46177994732215766;0,06768716264467008;0,049300277251030714;-0,008029745065950606;0,018616322598635028;0,015305229803241456
SC1 29.01.2018 07:00 Clear winter morning with shadows;FS5_SEV4_GIS_TIME;60;2018-01-29 08:30:00;True;134,0;0,415605835046459;0,4337848200648252;0,06053962361634043;0,006370957077543543;0,07981827533556174;0,05200427584162067;1,2604817889513056;0,014077781490234968;0,5149496742716821;0,42255988978772596;0,07934195144565771;0,05860734447403832;0,002421884713253652;0,022587023592122904;0,017896415902051464
SC1 29.01.2018 07:00 Clear winter morning with shadows;FS5_SEV4_GIS_TIME;75;2018-01-29 08:45:00;True;134,0;0,3915215538651986;0,4055174707094915;0,06698895831563605;0,007846683691820334;0,08858150874657947;0,053402106147503285;0,899597082631389;0,013434488944624958;0,4320454420294457;0,36745768590482086;0,09031611857316124;0,06549071447539537;-0,0035056908923252385;0,029953663347731977;0,025649082652334846
SC1 29.01.2018 07:00 Clear winter morning with shadows;FS5_SEV4_GIS_TIME;90;2018-01-29 09:00:00;True;134,0;0,3792006972402243;0,40932525436217604;0,07247984083928147;0,009342790545235883;0,09665811163702652;0,060823609847714566;0,662701843975745;0,021292322301337988;0,3644264960712857;0,362069608484789;0,09798268641355644;0,07229347497913476;0,0034140092528871877;0,034828531481357686;0,029926162584921093
SC1 29.01.2018 07:00 Clear winter morning with shadows;FS5_SEV4_GIS_TIME;105;2018-01-29 09:15:00;True;134,0;0,29252902024455785;0,38739870550552113;0,08253935426603452;0,011357330502712166;0,10657077696400719;0,07281749690088522;0,5219564091950039;0,03902541651708844;0,32475603734683;0,34801489427002164;0,10230636503892226;0,07673714851597116;0,01825265903884592;0,04084409075445916;0,03430556718289588
SC1 29.01.2018 07:00 Clear winter morning with shadows;FS5_SEV4_GIS_TIME;120;2018-01-29 09:30:00;True;134,0;0,2418138850199203;0,37642624366116884;0,09005740160394789;0,013225018317807324;0,11500007964261295;0,07692266771394649;0,49509781228229205;0,048456572831265185;0,3038030303655513;0,33522050327049346;0,10768346853893711;0,08149239715846868;0,0074500795975062485;0,05969606185361312;0,05408524747332167
SC1 29.01.2018 07:00 Clear winter morning with shadows;FS5_SEV4_GIS_TIME;135;2018-01-29 09:45:00;True;134,0;0,18828440531236357;0,37099709354947064;0,09564019260203577;0,014078585013571454;0,11865321324587655;0,0831921772322502;0,35068933635472227;0,05629397458034758;0,2766373163135851;0,32258411561842304;0,10839400096562245;0,08305712529172268;0,015619807018067974;0,06313171261557717;0,055549135760477146
SC1 29.01.2018 07:00 Clear winter morning with shadows;FS5_SEV4_GIS_TIME;150;2018-01-29 10:00:00;True;134,0;0,000989929275817647;0,33867248998319277;0,10679469638459921;0,017270706379240882;0,13141805956275904;0,09631844613915688;0,3428957382963432;0,07640546681946428;0,26780001534623826;0,22325690914033558;0,11588008809762151;0,09083575206710862;0,039382950271053124;0,06256091425152169;0,05335261581340499
SC1 29.01.2018 07:00 Clear winter morning with shadows;FS5_SEV4_GIS_TIME;165;2018-01-29 10:15:00;True;134,0;0,08075518567189577;0,330528831185371;0,10389962960390389;0,016200918311880336;0,12728282803222254;0,09032852331683192;0,32893745162934795;0,06634795296113553;0,251793796492721;0,2528463617695188;0,11475171359393037;0,09100300857763398;0,028800442061949177;0,06335693560003544;0,0547387622498365
SC1 29.01.2018 07:00 Clear winter morning with shadows;FS5_SEV4_GIS_TIME;180;2018-01-29 10:30:00;True;134,0;-0,07246926464942516;0,3063211120742958;0,11283584514665022;0,01911791196382786;0,13826753763565713;0,10655035420230291;0,3484058022996987;0,08217264564845793;0,2539194253151455;0,2049764356033984;0,11904682081856137;0,09646545857141485;0,04389705549243364;0,0639317529555561;0,05585240851740228
SC1 29.01.2018 07:00 Clear winter morning with shadows;FS6_SEV4_GIS_SENSOR_TIME;0;2018-01-29 07:30:00;True;132,0;0,8011360772159976;0,8020172647593546;0,010729115671373359;0,00041720777066389506;0,02042566450972636;0,005396588900825833;1,924395074527501;-0,001359666407989903;0,5827032993118845;0,8011360772159976;0,02042566450972636;0,010729115671373359;-0,001359666407989903;0,0;0,0
SC1 29.01.2018 07:00 Clear winter morning with shadows;FS6_SEV4_GIS_SENSOR_TIME;15;2018-01-29 07:45:00;True;133,0;0,5984640330755098;0,664636892081155;0,02114841886848829;0,001536882144011889;0,03920308844991539;0,010654966685668055;1,0393702904438251;0,015914683479297132;0,5372537477814691;0,6283405914846871;0,03771643376997796;0,02041489799772933;0,014295723629358718;0,004341241044599385;0,001994045381259201
SC1 29.01.2018 07:00 Clear winter morning with shadows;FS6_SEV4_GIS_SENSOR_TIME;30;2018-01-29 08:00:00;True;134,0;0,30502572381005955;0,5437476985112569;0,0435878511888984;0,004303659825254021;0,06560228521365716;0,024908363504413174;1,1114689354790839;0,0384486240288568;0,595782444172792;0,30244905315505344;0,06572378546248336;0,04202527882328969;0,03685824625259877;0,009588390137213888;0,004047982144489217
SC1 29.01.2018 07:00 Clear winter morning with shadows;FS6_SEV4_GIS_SENSOR_TIME;45;2018-01-29 08:15:00;True;134,0;-0,03179370979836471;0,4587100309070634;0,06919908804890032;0,008783055364926589;0,09371795647007349;0,05919503502180803;0,9246895312591819;0,06461711056786645;0,607262507138797;0,030356356392731154;0,09085157270336598;0,06648301655701255;0,061927141328471394;0,007668220765022983;0,004264126462278081
SC1 29.01.2018 07:00 Clear winter morning with shadows;FS6_SEV4_GIS_SENSOR_TIME;60;2018-01-29 08:30:00;True;134,0;-0,39378080356727385;0,42193714158540774;0,09791994055058345;0,015194740480916987;0,12326694804738611;0,09105949051523485;0,8628199303943163;0,09430167620999222;0,6002238960703298;-0,32737724766273946;0,1202947263957698;0,09367365771995904;0,0910615302933448;0,011594671087776327;0,006474593077410958
SC1 29.01.2018 07:00 Clear winter morning with shadows;FS6_SEV4_GIS_SENSOR_TIME;75;2018-01-29 08:45:00;True;134,0;-0,7764039893519887;0,38993544256627066;0,12672874531321182;0,02290776329363166;0,15135310797480064;0,12626382876817496;0,7557702851713572;0,12264022901768132;0,6031066853247224;-0,5437487094362667;0,1410940751975969;0,11447654335602106;0,11060293525460069;0,021668298395709953;0,01741355365670439
SC1 29.01.2018 07:00 Clear winter morning with shadows;FS6_SEV4_GIS_SENSOR_TIME;90;2018-01-29 09:00:00;True;134,0;-1,3538049525217946;0,356436745344634;0,16394169305087633;0,035423858496599646;0,18821226978228503;0,15863097820935787;0,7277585667833758;0,16043216397516422;0,6152469881336048;-0,9261364945664368;0,17025748977575192;0,14495546505506973;0,1407111409769729;0,02825556422649352;0,02546410044001888
SC1 29.01.2018 07:00 Clear winter morning with shadows;FS6_SEV4_GIS_SENSOR_TIME;105;2018-01-29 09:15:00;True;134,0;-1,9961124174884444;0,3398257172241036;0,19752082376941338;0,048097858318455554;0,2193122393266175;0,19935907089885582;0,7352064956855651;0,19364865523007552;0,6259383020373771;-1,4579873523651394;0,19864317084153338;0,17426222760347715;0,17101648290233665;0,03325481724087675;0,029916760827929004
SC1 29.01.2018 07:00 Clear winter morning with shadows;FS6_SEV4_GIS_SENSOR_TIME;120;2018-01-29 09:30:00;True;134,0;-2,3703142114031825;0,29412646469801085;0,22068629654041294;0,0587882926130143;0,24246297163281302;0,22194739234587985;0,714333919437827;0,21558237659576504;0,6129615738132945;-1,7489474569461114;0,2189744515127113;0,19470836133889105;0,1905437710264071;0,038258013244676294;0,0338066258505091
SC1 29.01.2018 07:00 Clear winter morning with shadows;FS6_SEV4_GIS_SENSOR_TIME;135;2018-01-29 09:45:00;True;134,0;-3,0452290149014143;0,2522550408257792;0,24379513086635704;0,07016139761066355;0,26487996830765353;0,24601311153638966;0,6952720428888873;0,23914918827509116;0,5989911487022236;-1,9175059485386372;0,22494867223725692;0,19949196837834135;0,19746605573031964;0,058072441774572194;0,05317893413715621
SC1 29.01.2018 07:00 Clear winter morning with shadows;FS6_SEV4_GIS_SENSOR_TIME;150;2018-01-29 10:00:00;True;134,0;-3,2797094783039062;0,2120829753290555;0,2509514729838661;0,07398684753464094;0,2720052343883127;0,2561148738328414;0,6568429227979752;0,24569387407830665;0,5723991127897706;-1,8022388234906388;0,22010134178023175;0,19374304393621586;0,19076253560406178;0,07567684187169589;0,0710405493928328
SC1 29.01.2018 07:00 Clear winter morning with shadows;FS6_SEV4_GIS_SENSOR_TIME;165;2018-01-29 10:15:00;True;134,0;-3,2128424279519363;0,17597144367143502;0,2509036831441439;0,07424781186931115;0,27248451675152324;0,259763852442751;0,6293114465272979;0,24438698858112964;0,547296889430876;-1,823173348194866;0,2230606659987106;0,19556658019782389;0,19105740565339152;0,07819559778419186;0,0729578697568313
SC1 29.01.2018 07:00 Clear winter morning with shadows;FS6_SEV4_GIS_SENSOR_TIME;180;2018-01-29 10:30:00;True;134,0;-3,267317922284467;0,14770477893417;0,25430205195769134;0,07606950711689374;0,27580701063768076;0,26427016831148475;0,6244748740302885;0,2467314998553471;0,5341556810947516;-1,7088319668453056;0,21974491507627195;0,1918062654356347;0,18554018050261492;0,08784478412303859;0,0827836401019625
SC1 29.01.2018 07:00 Clear winter morning with shadows;FS7_SEV12_TIME;0;2018-01-29 07:30:00;True;132,0;-0,14422547092065763;0,00859619416598556;0,019222381092002284;0,0024005347534965544;0,04899525235669834;0,012734825163176484;2,0757458034828815;0,017905673330050356;0,8743184246745669;-0,14422547092065763;0,04899525235669834;0,019222381092002284;0,017905673330050356;0,0;0,0
SC1 29.01.2018 07:00 Clear winter morning with shadows;FS7_SEV12_TIME;15;2018-01-29 07:45:00;True;133,0;-0,1607422313610456;0,0004865405629016495;0,028387979455030764;0,00444275022943282;0,0666539588429136;0,01311545345999975;0,7981563536691525;0,02484158653800888;0,5316419696105553;-0,024392124660179038;0,06261684357274187;0,025008504507788017;0,015627223274046916;0,013713662601870276;0,010256748562468622
SC1 29.01.2018 07:00 Clear winter morning with shadows;FS7_SEV12_TIME;30;2018-01-29 08:00:00;True;134,0;-0,2779443140325162;-0,006495901175444407;0,04837773136300584;0,007913728308571828;0,08895913842080434;0,02593620564376604;0,965371614563505;0,040999471301231535;0,5658035503885188;-0,010236405768283108;0,07909446824189413;0,042571867798333766;0,018289219248419097;0,027196698274980384;0,023269947896252818
SC1 29.01.2018 07:00 Clear winter morning with shadows;FS7_SEV12_TIME;45;2018-01-29 08:15:00;True;134,0;-0,46086208402924456;-0,013937592064938276;0,07137632060220155;0,01243546306078792;0,1115144074135173;0,04544251547993218;0,9688788032717535;0,06167987001398566;0,6220862409721803;0,01705347588164219;0,09147266198619836;0,05533624784143299;0,010895491548553808;0,055106908020568224;0,05118699716543084
SC1 29.01.2018 07:00 Clear winter morning with shadows;FS7_SEV12_TIME;60;2018-01-29 08:30:00;True;134,0;-0,6402449798458067;-0,00906126873824098;0,09414300985978265;0,017881647336579192;0,13372227688975083;0,07113228637033805;0,9184766570376409;0,08295208287909472;0,6020383774363225;0,023815539536372055;0,10316095385738616;0,06614299006435477;0,01491002916314331;0,07113188148583591;0,06821263131143442
SC1 29.01.2018 07:00 Clear winter morning with shadows;FS7_SEV12_TIME;75;2018-01-29 08:45:00;True;134,0;-0,8533566198942708;-0,009952789142379403;0,11630294604493152;0,02390011225020428;0,15459661138008257;0,09673550386493267;0,7930373676457098;0,10428894117254837;0,5741555066270868;0,020276611599910566;0,11240152705148347;0,07522804172005071;0,01581224635802115;0,09163582669738246;0,08847669481452722
SC1 29.01.2018 07:00 Clear winter morning with shadows;FS7_SEV12_TIME;90;2018-01-29 09:00:00;True;134,0;-1,265182053542015;-0,008960898187140964;0,14811820758140662;0,034090117980141506;0,18463509411848417;0,13181934933576134;0,7597909022686082;0,1374977993893189;0,574279404684763;-0,029581889232372482;0,12447815519571157;0,08612804895071798;0,028751805871201228;0,11145114034776162;0,10874599351811765
SC1 29.01.2018 07:00 Clear winter morning with shadows;FS7_SEV12_TIME;105;2018-01-29 09:15:00;True;134,0;-1,9606728712155896;-0,01230486157976629;0,18389752346336805;0,04752893231102256;0,21801131234645268;0,17531952766029257;0,7458556717146223;0,17685580207919735;0,580587809788482;-0,05671898448901036;0,1302457533255951;0,0943043361081904;0,04517517971978408;0,1340935912569134;0,13168062235941327
SC1 29.01.2018 07:00 Clear winter morning with shadows;FS7_SEV12_TIME;120;2018-01-29 09:30:00;True;134,0;-2,305087998619379;-0,014221700108757451;0,20779201482518314;0,057650553683451254;0,24010529707495262;0,20249932505993695;0,7475796114215777;0,19989875965724035;0,5743223465817496;-0,10277206013937534;0,13869254097286632;0,1012443176068237;0,04715733293013138;0,15544927516719936;0,152741426727109
SC1 29.01.2018 07:00 Clear winter morning with shadows;FS7_SEV12_TIME;135;2018-01-29 09:45:00;True;134,0;-3,0939290340062975;-0,01414390725576875;0,23433319595894206;0,07100606212569542;0,26646962702284743;0,2353007352000738;0,665367160111827;0,23112012707924745;0,5583171920389849;-0,21693301178844981;0,14528169401453508;0,11211974562565942;0,06411760891138918;0,16892614380828044;0,16700251816785824
SC1 29.01.2018 07:00 Clear winter morning with shadows;FS7_SEV12_TIME;150;2018-01-29 10:00:00;True;134,0;-3,8821508617884835;-0,00829843943801345;0,26100809730476904;0,08440174579219653;0,29051978554342306;0,26702333697193803;0,6856208617933851;0,2587865216073331;0,5740183436736691;-0,2887093301976753;0,1492614319229151;0,11622242644214416;0,07211626920647259;0,18841635726389178;0,18667025240086046
SC1 29.01.2018 07:00 Clear winter morning with shadows;FS7_SEV12_TIME;165;2018-01-29 10:15:00;True;134,0;-4,006774190696081;-0,015301143406357687;0,26788475368130005;0,08824019282478758;0,2970525085313834;0,279698684700384;0,6710397460738251;0,2652288866901776;0,560019575195314;-0,37226571896574034;0,15551537392350057;0,12084608082165227;0,07578003948411839;0,19205983352390205;0,18944884720605923
SC1 29.01.2018 07:00 Clear winter morning with shadows;FS7_SEV12_TIME;180;2018-01-29 10:30:00;True;134,0;-4,069999540097465;-0,014559157490921848;0,2719452448486033;0,09037816565858917;0,30062961540505145;0,2863864559749201;0,6499044369712925;0,2688727641594835;0,5481143587671067;-0,2734558485683669;0,15066755734555018;0,11747933433307692;0,06289111947975036;0,20975196927124337;0,20598164467973315
SC1 29.01.2018 07:00 Clear winter morning with shadows;FS8_SEV12_GIS_TIME;0;2018-01-29 07:30:00;True;132,0;0,77636073632029;0,7764896999723204;0,014345454208622458;0,00046918534707811094;0,021660686671435673;0,00938638675513178;2,9327764643008485;-0,0005201538949989807;0,7363520488834556;0,77636073632029;0,021660686671435673;0,014345454208622458;-0,0005201538949989807;0,0;0,0
SC1 29.01.2018 07:00 Clear winter morning with shadows;FS8_SEV12_GIS_TIME;15;2018-01-29 07:45:00;True;133,0;0,6727101006379579;0,6736025305412942;0,02296195090748855;0,0012527047230604929;0,03539356895059458;0,01394458520412445;1,472709177040562;0,001848183604293002;0,6120871709705726;0,7147389937874933;0,0330429840719913;0,02239843433582816;-0,002685219913763509;0,008545390773737364;0,005928097754940951
SC1 29.01.2018 07:00 Clear winter morning with shadows;FS8_SEV12_GIS_TIME;30;2018-01-29 08:00:00;True;134,0;0,5594249377521573;0,6039013244866949;0,03645753837931988;0,0027282811182591446;0,05223295050309856;0,02647158849179752;1,3338209020939245;0,01659584431238111;0,5784133519640248;0,6017260326814796;0,04966215524213181;0,03362649797668676;0,0038336104403033093;0,022249031178681204;0,01681643638954456
SC1 29.01.2018 07:00 Clear winter morning with shadows;FS8_SEV12_GIS_TIME;45;2018-01-29 08:15:00;True;134,0;0,5480773190673278;0,5772082880866464;0,04443909401677945;0,0038469530193912453;0,062023810100567386;0,030124011568057565;1,1970184870586889;0,015747217931879075;0,5115969490058786;0,5589051674536891;0,06127627509632591;0,04609933767988327;-0,011906651350429223;0,03653252590066499;0,03322515423920478
SC1 29.01.2018 07:00 Clear winter morning with shadows;FS8_SEV12_GIS_TIME;60;2018-01-29 08:30:00;True;134,0;0,41624940577585623;0,5194747334915961;0,06152142812669527;0,006363940988507679;0,07977431283632394;0,052238514396242414;0,9661108519487085;0,033546138776359063;0,4896911911168487;0,5376902242627337;0,07099306762673893;0,053461405598961786;-0,0035281620594674458;0,04775206359031949;0,044663082697053456
SC1 29.01.2018 07:00 Clear winter morning with shadows;FS8_SEV12_GIS_TIME;75;2018-01-29 08:45:00;True;134,0;0,34563998063307255;0,4721318686240952;0,0718580948321106;0,008438353281306212;0,09186050991207381;0,06212417939922321;0,7498247030849653;0,04038795009369298;0,44023515672133706;0,4976600820026662;0,08048580992840475;0,061300298519792316;-0,006598298211612483;0,057831909237807955;0,054787690809679414
SC1 29.01.2018 07:00 Clear winter morning with shadows;FS8_SEV12_GIS_TIME;90;2018-01-29 09:00:00;True;134,0;0,2460599308071929;0,47313047099292926;0,08483980052740515;0,01134650783081622;0,10651998794036836;0,07334467611752812;0,5856897193602949;0,05845788419555697;0,3939802558585473;0,49392692111553105;0,08727087164070114;0,06744205594932623;0,005449945374646541;0,06681189067486243;0,0634258059948099
SC1 29.01.2018 07:00 Clear winter morning with shadows;FS8_SEV12_GIS_TIME;105;2018-01-29 09:15:00;True;134,0;-0,0031123327247228882;0,4870000239826565;0,10464234994582652;0,01610338603293588;0,12689911754199035;0,09349879517952775;0,4830128913513122;0,08870163868690889;0,3774390788193982;0,49062648665107955;0,0904278065088969;0,0698184217568034;0,029345214777567352;0,07148282332257389;0,06712637884227851
SC1 29.01.2018 07:00 Clear winter morning with shadows;FS8_SEV12_GIS_TIME;120;2018-01-29 09:30:00;True;134,0;-0,2494818416084914;0,4503864395451719;0,125967183048827;0,021794675366053208;0,14763019801535596;0,11786890622961158;0,5119193602479406;0,11048883220108022;0,39098171609192284;0,4903941781690382;0,09428170291999943;0,07342438504933495;0,0268364802021164;0,09576976015316431;0,09147148942375041
SC1 29.01.2018 07:00 Clear winter morning with shadows;FS8_SEV12_GIS_TIME;135;2018-01-29 09:45:00;True;134,0;-0,5727033286666885;0,4377916773194397;0,14275316609260588;0,027277334153326484;0,16515851220365993;0,14345071704947476;0,4134377075375628;0,13238678781514815;0,3739584123229714;0,4499196261717946;0,09767662251275044;0,07710492945920451;0,043955111643935486;0,10226963929482435;0,09698401189516924
SC1 29.01.2018 07:00 Clear winter morning with shadows;FS8_SEV12_GIS_TIME;150;2018-01-29 10:00:00;True;134,0;-0,7346467333706121;0,41196861700400433;0,14973807800888272;0,029988260660912276;0,17317118888808344;0,15031587485566492;0,4015162977305125;0,14079232897932384;0,35680966655805607;0,3836207742793122;0,10322719199268361;0,08230050996382776;0,048267455493868745;0,1085667984274092;0,10264224061784126
SC1 29.01.2018 07:00 Clear winter morning with shadows;FS8_SEV12_GIS_TIME;165;2018-01-29 10:15:00;True;134,0;-0,6383672141272387;0,42655707621672556;0,14598144047760583;0,02887484703445321;0,16992600458568197;0,14593624292402516;0,3709576167812306;0,13699779854051314;0,3302754273193655;0,3521752934240656;0,10685207869340312;0,08499534388330597;0,05017213744242465;0,10398194839966517;0,09849584068802843
SC1 29.01.2018 07:00 Clear winter morning with shadows;FS8_SEV12_GIS_TIME;180;2018-01-29 10:30:00;True;134,0;-0,9023324789259055;0,4102814213008904;0,1619164623002498;0,033911111541200446;0,1841496987268794;0,16772168409435473;0,41161214366939186;0,15296648978892283;0,3511591821302843;0,28336194823212557;0,11302583743564548;0,09093199504873047;0,06185281220912792;0,10791479635229212;0,10288603159506916
SC1 29.01.2018 07:00 Clear winter morning with shadows;FS9_SEV12_GIS_SENSOR_TIME;0;2018-01-29 07:30:00;True;132,0;0,8115197679919008;0,8126476734571553;0,010714337159588331;0,0003954232437410141;0,01988525191545267;0,006185110909991272;1,5895681118147422;0,0015382769902762242;0,6255804239029717;0,8115197679919008;0,01988525191545267;0,010714337159588331;0,0015382769902762242;0,0;0,0
SC1 29.01.2018 07:00 Clear winter morning with shadows;FS9_SEV12_GIS_SENSOR_TIME;15;2018-01-29 07:45:00;True;133,0;0,5685303280809423;0,6779863854614712;0,02445638383446499;0,001651453640714005;0,04063808116427257;0,014986862776395875;1,1246311301906318;0,020468120096054893;0,642636255326105;0,6271558396491987;0,037776500943146336;0,022778840718107957;0,01860953898645224;0,004266840040257203;0,0024021770384974944
SC1 29.01.2018 07:00 Clear winter morning with shadows;FS9_SEV12_GIS_SENSOR_TIME;30;2018-01-29 08:00:00;True;134,0;0,27316238812706195;0,5623748264275152;0,045469836045166814;0,004500974981189407;0,06708930601213138;0,02783127699529421;1,0528151740213867;0,04231974932305821;0,6437895206175951;0,3428123324938278;0,06379392237324978;0,04289943979751356;0,03968278899076242;0,00559636333868076;0,0034812825884836824
SC1 29.01.2018 07:00 Clear winter morning with shadows;FS9_SEV12_GIS_SENSOR_TIME;45;2018-01-29 08:15:00;True;134,0;-0,06051287636941938;0,471309479267091;0,07079816501224694;0,009027524804537163;0,09501328751567942;0,06185140653100063;0,9088968674040385;0,06728366919340441;0,6377642754065731;0,09450543674017509;0,08779490146957679;0,06621470244477887;0,06159266919709812;0,011287497676315183;0,006072328273040145
SC1 29.01.2018 07:00 Clear winter morning with shadows;FS9_SEV12_GIS_SENSOR_TIME;60;2018-01-29 08:30:00;True;134,0;-0,4640010455114527;0,41464895834376003;0,1008936184630644;0,015960268568345194;0,12633395651346155;0,09375448126673841;0,8519943965767506;0,09787175178775659;0,633386126546392;-0,20602778502581498;0,11466425687962298;0,09085788691745676;0,08650127732901498;0,014961932292850992;0,011606679881797798
SC1 29.01.2018 07:00 Clear winter morning with shadows;FS9_SEV12_GIS_SENSOR_TIME;75;2018-01-29 08:45:00;True;134,0;-1,0110692100533396;0,3759146173280853;0,13609334343117296;0,025933907887596093;0,1610400816181987;0,13749863296588344;0,7992790059119829;0,1337384150722402;0,647378977524535;-0,5971033182044365;0,14351159112708248;0,11959729221212478;0,11598561761125051;0,021769013896366925;0,018414639652386974
SC1 29.01.2018 07:00 Clear winter morning with shadows;FS9_SEV12_GIS_SENSOR_TIME;90;2018-01-29 09:00:00;True;134,0;-1,52250254810982;0,35276077653633664;0,16984371737622403;0,0379626923742429;0,19484017135653237;0,16578001017436347;0,7440518434334542;0,16799402132160954;0,6285252785937427;-0,911673613868395;0,16961707472233464;0,1463653658425513;0,14237561385637001;0,031636305762975096;0,02631978377171639
SC1 29.01.2018 07:00 Clear winter morning with shadows;FS9_SEV12_GIS_SENSOR_TIME;105;2018-01-29 09:15:00;True;134,0;-2,3950209362537764;0,32990720494601866;0,2109199421398634;0,05450170528548075;0,233456002890225;0,2163118467319444;0,7705645889997434;0,20915167360520023;0,6480355882466905;-1,3934782933237853;0,19601917800542099;0,1727030508495354;0,17073410214462226;0,045795375454829715;0,039945054799318314
SC1 29.01.2018 07:00 Clear winter morning with shadows;FS9_SEV12_GIS_SENSOR_TIME;120;2018-01-29 09:30:00;True;134,0;-2,803251927015773;0,2959692520310042;0,23481022654242312;0,06634001257506689;0,25756555005486836;0,2377091140796014;0,7430821568312107;0,23250725740608677;0,6328056531600252;-1,3570147279457787;0,20276424546810956;0,1784999260371238;0,1743143415304414;0,06562643538085829;0,0595057293053355
SC1 29.01.2018 07:00 Clear winter morning with shadows;FS9_SEV12_GIS_SENSOR_TIME;135;2018-01-29 09:45:00;True;134,0;-3,7053435670541095;0,2853865838447798;0,26472940887528107;0,08161057870561794;0,28567565298012;0,2691406820675928;0,7549544839804713;0,26308963600689655;0,6422213266066376;-1,763795914448759;0,2189427376739867;0,193953574479224;0,1917215115258075;0,08010896413687912;0,07315587783979474
SC1 29.01.2018 07:00 Clear winter morning with shadows;FS9_SEV12_GIS_SENSOR_TIME;150;2018-01-29 10:00:00;True;134,0;-4,089282151590325;0,2719841021740087;0,2767861922451041;0,08798259426705514;0,29661860067611256;0,2797703548415527;0,7169190677561657;0,27458475266593424;0,6172343216884957;-1,6880073045818564;0,21556851974485566;0,1894835761740869;0,1856057818579993;0,10162188325756326;0,09353037614525433
SC1 29.01.2018 07:00 Clear winter morning with shadows;FS9_SEV12_GIS_SENSOR_TIME;165;2018-01-29 10:15:00;True;134,0;-4,341322034015452;0,27015234682686506;0,28710895152808646;0,0941363177705611;0,3068164235671896;0,29414108959700225;0,7016955266143882;0,2850848390553104;0,606774591579434;-1,7177986886341934;0,21885822073685426;0,19165922189566087;0,1875467778382135;0,10906206766322947;0,1018876193725802
SC1 29.01.2018 07:00 Clear winter morning with shadows;FS9_SEV12_GIS_SENSOR_TIME;180;2018-01-29 10:30:00;True;134,0;-4,640867976216661;0,26697516247754216;0,29812277501414863;0,10055450624418391;0,31710330531891956;0,30738988191088035;0,7034592172557271;0,2957829513842715;0,6084204016456342;-1,6929597939442362;0,21910018083049845;0,19141165030003382;0,1867350125518769;0,12211634868049971;0,11421625844268962
SC2 22.03.2018 14:30 Cloudy evening;FS1_TIME;0;2018-03-22 14:30:00;False;137,0;-0,7331343173203746;0,0;0,05453786319694829;0,0051725931602412565;0,0719207422114181;0,04496854849436524;1,5609574179543562;-0,04677672630561989;0,3248104581890651;-0,7331343173203746;0,0719207422114181;0,05453786319694829;-0,04677672630561989;0,0;0,0
SC2 22.03.2018 14:30 Cloudy evening;FS1_TIME;15;2018-03-22 14:45:00;False;137,0;-1,097649383460201;2,220446049250313e-16;0,052491786296956784;0,004361962501657509;0,06604515502031552;0,04290436009565993;1,697846311298917;-0,04777562018289313;0,35445559888883693;-1,097649383460201;0,06604515502031552;0,052491786296956784;-0,04777562018289313;0,0;0,0
SC2 22.03.2018 14:30 Cloudy evening;FS1_TIME;30;2018-03-22 15:00:00;False;136,0;-2,70219461330146;0,0;0,06125635638722208;0,004795366062059529;0,06924858166099526;0,05484924710853768;1,9008756937622555;-0,05916155389390337;0,4721507071629035;-2,70219461330146;0,06924858166099526;0,06125635638722208;-0,05916155389390337;0,0;0,0
SC2 22.03.2018 14:30 Cloudy evening;FS1_TIME;45;2018-03-22 15:15:00;False;136,0;-3,098231741389898;0,0;0,05180157474742655;0,0033342769163870016;0,05774319800969636;0,04667855172176438;2,640569887223788;-0,05020645135099184;0,4808684350487225;-3,098231741389898;0,05774319800969636;0,05180157474742655;-0,05020645135099184;0,0;0,0
SC2 22.03.2018 14:30 Cloudy evening;FS1_TIME;60;2018-03-22 15:30:00;False;135,0;-1,8113159292141567;1,1102230246251565e-16;0,03974929953804735;0,002198933225077787;0,04689278436047263;0,038738581524612695;1,0751389847174118;-0,037639885810084296;0,43730006097834534;-1,8113159292141567;0,04689278436047263;0,03974929953804735;-0,037639885810084296;0,0;0,0
SC2 22.03.2018 14:30 Cloudy evening;FS1_TIME;75;2018-03-22 15:45:00;False;135,0;-2,0637794838713504;0,0;0,031257728346867;0,0012662313359476623;0,03558414444591386;0,02907876985737891;0,9386967553545987;-0,029205148716217516;0,4365643762284149;-2,0637794838713504;0,03558414444591386;0,031257728346867;-0,029205148716217516;0,0;0,0
SC2 22.03.2018 14:30 Cloudy evening;FS1_TIME;90;2018-03-22 16:00:00;False;135,0;-1,556325891474867;1,1102230246251565e-16;0,025574843028471145;0,0008843237817096078;0,029737581974827874;0,02260731610140794;1,1851582292926621;-0,023203196296456063;0,4242911666707878;-1,556325891474867;0,029737581974827874;0,025574843028471145;-0,023203196296456063;0,0;0,0
SC2 22.03.2018 14:30 Cloudy evening;FS1_TIME;105;2018-03-22 16:15:00;False;134,0;-2,7736075679998753;0,0;0,02554206922590867;0,0007902688987835188;0,02811172173282026;0,024821761400089692;0,727204427744924;-0,024100807004784737;0,5434597884889736;-2,7736075679998753;0,02811172173282026;0,02554206922590867;-0,024100807004784737;0,0;0,0
SC2 22.03.2018 14:30 Cloudy evening;FS1_TIME;120;2018-03-22 16:30:00;False;135,0;-7,147429789007974;0,0;0,03065044631839334;0,0010152448622794614;0,031862907310530555;0,031448563841367;1,8846434562558056;-0,0298435192856239;0,7927346181875841;-7,147429789007974;0,031862907310530555;0,03065044631839334;-0,0298435192856239;0,0;0,0
SC2 22.03.2018 14:30 Cloudy evening;FS1_TIME;135;2018-03-22 16:45:00;False;134,0;-2,618293383581382;0,0;0,015771060768313663;0,00030782125272895425;0,01754483550019647;0,017115021168137193;0,8888435021277263;-0,014924732839009166;0,6059628913155479;-2,618293383581382;0,01754483550019647;0,015771060768313663;-0,014924732839009166;0,0;0,0
SC2 22.03.2018 14:30 Cloudy evening;FS1_TIME;150;2018-03-22 17:00:00;False;134,0;-1,3284722934752713;1,1102230246251565e-16;0,012913738347800543;0,00021013640588885246;0,014496082432466107;0,01285440872879902;1,003328355578404;-0,010949426263420336;0,5962130271340365;-1,3284722934752713;0,014496082432466107;0,012913738347800543;-0,010949426263420336;0,0;0,0
SC2 22.03.2018 14:30 Cloudy evening;FS1_TIME;165;2018-03-22 17:15:00;False;134,0;-0,13963688338218794;-2,220446049250313e-16;0,006497026651390363;6,234897036228501e-05;0,007896136419938868;0,00563804468816925;1,1370969955068153;0,0027639581838741047;0,4096258178788345;-0,13963688338218794;0,007896136419938868;0,006497026651390363;0,0027639581838741047;0,0;0,0
SC2 22.03.2018 14:30 Cloudy evening;FS1_TIME;180;2018-03-22 17:30:00;False;111,0;-3,1746009460722178;0,0;0,004667975119743629;2,865384392822415e-05;0,005352928537559991;0,003965946761044498;1,6665477266186928;0,004667975119743629;0,9879158288219406;-3,1746009460722178;0,005352928537559991;0,004667975119743629;0,004667975119743629;0,0;0,0
SC2 22.03.2018 14:30 Cloudy evening;FS2_GIS_TIME;0;2018-03-22 14:30:00;False;137,0;-3,908714611157838;0,13317900436042607;0,11085765910856132;0,014650211105685351;0,12103805643550854;0,10762438885599593;2,1438774961290443;-0,10983240387618566;0,5652936342635532;-3,908714611157838;0,12103805643550854;0,11085765910856132;-0,10983240387618566;0,0;0,0
SC2 22.03.2018 14:30 Cloudy evening;FS2_GIS_TIME;15;2018-03-22 14:45:00;False;137,0;-3,360081047363545;0,14588124191520258;0,08705050238128478;0,009066581947749145;0,09521860084956692;0,0765501569665614;2,2243916276423334;-0,08538432209919927;0,5323038303178779;-3,360081047363545;0,09521860084956692;0,08705050238128478;-0,08538432209919927;0,0;0,0
SC2 22.03.2018 14:30 Cloudy evening;FS2_GIS_TIME;30;2018-03-22 15:00:00;False;136,0;-3,6956217583116784;0,2340487164428643;0,07156778645251431;0,006082128999695187;0,07798800548606938;0,06609497130190106;2,1031353278424696;-0,07134430757340345;0,535438819769401;-3,6956217583116784;0,07798800548606938;0,07156778645251431;-0,07134430757340345;0,0;0,0
SC2 22.03.2018 14:30 Cloudy evening;FS2_GIS_TIME;45;2018-03-22 15:15:00;False;136,0;-7,885568379910993;0,35854674205193937;0,08206616042776839;0,007229202106581611;0,08502471468097739;0,07983369206670506;2,4520129749720483;-0,08189824595086306;0,6830334887453788;-7,885568379910993;0,08502471468097739;0,08206616042776839;-0,08189824595086306;0,0;0,0
SC2 22.03.2018 14:30 Cloudy evening;FS2_GIS_TIME;60;2018-03-22 15:30:00;False;135,0;-3,5617940911602446;0,16887905401935965;0,05468606463593643;0,0035681086173120933;0,059733647279503144;0,05721886658026673;1,2723505749855424;-0,054018782852270464;0,5563552130720876;-3,5617940911602446;0,059733647279503144;0,05468606463593643;-0,054018782852270464;0,0;0,0
SC2 22.03.2018 14:30 Cloudy evening;FS2_GIS_TIME;75;2018-03-22 15:45:00;False;135,0;-6,161422913343753;0,17693191556357024;0,051181858358009674;0,0029597489475290937;0,05440357476792397;0,05132480323392348;1,2854943538175718;-0,051181858358009674;0,6307449332116941;-6,161422913343753;0,05440357476792397;0,051181858358009674;-0,051181858358009674;0,0;0,0
SC2 22.03.2018 14:30 Cloudy evening;FS2_GIS_TIME;90;2018-03-22 16:00:00;False;135,0;-6,043491839518773;-0,2517802352435341;0,04673278087486617;0,0024365936130194854;0,04936186395406362;0,045500474831534306;1,676320410779409;-0,04476112640834113;0,657818691024045;-6,043491839518773;0,04936186395406362;0,04673278087486617;-0,04476112640834113;0,0;0,0
SC2 22.03.2018 14:30 Cloudy evening;FS2_GIS_TIME;105;2018-03-22 16:15:00;False;134,0;-6,220712069854977;-0,20374714564543184;0,03689573496834362;0,0015121615252912126;0,0388865211261076;0,03746933002410138;0,9642260453607902;-0,035497504101644956;0,6999499667239851;-6,220712069854977;0,0388865211261076;0,03689573496834362;-0,035497504101644956;0,0;0,0
SC2 22.03.2018 14:30 Cloudy evening;FS2_GIS_TIME;120;2018-03-22 16:30:00;False;135,0;-5,773506464311176;-0,29650113074937945;0,02763778341491961;0,0008440413499219553;0,029052389745457347;0,028697160255605286;1,6588654905146347;-0,026124420695585453;0,7442709526680278;-5,773506464311176;0,029052389745457347;0,02763778341491961;-0,026124420695585453;0,0;0,0
SC2 22.03.2018 14:30 Cloudy evening;FS2_GIS_TIME;135;2018-03-22 16:45:00;False;134,0;-3,0574206053860324;-0,03581325161214388;0,01682592607680078;0,00034517938740555673;0,018579003940081308;0,018036774377284542;0,875687861576473;-0,016033060302500804;0,629020338685238;-3,0574206053860324;0,018579003940081308;0,01682592607680078;-0,016033060302500804;0,0;0,0
SC2 22.03.2018 14:30 Cloudy evening;FS2_GIS_TIME;150;2018-03-22 17:00:00;False;134,0;-0,3572751893461297;0,05461782169699003;0,009429390576248864;0,00012248929518745693;0,01106748820588741;0,009149836207866921;0,7121985277270085;-0,006096875464143043;0,4721882598983411;-0,3572751893461297;0,01106748820588741;0,009429390576248864;-0,006096875464143043;0,0;0,0
SC2 22.03.2018 14:30 Cloudy evening;FS2_GIS_TIME;165;2018-03-22 17:15:00;False;134,0;-0,022889701612287094;-0,0013296327610836656;0,00591587430046863;5,5961789776790795e-05;0,007480761309973123;0,004979729729729701;1,1757400953005088;-0,0010860666212660348;0,4030220253786441;-0,022889701612287094;0,007480761309973123;0,00591587430046863;-0,0010860666212660348;0,0;0,0
SC2 22.03.2018 14:30 Cloudy evening;FS2_GIS_TIME;180;2018-03-22 17:30:00;False;111,0;-18,95037529196647;-0,5966651061872741;0,011223954482020189;0,00013693642753168133;0,01170198391434894;0,011226497558176205;7,8434655904123645;-0,011223954482020189;1,2274596368975776;-18,95037529196647;0,01170198391434894;0,011223954482020189;-0,011223954482020189;0,0;0,0
SC2 22.03.2018 14:30 Cloudy evening;FS3_GIS_SENSOR_TIME;0;2018-03-22 14:30:00;False;137,0;-0,20636920100475287;-0,18208787040246976;0,039585492468740956;0,003600446321720028;0,06000371923239449;0,02485257324264814;1,0859780282328706;-0,008512836471287522;0,22981988815088053;-0,20636920100475287;0,06000371923239449;0,039585492468740956;-0,008512836471287522;0,0;0,0
SC2 22.03.2018 14:30 Cloudy evening;FS3_GIS_SENSOR_TIME;15;2018-03-22 14:45:00;False;137,0;-0,9707790248975756;-0,37288176848708665;0,04404865802913059;0,004098141602423558;0,06401672908251059;0,03091281481660335;1,4409454364916203;-0,03526044547388334;0,2903963144452533;-0,9707790248975756;0,06401672908251059;0,04404865802913059;-0,03526044547388334;0,0;0,0
SC2 22.03.2018 14:30 Cloudy evening;FS3_GIS_SENSOR_TIME;30;2018-03-22 15:00:00;False;136,0;-3,0608082685060367;-0,8142855341099209;0,058126086489984186;0,005259869939133027;0,07252496080063076;0,04877620586268069;1,4820820887602906;-0,05394319545398959;0,43235226215023265;-3,0608082685060367;0,07252496080063076;0,058126086489984186;-0,05394319545398959;0,0;0,0
SC2 22.03.2018 14:30 Cloudy evening;FS3_GIS_SENSOR_TIME;45;2018-03-22 15:15:00;False;136,0;-7,923149095192153;-1,4710277855533045;0,07467340285662181;0,00725977736912662;0,08520432717372176;0,07071744793598597;2,8190348256892994;-0,07245257725504069;0,6077201155845281;-7,923149095192153;0,08520432717372176;0,07467340285662181;-0,07245257725504069;0,0;0,0
SC2 22.03.2018 14:30 Cloudy evening;FS3_GIS_SENSOR_TIME;60;2018-03-22 15:30:00;False;135,0;-10,392406089089334;-1,9040490804806915;0,0825377338490864;0,008910823576445048;0,09439715873078515;0,08120410928130149;1,7003108704504788;-0,08148224994717973;0,6957996496446881;-10,392406089089334;0,09439715873078515;0,0825377338490864;-0,08148224994717973;0,0;0,0
SC2 22.03.2018 14:30 Cloudy evening;FS3_GIS_SENSOR_TIME;75;2018-03-22 15:45:00;False;135,0;-28,691780836368814;-3,2404577718799894;0,10297879476873081;0,012271334641745771;0,11077605626553859;0,10113756655062;2,2423659968853915;-0,10256116809697431;0,9212332549393456;-28,691780836368814;0,11077605626553859;0,10297879476873081;-0,10256116809697431;0,0;0,0
SC2 22.03.2018 14:30 Cloudy evening;FS3_GIS_SENSOR_TIME;90;2018-03-22 16:00:00;False;135,0;-34,75842659471535;-3,281837487628054;0,1046413373880363;0,012370107872271257;0,11122098665391913;0,09931402683109786;3,1864730913691472;-0,10434974095344829;1,0080098225881031;-34,75842659471535;0,11122098665391913;0,1046413373880363;-0,10434974095344829;0,0;0,0
SC2 22.03.2018 14:30 Cloudy evening;FS3_GIS_SENSOR_TIME;105;2018-03-22 16:15:00;False;134,0;-62,961002930735226;-7,388703996085161;0,10991810916642214;0,013394713265839839;0,1157355315615729;0,1092796112431052;2,74244537704834;-0,10787933477164009;1,151229406012242;-62,961002930735226;0,1157355315615729;0,10991810916642214;-0,10787933477164009;0,0;0,0
SC2 22.03.2018 14:30 Cloudy evening;FS3_GIS_SENSOR_TIME;120;2018-03-22 16:30:00;False;135,0;-109,46726641499717;-11,331163899455664;0,11255930490858077;0,013765239785090292;0,11732535866167336;0,11144806610213388;5,568317985288988;-0,1105832857311867;1,2784935864663087;-109,46726641499717;0,11732535866167336;0,11255930490858077;-0,1105832857311867;0,0;0,0
SC2 22.03.2018 14:30 Cloudy evening;FS3_GIS_SENSOR_TIME;135;2018-03-22 16:45:00;False;134,0;-141,3075527736581;-16,022778394309714;0,10523852393716371;0,012106616165055355;0,11003006936767493;0,1045772764616543;4,920794001544888;-0,10323965848437602;1,3174347714492602;-141,3075527736581;0,11003006936767493;0,10523852393716371;-0,10323965848437602;0,0;0,0
SC2 22.03.2018 14:30 Cloudy evening;FS3_GIS_SENSOR_TIME;150;2018-03-22 17:00:00;False;134,0;-124,5558616741596;-12,961063091277373;0,10134037970514348;0,011330973352965092;0,10644704482964801;0,0998610109562641;6,027655744729612;-0,10035455488454129;1,3290840177694403;-124,5558616741596;0,10644704482964801;0,10134037970514348;-0,10035455488454129;0,0;0,0
SC2 22.03.2018 14:30 Cloudy evening;FS3_GIS_SENSOR_TIME;165;2018-03-22 17:15:00;False;134,0;-194,55067227042113;-21,13653089567737;0,09805333153145476;0,010698480584034034;0,10343345969285778;0,09395756541538353;9,749153400357711;-0,09740329524611345;1,3921235010620485;-194,55067227042113;0,10343345969285778;0,09805333153145476;-0,09740329524611345;0,0;0,0
SC2 22.03.2018 14:30 Cloudy evening;FS3_GIS_SENSOR_TIME;180;2018-03-22 17:30:00;False;111,0;-2138,898924160365;-123,62116376436063;0,11761194118290134;0,014687949959086972;0,12119385281063959;0,11686856942123114;66,75753498438225;-0,11761194118290134;1,5390701840325103;-2138,898924160365;0,12119385281063959;0,11761194118290134;-0,11761194118290134;0,0;0,0
SC2 22.03.2018 14:30 Cloudy evening;FS4_SEV4_TIME;0;2018-03-22 14:30:00;True;137,0;-0,03179258873328439;0,0010854842234118145;0,04062951246904716;0,0030794170041714315;0,05549249502564677;0,03106833909497117;1,123223844991657;0,009905838134923744;0,23622386476787366;-0,03179258873328439;0,05549249502564677;0,04062951246904716;0,009905838134923744;0,0;0,0
SC2 22.03.2018 14:30 Cloudy evening;FS4_SEV4_TIME;15;2018-03-22 14:45:00;True;137,0;-0,023469549984484805;0,0003111782792603046;0,032553768946846424;0,002128256434951209;0,04613302976123733;0,02457985027838247;1,146845429050796;0,007032133221233418;0,22605105069094258;-0,049028862205399815;0,0467055223036644;0,033256294817274164;0,0087007145660189;0,004544261781820812;0,0032609435763672322
SC2 22.03.2018 14:30 Cloudy evening;FS4_SEV4_TIME;30;2018-03-22 15:00:00;True;136,0;-0,03163453293715901;-0,030556910271906546;0,025534037440729154;0,0013362520732760463;0,03655478181135877;0,018632859512408464;1,1021025249421723;0,0011814480204715967;0,22032058223361936;-0,003800304844355562;0,03605827296012867;0,02466584328499654;-0,0038306225205245624;0,006241440760325368;0,005303017137681737
SC2 22.03.2018 14:30 Cloudy evening;FS4_SEV4_TIME;45;2018-03-22 15:15:00;True;136,0;0,00536149608205605;0,008597537639112307;0,019681749963506436;0,000809227104038426;0,028446917302906934;0,014361654206483117;1,5917263728931277;-0,0016225930880251795;0,20814847247620477;-0,1648526050768202;0,030784922469805215;0,0214900510700287;-0,01278597001715405;0,012112696563171947;0,011301585199201809
SC2 22.03.2018 14:30 Cloudy evening;FS4_SEV4_TIME;60;2018-03-22 15:30:00;True;135,0;-0,08130614040074202;-0,08054620975068616;0,022216450734165755;0,0008457676257226837;0,029082084274045485;0,01825117276794637;0,6444316458550657;-0,0007709712345958181;0,2540519839784098;-0,17637928543653159;0,03033366444661039;0,02314380246204501;-0,012009207904736684;0,012971823616930757;0,01131073534488678
SC2 22.03.2018 14:30 Cloudy evening;FS4_SEV4_TIME;75;2018-03-22 15:45:00;True;135,0;-0,140479190834361;-0,08406220376186946;0,015870563460411637;0,00047134935690800546;0,021710581680553967;0,012166678600025155;0,5578703539047182;-0,0048287277635618645;0,23649148087091185;-0,5217947028777365;0,025078745642039584;0,019524789168154238;-0,013583842217372097;0,009915798125564862;0,008765530034347817
SC2 22.03.2018 14:30 Cloudy evening;FS4_SEV4_TIME;90;2018-03-22 16:00:00;True;135,0;-0,15083570322196937;-0,0394287541602103;0,014575632554258802;0,0003981148822197006;0,01995281639818551;0,010025296995875878;0,8238318906326906;-0,006208028233080376;0,26043929413567574;-0,6989116931892405;0,024242809320565894;0,019632321122471565;-0,01562802631813767;0,01016673288553967;0,009419998085057293
SC2 22.03.2018 14:30 Cloudy evening;FS4_SEV4_TIME;105;2018-03-22 16:15:00;True;134,0;-1,9142153818345582;-0,06258973024458525;0,02183954230163542;0,0006102949867256742;0,024704149180363896;0,020827856928803356;0,6252201671951607;-0,019691811620184112;0,48222779960573825;-3,5100305341954465;0,030732565736261153;0,028408119445969313;-0,027388353786246367;0,008081404058466609;0,007696542166062256
SC2 22.03.2018 14:30 Cloudy evening;FS4_SEV4_TIME;120;2018-03-22 16:30:00;True;135,0;-4,3027558569882665;-0,06421081093283076;0,024389259851116656;0,0006607722655054832;0,025705490960210877;0,024901530054593324;1,5692593325770232;-0,022981770766856712;0,687284572728733;-5,3926933280791225;0,02822389984496359;0,02696918078321533;-0,026020611921696968;0,004100034583063828;0,003674762006159182
SC2 22.03.2018 14:30 Cloudy evening;FS4_SEV4_TIME;135;2018-03-22 16:45:00;True;134,0;-7,0363539957015675;-0,0664659212586296;0,024833747104942353;0,0006836815846816901;0,026147305495627843;0,026090534494709383;1,3245367054625647;-0,024350636273193227;0,8011086767894663;-5,689784506162421;0,023856321328045334;0,022331543116447198;-0,022015515446678426;0,0038858347787773225;0,002705382655805616
SC2 22.03.2018 14:30 Cloudy evening;FS4_SEV4_TIME;150;2018-03-22 17:00:00;True;134,0;-3,411932632917626;-0,3603880257878276;0,017844852187507823;0,0003981613477226878;0,019953980748780124;0,019398164035099176;1,3587882230609782;-0,01659491277571123;0,7196273237646497;-0,08947780306692121;0,009915721168724129;0,008500202970440102;-0,00566913162712809;0,012816924735741413;0,011086355616797262
SC2 22.03.2018 14:30 Cloudy evening;FS4_SEV4_TIME;165;2018-03-22 17:15:00;True;134,0;-2,9292841713842233;-0,32519890253376116;0,012354565196535574;0,00021496919406430962;0,01466182778729547;0,011173968160025527;2,631823852712602;-0,01193600508507492;0,6535035316529901;-0,5484624877769595;0,009204108703327605;0,007666543936876966;0,00403212617778972;0,016337627298948627;0,01596813126286464
SC2 22.03.2018 14:30 Cloudy evening;FS4_SEV4_TIME;180;2018-03-22 17:30:00;True;111,0;-76,73715352313192;-0,40812322875539087;0,02288910621340818;0,0005335763329838733;0,02309927126521253;0,022737221607455588;14,401112424676205;-0,02288910621340818;1,4095099910128248;-1,9701657307440028;0,0045151720470076075;0,003925149011453446;-0,00361265264535343;0,019482630484013205;0,019276453568054748
SC2 22.03.2018 14:30 Cloudy evening;FS5_SEV4_GIS_TIME;0;2018-03-22 14:30:00;True;137,0;-0,3999430845600169;0,1149673303195643;0,054364351930621495;0,00417817358502146;0,06463879318970506;0,047693026068225924;0,9738088259894744;0,03920160856595633;0,2953546136788752;-0,3999430845600169;0,06463879318970506;0,054364351930621495;0,03920160856595633;0,0;0,0
SC2 22.03.2018 14:30 Cloudy evening;FS5_SEV4_GIS_TIME;15;2018-03-22 14:45:00;True;137,0;0,03246450426920289;0,2613802857471781;0,03541032228164158;0,002011944219409354;0,044854701196299966;0,033021651781522304;1,087938906280767;0,02181787159760373;0,2360904847545016;-0,025152065074090846;0,04617093398837383;0,037407062518787594;0,025151798165561078;0,010353442759603723;0,00706077553331852
SC2 22.03.2018 14:30 Cloudy evening;FS5_SEV4_GIS_TIME;30;2018-03-22 15:00:00;True;136,0;-0,27576182818514283;0,2548148450707829;0,03482219589451339;0,0016524644469444866;0,04065051594930237;0,03393172933737437;1,0159301968739807;0,026215330456101943;0,27621922885258593;0,020510182566979673;0,03561895904315151;0,02888862712367366;0,017278010003261058;0,012620025113057811;0,00979498987469603
SC2 22.03.2018 14:30 Cloudy evening;FS5_SEV4_GIS_TIME;45;2018-03-22 15:15:00;True;136,0;0,03412439754775054;0,3791497463486896;0,023069119960681318;0,0007858259192208847;0,028032586737953467;0,02080285997037045;1,1133516187253938;0,016754369084171012;0,22700435392031593;0,18146971716411475;0,025805955989515978;0,021209794724851884;-0,012387636147936979;0,03241878266968062;0,029193107011344505
SC2 22.03.2018 14:30 Cloudy evening;FS5_SEV4_GIS_TIME;60;2018-03-22 15:30:00;True;135,0;-0,8206215122679992;0,1634038440330653;0,031137355223514834;0,0014240395723637298;0,03773644885735447;0,025367308097916652;0,5245042536064219;0,02774305856850364;0,30551438980652246;0,4117271827363931;0,02145065631160644;0,016813863559266493;0,0035708691782858214;0,02819131207422908;0,024458285062401382
SC2 22.03.2018 14:30 Cloudy evening;FS5_SEV4_GIS_TIME;75;2018-03-22 15:45:00;True;135,0;-0,4565326303422652;0,18821130608770842;0,01992180468031259;0,0006019712802695601;0,02453510302137654;0,017287470009309996;0,45480209292151963;0,016323805440905344;0,26315180107620295;-0,207631898745245;0,022340611931892174;0,017038631892314894;0,002036759290980394;0,018535652585058907;0,014368005593617757
SC2 22.03.2018 14:30 Cloudy evening;FS5_SEV4_GIS_TIME;90;2018-03-22 16:00:00;True;135,0;-0,9008122554259506;0,18999606010557502;0,0211684687895415;0,0006575583682988221;0,025642900933763757;0,020034367653631306;0,5766609190577152;0,019425480175430748;0,3180863667917285;-0,13026877299180484;0,019773721240097773;0,015204783201984488;0,005949201570146237;0,016221979247196663;0,013872993875432898
SC2 22.03.2018 14:30 Cloudy evening;FS5_SEV4_GIS_TIME;105;2018-03-22 16:15:00;True;134,0;-0,48828918639642294;0,1317593319418403;0,013924268600735631;0,00031167752216172126;0,017654391016450305;0,010995875030062763;0,3342526933045637;0,011395199033866805;0,28437949990700834;-0,5740775779594953;0,018156082373846364;0,01283140964950267;6,777810261294539e-05;0,014038723245746836;0,012598897872576073
SC2 22.03.2018 14:30 Cloudy evening;FS5_SEV4_GIS_TIME;120;2018-03-22 16:30:00;True;135,0;-0,12434174905206086;0,13599701888310112;0,008141942405880684;0,00014010334715758185;0,011836525975030928;0,00517966164682139;0,4303423754399771;0,005695665942547279;0,24420330678442329;-0,8914580154837963;0,015352299695636711;0,010742312082101054;-0,004026535749186188;0,013094862170640252;0,011706945851997093
SC2 22.03.2018 14:30 Cloudy evening;FS5_SEV4_GIS_TIME;135;2018-03-22 16:45:00;True;134,0;-0,43352602393264417;-0,3960168292462638;0,008837953379650258;0,00012195522300895765;0,011043333872022418;0,007779787032818061;0,4465921651049145;-0,0017863488784632129;0,3550054038651407;-0,6634020325882701;0,011895864961138786;0,007780244679372621;0,0026446230500336465;0,008768610646694815;0,00644875440134931
SC2 22.03.2018 14:30 Cloudy evening;FS5_SEV4_GIS_TIME;150;2018-03-22 17:00:00;True;134,0;-0,7306911799512605;-0,5573640723543607;0,01050605022696369;0,0001561887703270442;0,012497550573094082;0,009778211560381757;0,6724574159965941;-0,003955017026974978;0,48037676827330317;-1,553592104614995;0,015180667780412363;0,012029524351448643;0,011549109535136434;0,01683906882913715;0,01553779629184239
SC2 22.03.2018 14:30 Cloudy evening;FS5_SEV4_GIS_TIME;165;2018-03-22 17:15:00;True;134,0;-1,4849388263913852;-0,7639238202084226;0,008946105327229106;0,00013594977443952155;0,011659750187697914;0,006953474083619338;1,9369563950415671;-0,006280634877210073;0,5225835329440841;-4,6936832264087895;0,01764932276051409;0,015555266378455451;0,015404513364594532;0,022443836980510615;0,021685148241804605
SC2 22.03.2018 14:30 Cloudy evening;FS5_SEV4_GIS_TIME;180;2018-03-22 17:30:00;True;111,0;-40,80673154118232;-4,246273417910999;0,01584126198496438;0,0002869552266683842;0,01693975285145519;0,01566744370375435;9,167975696002678;-0,01584126198496438;1,324607638830036;-4,66784823163264;0,0062372488012596245;0,005022576813347667;0,003246189684582555;0,019870816136847817;0,019087451669546934
SC2 22.03.2018 14:30 Cloudy evening;FS6_SEV4_GIS_SENSOR_TIME;0;2018-03-22 14:30:00;True;137,0;-0,17226475579047684;-0,15940462267363786;0,04026519187184807;0,0034986605464998283;0,059149476299455335;0,027019805938219843;1,1514682436504564;0,006195277751567018;0,22954178026548636;-0,17226475579047684;0,059149476299455335;0,04026519187184807;0,006195277751567018;0,0;0,0
SC2 22.03.2018 14:30 Cloudy evening;FS6_SEV4_GIS_SENSOR_TIME;15;2018-03-22 14:45:00;True;137,0;-0,3542236398735561;-0,16021225159457275;0,03266232014318749;0,0028160438930182495;0,05306641021416702;0,020344188590844525;1,4376433736204226;-0,0200857533898843;0,22608541805550741;-0,3890338400159301;0,05374411646711073;0,033156713128256514;-0,019584906331228075;0,00547126423117875;0,004192637650119345
SC2 22.03.2018 14:30 Cloudy evening;FS6_SEV4_GIS_SENSOR_TIME;30;2018-03-22 15:00:00;True;136,0;-1,5514550705040557;-0,5267340920071608;0,04513145645410599;0,0033048400562211548;0,05748773831193183;0,03471409410745696;1,4273446596750858;-0,036432088987135645;0,3602287050442878;-1,9442212218344608;0,06175419712422545;0,04849185301409034;-0,041762363772620985;0,00810866182504907;0,005847534685231307
SC2 22.03.2018 14:30 Cloudy evening;FS6_SEV4_GIS_SENSOR_TIME;45;2018-03-22 15:15:00;True;136,0;-4,2436978326013515;-0,8808080915994843;0,05784084764788697;0,004266215710344782;0,06531627446773723;0,052240771901154635;1,905858918358209;-0,05230688899772357;0,515305867353321;-5,635386350069266;0,07347433838449237;0,0657237254604023;-0,0621910958600494;0,011385400747056313;0,009948171521126129
SC2 22.03.2018 14:30 Cloudy evening;FS6_SEV4_GIS_SENSOR_TIME;60;2018-03-22 15:30:00;True;135,0;-4,901619709659321;-0,888471321825518;0,05908032292294704;0,004616082997463512;0,06794176180717948;0,054258346351019456;1,2185015365157037;-0,05602654003991897;0,5648118690688418;-6,442949017519011;0,07629985560876612;0,0667613527197562;-0,06545576614677955;0,012368552464710211;0,009718913208969213
SC2 22.03.2018 14:30 Cloudy evening;FS6_SEV4_GIS_SENSOR_TIME;75;2018-03-22 15:45:00;True;135,0;-15,145293912080898;-1,7905847911503514;0,07616554083156545;0,006672698602227566;0,08168658765199809;0,07384794448806596;1,5909689497634778;-0,07429250346717638;0,7902196868097309;-17,033624527122427;0,08633150028357563;0,08006830118277761;-0,07927670444367217;0,012374435802124916;0,007436438604620182
SC2 22.03.2018 14:30 Cloudy evening;FS6_SEV4_GIS_SENSOR_TIME;90;2018-03-22 16:00:00;True;135,0;-19,897843623124757;-2,3034328264157744;0,0800753659415421;0,007229305216525203;0,08502532103159155;0,07883296934366227;2,2331473942976;-0,07801622043597073;0,8920920157705963;-21,71460597412637;0,0886441636104346;0,08217113662008554;-0,08057927814735316;0,014961014698089956;0,010008188153410123
SC2 22.03.2018 14:30 Cloudy evening;FS6_SEV4_GIS_SENSOR_TIME;105;2018-03-22 16:15:00;True;134,0;-41,23536134683755;-5,777576016184908;0,08825852294334731;0,00884492939444158;0,09404748478530184;0,09054157185278208;2,1946441134567203;-0,08617174375473813;1,0548968666417873;-40,73935936884826;0,09349361828468429;0,08795706837059286;-0,0860166913413248;0,01744292768967089;0,012943418745173891
SC2 22.03.2018 14:30 Cloudy evening;FS6_SEV4_GIS_SENSOR_TIME;120;2018-03-22 16:30:00;True;135,0;-80,57733312601347;-11,297920666907759;0,09531090497873994;0,010165287763066385;0,10082305174446161;0,098641442446092;4,5185137921626835;-0,09291315016898204;1,2106477557162971;-75,58938515843771;0,09769208495458055;0,0932906965969134;-0,08931317616643089;0,02066316883724653;0,015903336706536788
SC2 22.03.2018 14:30 Cloudy evening;FS6_SEV4_GIS_SENSOR_TIME;135;2018-03-22 16:45:00;True;134,0;-122,85626624649409;-15,374090254704395;0,09753601527973585;0,01053689875103219;0,1026493972268332;0,09920220258613942;4,602907634353745;-0,09562372041928896;1,2860866849562824;-108,65491926276587;0,0965853974677706;0,0924106410543231;-0,08894646752549414;0,020378938103948058;0,01597522663425154
SC2 22.03.2018 14:30 Cloudy evening;FS6_SEV4_GIS_SENSOR_TIME;150;2018-03-22 17:00:00;True;134,0;-115,48113168198216;-13,370344616304916;0,0974544648869317;0,010512011001421788;0,10252809859458913;0,09786732721304764;5,791266386256647;-0,09599551094452916;1,3176704612742418;-96,24149176363512;0,09367871373584043;0,08966498349020463;-0,08646898572354253;0,02216708920172355;0,01748449708432404
SC2 22.03.2018 14:30 Cloudy evening;FS6_SEV4_GIS_SENSOR_TIME;165;2018-03-22 17:15:00;True;134,0;-181,70710884863328;-18,926106990726375;0,09563283439067712;0,009995815580112229;0,09997907571143189;0,09698004364948747;9,155101635880028;-0,09436984751343712;1,3949470899660181;-131,53145341152555;0,08515122008522329;0,0811816867128517;-0,07902735493102164;0,024587874232466972;0,020312593638229726
SC2 22.03.2018 14:30 Cloudy evening;FS6_SEV4_GIS_SENSOR_TIME;180;2018-03-22 17:30:00;True;111,0;-1814,9875751516472;-145,21193868169797;0,1070564953286429;0,01246467033045351;0,11164528799037383;0,10930943183191531;60,238384013476576;-0,1070564953286429;1,5336580945725342;-1104,9067554205872;0,08712508552014216;0,08276073616234622;-0,0816070434976329;0,030334979524040677;0,02621988844764125
SC2 22.03.2018 14:30 Cloudy evening;FS7_SEV12_TIME;0;2018-03-22 14:30:00;True;137,0;-0,8466664357453195;-0,25029368835358357;0,060423641290909685;0,005511433291305383;0,07423902808702026;0,05129806207727494;0,9861503837977128;0,04218877781870567;0,3216764228726926;-0,8466664357453195;0,07423902808702026;0,060423641290909685;0,04218877781870567;0,0;0,0
SC2 22.03.2018 14:30 Cloudy evening;FS7_SEV12_TIME;15;2018-03-22 14:45:00;True;137,0;-0,4252418607000521;-0,04411172857452428;0,04242155324209339;0,0029637229182272232;0,05444008558247519;0,038607266113124095;1,029527302788171;0,028152123382969064;0,277677272286936;-0,18855855887545814;0,0497146980948203;0,037352801683776235;0,02245697125252886;0,020787823253236797;0,018492194531607803
SC2 22.03.2018 14:30 Cloudy evening;FS7_SEV12_TIME;30;2018-03-22 15:00:00;True;136,0;-0,4264446421137318;-0,278062005965926;0,03294981275174407;0,0018476403702880788;0,04298418744478112;0,02528283444423636;0,9825759988851165;0,013863497281768092;0,26645554075281314;0,004055944816755974;0,0359168906295412;0,024147550311688925;0,0006213593894867854;0,02422441191385476;0,02130628377199173
SC2 22.03.2018 14:30 Cloudy evening;FS7_SEV12_TIME;45;2018-03-22 15:15:00;True;136,0;-0,150024130401748;-0,12438179164232066;0,02182580019798272;0,0009356471652298827;0,030588350155408558;0,01607641601978009;1,3728333137002262;0,004567529838911252;0,22103847244671226;-0,1326578881351157;0,030356517896276723;0,02144843095035074;-0,006944018090312595;0,018660787943101446;0,01569778483141871
SC2 22.03.2018 14:30 Cloudy evening;FS7_SEV12_TIME;60;2018-03-22 15:30:00;True;135,0;-0,7630249745760145;-0,21263747921875154;0,028843362063443387;0,0013789891605390605;0,03713474330783856;0,023422306290839995;0,5256935856230531;0,020748441141666706;0,2885774667923278;-0,19529902616326922;0,03057662006157416;0,024219652298781418;0,005506738744002318;0,023837325161507907;0,01958368773813601
SC2 22.03.2018 14:30 Cloudy evening;FS7_SEV12_TIME;75;2018-03-22 15:45:00;True;135,0;-1,4604210285805137;-0,5560747063195437;0,0253118512660181;0,0010168689432166864;0,031888382574484495;0,022277307010936415;0,4762480061903574;0,019332818113541587;0,3159921689208226;-0,14148942449930768;0,021720195142083613;0,016786027374818924;0,00959609010760253;0,019331832524846368;0,016607148338247227
SC2 22.03.2018 14:30 Cloudy evening;FS7_SEV12_TIME;90;2018-03-22 16:00:00;True;135,0;-2,612656245388712;-0,4929761816092373;0,02940145035318374;0,0012497459121285077;0,03535174553156474;0,026491015852980353;0,6098087894933482;0,02707900487446526;0,42500455957753647;-0,2298145830153293;0,020626111548106004;0,015720643158579434;0,010335626036561924;0,021078146159922085;0,01865568216200228
SC2 22.03.2018 14:30 Cloudy evening;FS7_SEV12_TIME;105;2018-03-22 16:15:00;True;134,0;-4,812267655219127;-0,9710425324487761;0,029330252492279458;0,0012172050952716437;0,03488846650788257;0,026526048128090486;0,6429263951545738;0,028362464052643088;0,5430332717362754;-0,34194185312389025;0,01676393341535256;0,012400916465667822;0,008214812841103775;0,025223561930769;0,021681194874777723
SC2 22.03.2018 14:30 Cloudy evening;FS7_SEV12_TIME;120;2018-03-22 16:30:00;True;135,0;-3,326125235536753;-1,817438691577276;0,017013054868142655;0,000539075086585188;0,02321799058026314;0,013622777089846022;0,61493872503208;0,013711172519156007;0,44934266946035634;-0,09904789488072252;0,011702627899134932;0,008609037328529735;-0,0020704614230595245;0,020186637023044615;0,01692022195568791
SC2 22.03.2018 14:30 Cloudy evening;FS7_SEV12_TIME;135;2018-03-22 16:45:00;True;134,0;-2,9602390569158326;-1,5342642203319259;0,014021871299209695;0,0003369118029891081;0,018355157394833423;0,011706077811275611;0,5858836820028912;0,011014209744630063;0,4801901500272219;-0,6205339413959527;0,01174157826816069;0,009413128642351479;-0,005282516920760007;0,0192595822471457;0,017000097281007626
SC2 22.03.2018 14:30 Cloudy evening;FS7_SEV12_TIME;150;2018-03-22 17:00:00;True;134,0;-5,850676151608637;-0,41185805815375365;0,022192323794921053;0,0006182493424729267;0,024864620296174377;0,022475192443718962;1,1635367441884183;0,02215477682198083;0,7837975375085215;-0,09104513931310687;0,009922851044937519;0,007718565310682033;0,004240300921067479;0,020684687135580776;0,018093576070977682
SC2 22.03.2018 14:30 Cloudy evening;FS7_SEV12_TIME;165;2018-03-22 17:15:00;True;134,0;-15,225337462853748;-1,1622830989899011;0,027737749554515044;0,000887680189489164;0,029793962299250566;0,02924805883199601;2,689051623453004;0,027737749554515044;1,0316868954123444;-3,412069550976777;0,015536477832962739;0,013576151613115517;0,013437978987560504;0,016335765766927014;0,014626534794693563
SC2 22.03.2018 14:30 Cloudy evening;FS7_SEV12_TIME;180;2018-03-22 17:30:00;True;111,0;-20,20889105401912;-10,71889196330616;0,010273102015288664;0,00014557469372596175;0,012065433839110873;0,0099560163724116;5,0619823488257625;0,008070808585800933;1,1522113450599565;-20,88386310110179;0,012255921103809434;0,011509055802515331;0,011509055802515331;0,009014643713293106;0,006842455885431788
SC2 22.03.2018 14:30 Cloudy evening;FS8_SEV12_GIS_TIME;0;2018-03-22 14:30:00;True;137,0;-0,8832859414531276;0,03831799697856442;0,06417229562496075;0,005620725342626878;0,07497149686798896;0,05936954761275989;1,1976640945625192;0,05244573917384106;0,3401248125706134;-0,8832859414531276;0,07497149686798896;0,06417229562496075;0,05244573917384106;0,0;0,0
SC2 22.03.2018 14:30 Cloudy evening;FS8_SEV12_GIS_TIME;15;2018-03-22 14:45:00;True;137,0;-0,18832210219273104;0,28387670478393656;0,041881926861385144;0,0024710595061912368;0,04970975262653433;0,039535462373831404;1,1217034504755137;0,03133552369577477;0,27843152996809917;-0,3203801624061122;0,052399121988857836;0,04482880500029786;0,035531521533950415;0,019748713540389568;0,01529001915677838
SC2 22.03.2018 14:30 Cloudy evening;FS8_SEV12_GIS_TIME;30;2018-03-22 15:00:00;True;136,0;-0,43018435022084756;0,03533766509192604;0,03643084244156472;0,00185248432670097;0,04304049635751161;0,036031957446007706;0,9959622431723003;0,02455564649073627;0,2933755699047187;0,28342427766294975;0,030465780268400456;0,020984269406362537;-0,0030131487481591824;0,03344695239062925;0,028897390988491038
SC2 22.03.2018 14:30 Cloudy evening;FS8_SEV12_GIS_TIME;45;2018-03-22 15:15:00;True;136,0;-0,11556348005957928;0,1715220214895793;0,024435211635871937;0,0009076103536950111;0,030126572219471154;0,02076294856664617;1,263279562927714;0,015282985696619423;0,24282379632011217;-0,08756096300095062;0,029746055358447585;0,02388656958705722;-0,018198367108430997;0,038707147735761546;0,03443714944125317
SC2 22.03.2018 14:30 Cloudy evening;FS8_SEV12_GIS_TIME;60;2018-03-22 15:30:00;True;135,0;-0,4494842666245309;0,06228952015975009;0,027377370441331577;0,0011337463285384427;0,033671149795313535;0,022256495082204578;0,45417866583750927;0,020007379628596;0,27986348431157176;0,364318382561563;0,02229826232556482;0,017348174015171084;-0,002663861381080899;0,029480251153599056;0,026356835276992233
SC2 22.03.2018 14:30 Cloudy evening;FS8_SEV12_GIS_TIME;75;2018-03-22 15:45:00;True;135,0;-0,8484025555034123;-0,027575759692792357;0,02239354739765923;0,0007639274463274125;0,027639237441134525;0,01986840616839647;0,4055292102340719;0,018418469506831507;0,2934069296629312;0,03813969629059344;0,019938100348741473;0,014521057498664398;0,0017967992143480712;0,021799009190792445;0,017874033638724574
SC2 22.03.2018 14:30 Cloudy evening;FS8_SEV12_GIS_TIME;90;2018-03-22 16:00:00;True;135,0;-0,7959860302350694;0,08592541686610411;0,020439395235094727;0,0006212952595174689;0,024925795062895564;0,02121579035734515;0,5137211917633157;0,01746666668473974;0,3137689302541783;0,09759054493495722;0,01766848700252172;0,012887414853570164;0,002035954757502407;0,01826049485001447;0,01637959005656066
SC2 22.03.2018 14:30 Cloudy evening;FS8_SEV12_GIS_TIME;105;2018-03-22 16:15:00;True;134,0;-0,4477352392965941;-0,29821079441841514;0,013662708633762446;0,0003031847145397317;0,017412200163670635;0,01149293146725969;0,3206647842162346;0,005595838571777723;0,2865566510144344;-0,16990745403473295;0,015652540356466862;0,01162705729305536;-0,0025628697808734464;0,014375536752744283;0,012162758676863429
SC2 22.03.2018 14:30 Cloudy evening;FS8_SEV12_GIS_TIME;120;2018-03-22 16:30:00;True;135,0;-0,437314457250245;-0,41012240496737307;0,010003801635543267;0,00017910263187195607;0,013382923143766315;0,007547752319391018;0,5746823835053196;-0,0018407553873395468;0,31647174675180934;-1,3196764003223325;0,017001560646305706;0,01433103455368528;-0,01174807034132017;0,014608085662807399;0,012479381428824531
SC2 22.03.2018 14:30 Cloudy evening;FS8_SEV12_GIS_TIME;135;2018-03-22 16:45:00;True;134,0;-0,49239079162416033;-0,4836221608783644;0,008297339183511028;0,00012696306085168847;0,011267788640708898;0,006208933806083658;0,40662969366219764;0,0008637007617083507;0,3224466829880125;-0,8252006644902932;0,012460994970509969;0,009327409448483552;-0,003917911836475978;0,010143649941270025;0,007865497759029047
SC2 22.03.2018 14:30 Cloudy evening;FS8_SEV12_GIS_TIME;150;2018-03-22 17:00:00;True;134,0;-0,3740373501573113;-0,26297672682519857;0,008930157535746518;0,00012400202103678864;0,011135619472520989;0,007396413341843542;0,5440508064728123;-0,003165885224565536;0,4121921592225672;-0,3138547333376278;0,010889019803909432;0,008284931085255543;0,0031126197404551135;0,012308746128121311;0,008965513265844601
SC2 22.03.2018 14:30 Cloudy evening;FS8_SEV12_GIS_TIME;165;2018-03-22 17:15:00;True;134,0;-2,963972915440137;-1,4893637287851562;0,011055855117264311;0,0002168669980987213;0,014726404792029904;0,007517467222820123;1,6763826379816915;-0,008981934058835099;0,5817571575792458;-4,957119237664433;0,018053006614322704;0,015878751759405944;0,015315947868228116;0,025906024746995923;0,02432556517088591
SC2 22.03.2018 14:30 Cloudy evening;FS8_SEV12_GIS_TIME;180;2018-03-22 17:30:00;True;111,0;-141,41785905114017;-16,113923785796192;0,029326910729779485;0,0009775351365458632;0,03126555831175678;0,029300076720080812;18,245098082688102;-0,029326910729779485;1,433254022104642;-8,285344114382928;0,007983309446409641;0,006332429216548518;0,002758020394658552;0,03324877642094851;0,03212410157865232
SC2 22.03.2018 14:30 Cloudy evening;FS9_SEV12_GIS_SENSOR_TIME;0;2018-03-22 14:30:00;True;137,0;-0,15483971438885846;-0,14367671200147525;0,04046836794505642;0,0034466549696266593;0,05870821892739261;0,027455191051525163;1,0948106539497027;0,005772029719623919;0,23012644414566769;-0,15483971438885846;0,05870821892739261;0,04046836794505642;0,005772029719623919;0,0;0,0
SC2 22.03.2018 14:30 Cloudy evening;FS9_SEV12_GIS_SENSOR_TIME;15;2018-03-22 14:45:00;True;137,0;-0,29082745729411674;-0,14769891538581215;0,031535702288435385;0,0026842145351950696;0,051809405856418286;0,01870928653010062;1,3866311172611194;-0,017251928041606107;0,21849109086549318;-0,22380784684845456;0,05044651059102178;0,030787478427204355;-0,0147714101535825;0,005851418018545469;0,004256760707060487
SC2 22.03.2018 14:30 Cloudy evening;FS9_SEV12_GIS_SENSOR_TIME;30;2018-03-22 15:00:00;True;136,0;-1,581797887994671;-0,5482550203353314;0,045631188019979285;0,0033441423977833683;0,05782856039867643;0,03440240144244986;1,4453852542069527;-0,036588576012086385;0,3622738866738797;-1,601570914897588;0,058049581711667755;0,04466885608821619;-0,03663770350644802;0,004986132876957623;0,0037843139545978323
SC2 22.03.2018 14:30 Cloudy evening;FS9_SEV12_GIS_SENSOR_TIME;45;2018-03-22 15:15:00;True;136,0;-4,39777274745752;-0,8819150873059383;0,05836693170576414;0,004391569390765252;0,06626891722946175;0,0528373628157836;2,0365969803136217;-0,05348330279007341;0,516903051595629;-4,777387585138903;0,0685596084246896;0,06081048733554244;-0,05737771362833;0,007093505334535989;0,004884455054279362
SC2 22.03.2018 14:30 Cloudy evening;FS9_SEV12_GIS_SENSOR_TIME;60;2018-03-22 15:30:00;True;135,0;-5,083334094312265;-0,8174827842933701;0,060021708779550556;0,004758214941346325;0,06897981546326667;0,05478641957044601;1,290883239468176;-0,057763573251786535;0,5707573206290819;-5,905662350987376;0,07349433488706815;0,0638526368090224;-0,0625850171031511;0,009449149134720114;0,006792604050995713
SC2 22.03.2018 14:30 Cloudy evening;FS9_SEV12_GIS_SENSOR_TIME;75;2018-03-22 15:45:00;True;135,0;-13,876620014647083;-1,63630901546763;0,07303235983200367;0,0061483675749828505;0,07841152705427214;0,0725250204431537;1,5736508416854509;-0,07112528225489967;0,7730497852808778;-14,053550740278828;0,07887643111257465;0,07368738373458104;-0,07242332845664314;0,010559216313232872;0,0067449784044314315
SC2 22.03.2018 14:30 Cloudy evening;FS9_SEV12_GIS_SENSOR_TIME;90;2018-03-22 16:00:00;True;135,0;-18,645275370323418;-1,7842318028469601;0,07814914805109408;0,006795997437630235;0,0824378398408779;0,07696880727040131;2,2347900680618884;-0,07637298553070132;0,8877840862186696;-15,889554308491363;0,07643752870989358;0,07258428695367801;-0,07059163095490396;0,015380570519824882;0,011360166152870213
SC2 22.03.2018 14:30 Cloudy evening;FS9_SEV12_GIS_SENSOR_TIME;105;2018-03-22 16:15:00;True;134,0;-38,52321746480523;-4,379076968921497;0,08620804816099452;0,008276952221305858;0,0909777567392484;0,0868163653966389;2,1385186966129357;-0,08456042762294882;1,0563629805598487;-31,304567189964196;0,08225097249958507;0,07769171979413877;-0,07515049080383449;0,017942386812821544;0,013713249165231168
SC2 22.03.2018 14:30 Cloudy evening;FS9_SEV12_GIS_SENSOR_TIME;120;2018-03-22 16:30:00;True;135,0;-77,64810394127664;-8,761482772005733;0,09464550896830574;0,009800278802295061;0,09899635752034042;0,09815121843264663;4,303246764628596;-0,09264938239673133;1,2234024860528945;-58,21828766270505;0,0859019474279054;0,0820330340141848;-0,0786339561307587;0,020774870203034385;0,017857850950073313
SC2 22.03.2018 14:30 Cloudy evening;FS9_SEV12_GIS_SENSOR_TIME;135;2018-03-22 16:45:00;True;134,0;-120,81181190977891;-12,69632001721632;0,0973476163966908;0,010362969655638632;0,10179867217031188;0,09955742625002734;4,524180393107821;-0,09590502787638729;1,2932533986537025;-93,10430246638248;0,089475091580799;0,08518950567480642;-0,08243291906658165;0,02076507901806174;0,017624532720491068
SC2 22.03.2018 14:30 Cloudy evening;FS9_SEV12_GIS_SENSOR_TIME;150;2018-03-22 17:00:00;True;134,0;-104,18963969454195;-10,628865791620026;0,093172380686993;0,009492993704109609;0,0974319952793209;0,0943445303017681;5,423463823469722;-0,09188868054209884;1,3191363451266704;-76,58582341702311;0,08367703816309557;0,07975843307326407;-0,07698964758713822;0,022202538573620468;0,018413515191580822
SC2 22.03.2018 14:30 Cloudy evening;FS9_SEV12_GIS_SENSOR_TIME;165;2018-03-22 17:15:00;True;134,0;-174,06508103640937;-16,66703368826524;0,09372604066539775;0,009577724017334756;0,09786584704244253;0,09321580758921008;8,53346335246387;-0,09279638646112878;1,392091143518011;-94,942716870509;0,07244983504631754;0,06795759839838128;-0,06579470472352703;0,031862841080275345;0,02935205801709819
SC2 22.03.2018 14:30 Cloudy evening;FS9_SEV12_GIS_SENSOR_TIME;180;2018-03-22 17:30:00;True;111,0;-1700,3827643046739;-141,19904700788345;0,10362685654910027;0,011678039846281714;0,1080649797403475;0,10559691183077992;58,57359987607928;-0,10345050315615899;1,5282589152357924;-800,6815644924962;0,07417967226875846;0,07015874124460983;-0,06797716164793588;0,03765106110783666;0,03579916479485529
SC3 11.08.2018 07:30 Cloudy morning;FS1_TIME;0;2018-08-11 07:30:00;False;137,0;-0,04379545238789917;-2,220446049250313e-16;0,06600532071241813;0,0070975969574174624;0,08424723709070502;0,055964536852258606;0,46622418131536675;-0,01725688778951966;0,26369510626944836;-0,04379545238789917;0,08424723709070502;0,06600532071241813;-0,01725688778951966;0,0;0,0
SC3 11.08.2018 07:30 Cloudy morning;FS1_TIME;15;2018-08-11 07:45:00;False;137,0;-0,019433925360787363;0,0;0,07620173449657397;0,008911768886824387;0,09440216568927;0,06234308422211837;0,3845119234764207;-0,013034149011249694;0,26872500225755047;-0,019433925360787363;0,09440216568927;0,07620173449657397;-0,013034149011249694;0,0;0,0
SC3 11.08.2018 07:30 Cloudy morning;FS1_TIME;30;2018-08-11 08:00:00;False;138,0;-0,17908041245367134;0,0;0,09360627607399079;0,014195623934170355;0,11914538989893966;0,08213545180170248;0,3421551933179349;0,04643330251557064;0,23830999020865254;-0,17908041245367134;0,11914538989893966;0,09360627607399079;0,04643330251557064;0,0;0,0
SC3 11.08.2018 07:30 Cloudy morning;FS1_TIME;45;2018-08-11 08:15:00;False;138,0;-0,1738466087152326;0,0;0,08303187282758065;0,0119656192402391;0,10938747295846586;0,0650115288220551;0,2718111519443837;0,04209640667322732;0,19955436236504237;-0,1738466087152326;0,10938747295846586;0,08303187282758065;0,04209640667322732;0,0;0,0
SC3 11.08.2018 07:30 Cloudy morning;FS1_TIME;60;2018-08-11 08:30:00;False;138,0;-0,00012013496130691692;2,220446049250313e-16;0,07685007737339408;0,010277374860973104;0,1013773883120546;0,06640670304670429;0,28268795652169665;0,0011110912301884365;0,20167424465820252;-0,00012013496130691692;0,1013773883120546;0,07685007737339408;0,0011110912301884365;0,0;0,0
SC3 11.08.2018 07:30 Cloudy morning;FS1_TIME;75;2018-08-11 08:45:00;False;138,0;-0,00566687996872961;0,0;0,06746454216720525;0,008857921540772308;0,09411653170815587;0,05091232726707384;0,25013186115572394;-0,007064978551954765;0,17240480298283298;-0,00566687996872961;0,09411653170815587;0,06746454216720525;-0,007064978551954765;0,0;0,0
SC3 11.08.2018 07:30 Cloudy morning;FS1_TIME;90;2018-08-11 09:00:00;False;138,0;-0,03447369732047889;0,0;0,0661934026947346;0,009271925665047634;0,09629083894663933;0,047064187693669796;0,25619918350917953;-0,01757798851237759;0,16647756484920004;-0,03447369732047889;0,09629083894663933;0,0661934026947346;-0,01757798851237759;0,0;0,0
SC3 11.08.2018 07:30 Cloudy morning;FS1_TIME;105;2018-08-11 09:15:00;False;138,0;-0,06725115011508742;0,0;0,06742033889956063;0,009316399590361398;0,09652149807354525;0,04857309587152159;0,2447191604801953;-0,024229284867876365;0,168327482827254;-0,06725115011508742;0,09652149807354525;0,06742033889956063;-0,024229284867876365;0,0;0,0
SC3 11.08.2018 07:30 Cloudy morning;FS1_TIME;120;2018-08-11 09:30:00;False;138,0;-0,2612505771558238;0,0;0,08119423583580926;0,012043749599277285;0,10974401851252434;0,06235485682201011;0,28391297753575356;-0,04994692996537289;0,2043682984409001;-0,2612505771558238;0,10974401851252434;0,08119423583580926;-0,04994692996537289;0,0;0,0
SC3 11.08.2018 07:30 Cloudy morning;FS1_TIME;135;2018-08-11 09:45:00;False;138,0;-0,5606918800017662;0,0;0,09162738532762328;0,014592972083907552;0,12080137451166502;0,07545744047798816;0,32047812438963047;-0,07240614467831127;0,23000949271007953;-0,5606918800017662;0,12080137451166502;0,09162738532762328;-0,07240614467831127;0,0;0,0
SC3 11.08.2018 07:30 Cloudy morning;FS1_TIME;150;2018-08-11 10:00:00;False;138,0;-0,879924010513969;0,0;0,1180443361630247;0,021075764627208175;0,14517494490168809;0,11420581854174366;0,4094729032252065;-0,09932169139243108;0,29835651155880527;-0,879924010513969;0,14517494490168809;0,1180443361630247;-0,09932169139243108;0,0;0,0
SC3 11.08.2018 07:30 Cloudy morning;FS1_TIME;165;2018-08-11 10:15:00;False;138,0;-0,6454961907497527;0,0;0,0992318996483012;0,016061088118174208;0,12673234834948102;0,08270009391443292;0,332494393573101;-0,0793753921011539;0,23772486354026637;-0,6454961907497527;0,12673234834948102;0,0992318996483012;-0,0793753921011539;0,0;0,0
SC3 11.08.2018 07:30 Cloudy morning;FS1_TIME;180;2018-08-11 10:30:00;False;138,0;-0,13551089041532394;0,0;0,07680688493599094;0,01161767595008366;0,1077853234447235;0,055933908515084285;0,2557107362243293;-0,03723497588264102;0,1700173044751492;-0,13551089041532394;0,1077853234447235;0,07680688493599094;-0,03723497588264102;0,0;0,0
SC3 11.08.2018 07:30 Cloudy morning;FS2_GIS_TIME;0;2018-08-11 07:30:00;False;137,0;-0,10031395934855736;-0,06508933801405092;0,0634515180161132;0,00748191131912889;0,08649804228494938;0,04531769274105202;0,3970934119471079;0,015476442316329792;0,23371937112867894;-0,10031395934855736;0,08649804228494938;0,0634515180161132;0,015476442316329792;0,0;0,0
SC3 11.08.2018 07:30 Cloudy morning;FS2_GIS_TIME;15;2018-08-11 07:45:00;False;137,0;0,03573174442061888;0,07517756200883774;0,07377967932341863;0,008429517229950428;0,09181240237544395;0,06305330118617047;0,3166756687217543;0,018569614907108678;0,24569541931561173;0,03573174442061888;0,09181240237544395;0,07377967932341863;0,018569614907108678;0,0;0,0
SC3 11.08.2018 07:30 Cloudy morning;FS2_GIS_TIME;30;2018-08-11 08:00:00;False;138,0;-0,2495729935185842;-0,0066028356695269075;0,09608403968137674;0,015044324464157184;0,12265530752542747;0,08633216606746719;0,3254458802621381;0,054085643147880585;0,24106511937082162;-0,2495729935185842;0,12265530752542747;0,09608403968137674;0,054085643147880585;0,0;0,0
SC3 11.08.2018 07:30 Cloudy morning;FS2_GIS_TIME;45;2018-08-11 08:15:00;False;138,0;-0,19126743540313962;0,03869617450385798;0,0844861206366325;0,012143198642394411;0,1101961825218751;0,06845547987421352;0,2543037386425559;0,048416286183572764;0,20172208439345976;-0,19126743540313962;0,1101961825218751;0,0844861206366325;0,048416286183572764;0,0;0,0
SC3 11.08.2018 07:30 Cloudy morning;FS2_GIS_TIME;60;2018-08-11 08:30:00;False;138,0;-0,10624819486320103;0,009711838718875265;0,0814301479400543;0,011367961698245182;0,10662064386527208;0,06554780668987895;0,26505433770979114;0,034519872227483525;0,20092749245443786;-0,10624819486320103;0,10662064386527208;0,0814301479400543;0,034519872227483525;0,0;0,0
SC3 11.08.2018 07:30 Cloudy morning;FS2_GIS_TIME;75;2018-08-11 08:45:00;False;138,0;-0,016431858162838653;0,08835247152935655;0,06933148596107856;0,008952739550722589;0,09461891750978019;0,05280845802453685;0,22088192350088287;0,030379946910143465;0,16817766180442978;-0,016431858162838653;0,09461891750978019;0,06933148596107856;0,030379946910143465;0,0;0,0
SC3 11.08.2018 07:30 Cloudy morning;FS2_GIS_TIME;90;2018-08-11 09:00:00;False;138,0;0,14777023322887983;0,14809241290394481;0,062148731764569615;0,00763848425292029;0,08739842248530742;0,04482453040370932;0,21890103196558425;0,0016993166544128546;0,15594012206844082;0,14777023322887983;0,08739842248530742;0,062148731764569615;0,0016993166544128546;0,0;0,0
SC3 11.08.2018 07:30 Cloudy morning;FS2_GIS_TIME;105;2018-08-11 09:15:00;False;138,0;0,20919001420302374;0,23111949853097802;0,06173121911010503;0,006903250305177161;0,08308580086378876;0,05044361597301936;0,2076387301055091;-0,013835821414787383;0,1574043662110268;0,20919001420302374;0,08308580086378876;0,06173121911010503;-0,013835821414787383;0,0;0,0
SC3 11.08.2018 07:30 Cloudy morning;FS2_GIS_TIME;120;2018-08-11 09:30:00;False;138,0;0,02072704961129923;0,2102460545854311;0,07358407359747812;0,00935113007474158;0,09670124132988976;0,054752928540659385;0,24360681437981832;-0,04254088823739119;0,18993874109765688;0,02072704961129923;0,09670124132988976;0,07358407359747812;-0,04254088823739119;0,0;0,0
SC3 11.08.2018 07:30 Cloudy morning;FS2_GIS_TIME;135;2018-08-11 09:45:00;False;138,0;-0,05483898702445367;0,16361584474788948;0,07617769778167317;0,009863084499835901;0,09931306308757122;0,06724900877935994;0,253675598515976;-0,04519538786590464;0,19636018238454447;-0,05483898702445367;0,09931306308757122;0,07617769778167317;-0,04519538786590464;0,0;0,0
SC3 11.08.2018 07:30 Cloudy morning;FS2_GIS_TIME;150;2018-08-11 10:00:00;False;138,0;-0,22858748852145938;0,13754249123309625;0,09460388697296207;0,01377365286426225;0,11736120681154505;0,08353791326252166;0,31592388767656904;-0,06406770516206806;0,24690651609443526;-0,22858748852145938;0,11736120681154505;0,09460388697296207;-0,06406770516206806;0,0;0,0
SC3 11.08.2018 07:30 Cloudy morning;FS2_GIS_TIME;165;2018-08-11 10:15:00;False;138,0;-0,19029768320571505;0,2045209491751001;0,08451067155729952;0,011618061521075246;0,10778711203606509;0,07400236311325664;0,2710368456917494;-0,06207802074304261;0,20891912602626503;-0,19029768320571505;0,10778711203606509;0,08451067155729952;-0,06207802074304261;0,0;0,0
SC3 11.08.2018 07:30 Cloudy morning;FS2_GIS_TIME;180;2018-08-11 10:30:00;False;138,0;0,1499323930567089;0,19477527460185406;0,06890133907015632;0,008697239345294233;0,09325899069416435;0,05253210216518342;0,21024723723952551;-0,02141956927682375;0,15515081801991296;0,1499323930567089;0,09325899069416435;0,06890133907015632;-0,02141956927682375;0,0;0,0
SC3 11.08.2018 07:30 Cloudy morning;FS3_GIS_SENSOR_TIME;0;2018-08-11 07:30:00;False;137,0;0,0751139964933708;0,10520230888011128;0,04830436149841299;0,006289036869655891;0,0793034480313176;0,03410644829273224;0,3573483994815982;-0,014303650223639547;0,18962032462576134;0,0751139964933708;0,0793034480313176;0,04830436149841299;-0,014303650223639547;0,0;0,0
SC3 11.08.2018 07:30 Cloudy morning;FS3_GIS_SENSOR_TIME;15;2018-08-11 07:45:00;False;137,0;0,048190020799128486;0,06390626542748112;0,06735223592295853;0,00832060847475654;0,09121736936985489;0,050679347910744355;0,29402277041925284;0,011721327662740524;0,2264886465107655;0,048190020799128486;0,09121736936985489;0,06735223592295853;0,011721327662740524;0,0;0,0
SC3 11.08.2018 07:30 Cloudy morning;FS3_GIS_SENSOR_TIME;30;2018-08-11 08:00:00;False;138,0;-0,8106162178554592;0,0043685491170166735;0,12509598892689502;0,021799044955974012;0,14764499637974193;0,12068148329697498;0,372103254291854;0,09905588355808195;0,3089001138598775;-0,8106162178554592;0,14764499637974193;0,12509598892689502;0,09905588355808195;0,0;0,0
SC3 11.08.2018 07:30 Cloudy morning;FS3_GIS_SENSOR_TIME;45;2018-08-11 08:15:00;False;138,0;-1,4867548272386908;-0,02317853593930108;0,13494632682919083;0,0253487646389608;0,15921295374108477;0,13430811875304502;0,3540611103423394;0,12214328542434452;0,30764501165204194;-1,4867548272386908;0,15921295374108477;0,13494632682919083;0,12214328542434452;0,0;0,0
SC3 11.08.2018 07:30 Cloudy morning;FS3_GIS_SENSOR_TIME;60;2018-08-11 08:30:00;False;138,0;-1,0626801976845122;0,08013659881313695;0,12146457624284303;0,021196391182275308;0,14558980452722406;0,1230268189807733;0,3353404968784111;0,10836856454054289;0,2878801334811822;-1,0626801976845122;0,14558980452722406;0,12146457624284303;0,10836856454054289;0,0;0,0
SC3 11.08.2018 07:30 Cloudy morning;FS3_GIS_SENSOR_TIME;75;2018-08-11 08:45:00;False;138,0;-1,7150718062289414;0,08594763822369489;0,13714501435294213;0,023914373154942454;0,1546427274557147;0,1369190444864361;0,35439143257732886;0,1259499622405847;0,314636790981562;-1,7150718062289414;0,1546427274557147;0,13714501435294213;0,1259499622405847;0,0;0,0
SC3 11.08.2018 07:30 Cloudy morning;FS3_GIS_SENSOR_TIME;90;2018-08-11 09:00:00;False;138,0;-1,7635347603082114;0,2120298060680288;0,14243764614486865;0,024769396202845066;0,1573829603319402;0,13376402030019804;0,35011056424986114;0,13306715088532475;0,31711956009312525;-1,7635347603082114;0,1573829603319402;0,14243764614486865;0,13306715088532475;0,0;0,0
SC3 11.08.2018 07:30 Cloudy morning;FS3_GIS_SENSOR_TIME;105;2018-08-11 09:15:00;False;138,0;-1,7932018953260545;0,5349013601255213;0,14637540255753076;0,0243828127902286;0,1561499689088301;0,14933039696944822;0,35129079846003586;0,14255808641952947;0,32281709999832714;-1,7932018953260545;0,1561499689088301;0,14637540255753076;0,14255808641952947;0,0;0,0
SC3 11.08.2018 07:30 Cloudy morning;FS3_GIS_SENSOR_TIME;120;2018-08-11 09:30:00;False;138,0;-1,4355367093576006;0,4957793203894735;0,14002422260475664;0,023257071036191658;0,15250269189818144;0,1421081370109635;0,33138761734935884;0,13580221149311317;0,30844335937034006;-1,4355367093576006;0,15250269189818144;0,14002422260475664;0,13580221149311317;0,0;0,0
SC3 11.08.2018 07:30 Cloudy morning;FS3_GIS_SENSOR_TIME;135;2018-08-11 09:45:00;False;138,0;-1,687491193987627;0,24050689211967358;0,13988151456592746;0,025128908833410752;0,158521004391881;0,13058792154850205;0,32619608464401895;0,13426616659674098;0,30191436424383883;-1,687491193987627;0,158521004391881;0,13988151456592746;0,13426616659674098;0,0;0,0
SC3 11.08.2018 07:30 Cloudy morning;FS3_GIS_SENSOR_TIME;150;2018-08-11 10:00:00;False;138,0;-0,8657527361398412;0,400937379538043;0,12648806838762053;0,020916890948534828;0,14462672971665655;0,12298068751203692;0,307779824985684;0,11916719402252762;0,2853717736412964;-0,8657527361398412;0,14462672971665655;0,12648806838762053;0,11916719402252762;0,0;0,0
SC3 11.08.2018 07:30 Cloudy morning;FS3_GIS_SENSOR_TIME;165;2018-08-11 10:15:00;False;138,0;-1,779469626363745;0,45573170748197356;0,1533435764573695;0,027129389202947052;0,16471001549070127;0,1613769901720109;0,3543372824818026;0,14770573761093922;0,3292623557572153;-1,779469626363745;0,16471001549070127;0,1533435764573695;0,14770573761093922;0,0;0,0
SC3 11.08.2018 07:30 Cloudy morning;FS3_GIS_SENSOR_TIME;180;2018-08-11 10:30:00;False;138,0;-3,581978482268439;0,10371526440306345;0,19899427075763979;0,046879287258778095;0,21651625171976835;0,19619618850762138;0,4084513136759126;0,1941885416902107;0,37520627705284093;-3,581978482268439;0,21651625171976835;0,19899427075763979;0,1941885416902107;0,0;0,0
SC3 11.08.2018 07:30 Cloudy morning;FS4_SEV4_TIME;0;2018-08-11 07:30:00;True;137,0;-0,25684505199965924;-0,2242727173552872;0,07516236354711155;0,008546290939101423;0,09244615156458068;0,06605431863279262;0,4748897393296712;-0,014882380732671356;0,2901354880354904;-0,25684505199965924;0,09244615156458068;0,07516236354711155;-0,014882380732671356;0,0;0,0
SC3 11.08.2018 07:30 Cloudy morning;FS4_SEV4_TIME;15;2018-08-11 07:45:00;True;137,0;-0,08015440751683633;-0,07030302300226032;0,07472903357681411;0,009442580046046641;0,09717293885669323;0,05732839332134643;0,35785216609825443;-0,009280065718888045;0,2610432444392557;-0,13488079414561494;0,09960417432207243;0,07713106447271725;-0,015796230745847864;0,01984466371886943;0,015435811640341243
SC3 11.08.2018 07:30 Cloudy morning;FS4_SEV4_TIME;30;2018-08-11 08:00:00;True;138,0;0,010576712830065338;0,11399741778577088;0,08741101694194393;0,011912233252307471;0,10914317776346569;0,07215523188653525;0,3166509487573778;0,0352865563632201;0,2292420025906572;-0,43012549255295296;0,13121775542797517;0,10724453001997035;0,06916279684781204;0,05169368497626859;0,04365422501248996
SC3 11.08.2018 07:30 Cloudy morning;FS4_SEV4_TIME;45;2018-08-11 08:15:00;True;138,0;-0,09988976557955942;-0,07548878793820601;0,08180414154740481;0,011211739288121579;0,10588550083992415;0,06831739166013498;0,2705167237955694;0,015771228651041358;0,2056426333640153;-0,6862199243415825;0,13110493000502296;0,10882819818485166;0,0852331110219029;0,07806333210942659;0,07184446461336769
SC3 11.08.2018 07:30 Cloudy morning;FS4_SEV4_TIME;60;2018-08-11 08:30:00;True;138,0;-0,49128692143877495;-0,3931473391094198;0,10394952198775179;0,015324673687812311;0,12379286606187091;0,09446085617513914;0,3563440519359856;-0,031756827937558234;0,27323597905054064;-0,3929996466386003;0,1196438876775564;0,0977920151605382;0,06837153409871141;0,11337038841709125;0,10209617493809134
SC3 11.08.2018 07:30 Cloudy morning;FS4_SEV4_TIME;75;2018-08-11 08:45:00;True;138,0;-0,4824099408777698;-0,2972764750771155;0,09082919682182648;0,01305707805348477;0,1142675721868841;0,07709999528982739;0,3062985797334525;-0,04038139394910814;0,23126588211401228;-0,646434651997577;0,12042345684585239;0,09940264187648554;0,07516778360315479;0,12419124956684907;0,11568566095893798
SC3 11.08.2018 07:30 Cloudy morning;FS4_SEV4_TIME;90;2018-08-11 09:00:00;True;138,0;-0,7165634204867088;-0,25962671016844063;0,09856997450727384;0,015385454918107942;0,12403811881074278;0,08051935840585114;0,336361095992032;-0,06399606481248032;0,24320319537658666;-0,6723287285553792;0,12242949819825535;0,10170951651287402;0,08025834687972436;0,15536357499805603;0,14425441169220468
SC3 11.08.2018 07:30 Cloudy morning;FS4_SEV4_TIME;105;2018-08-11 09:15:00;True;138,0;-1,0723863044237913;-0,3874422639796862;0,10666991500524871;0,018090567450334803;0,13450118010759163;0,08588885617695877;0,3438539742431826;-0,07732470712110498;0,2561492364611128;-0,37852240392925673;0,10969773295669763;0,08674921473311999;0,057587150154322274;0,14307233519133994;0,13491185727542726
SC3 11.08.2018 07:30 Cloudy morning;FS4_SEV4_TIME;120;2018-08-11 09:30:00;True;138,0;-1,3726902435659056;-0,295011132202448;0,12105179905888809;0,022656946754067177;0,15052224670814338;0,10519596435737236;0,385500591301079;-0,10144365824828062;0,2901237602649;-0,28368266047963187;0,11071564825929237;0,08599932205475941;0,045588685790655045;0,16133669270990747;0,14770310750042182
SC3 11.08.2018 07:30 Cloudy morning;FS4_SEV4_TIME;135;2018-08-11 09:45:00;True;138,0;-2,11996849256559;-0,37214036250509164;0,14445461107235977;0,029172710961134274;0,17080020773153137;0,1344192344563987;0,44960523658106716;-0,12783879041729995;0,3381508743265533;-0,05585499859282117;0,09936088030737925;0,07583698181785536;0,03307831362911391;0,17221610211152208;0,1610492706514787
SC3 11.08.2018 07:30 Cloudy morning;FS4_SEV4_TIME;150;2018-08-11 10:00:00;True;138,0;-2,759875053922603;-0,5980672735458423;0,1799636239534041;0,04215183231928597;0,20530911406775387;0,18993979220395094;0,5671328713025312;-0,1556790096849245;0,42105062799037346;0,11157990824000441;0,09980003838239299;0,07216110363943232;-0,0012575135743746082;0,16481914756329252;0,15442149611054987
SC3 11.08.2018 07:30 Cloudy morning;FS4_SEV4_TIME;165;2018-08-11 10:15:00;True;138,0;-2,436883450881484;-0,43852483590393376;0,16055981737374464;0,033546165750375175;0,18315612397726475;0,15527441449965265;0,4758981418966481;-0,13966119551765482;0,358959008001902;0,11429176581327705;0,09297889550391342;0,06662118992879115;0,0042442321671636645;0,15337868883732153;0,14428096329388412
SC3 11.08.2018 07:30 Cloudy morning;FS4_SEV4_TIME;180;2018-08-11 10:30:00;True;138,0;-1,266451098420795;-0,2385882170067175;0,1257281874697095;0,023188588185652;0,152277996393609;0,11438775399662932;0,3619473839568154;-0,10254903285530362;0,26574813064386277;-0,567658786940364;0,1266454956282963;0,10328639014979332;0,07721114053975649;0,18817669131443654;0,17984330913294916
SC3 11.08.2018 07:30 Cloudy morning;FS5_SEV4_GIS_TIME;0;2018-08-11 07:30:00;True;137,0;-0,1766897496387434;-0,050637412382559255;0,07225231705447345;0,008001251172108557;0,08944971309125903;0,06778134580743111;0,4586085344207662;-0,029276787343252852;0,28808282309619576;-0,1766897496387434;0,08944971309125903;0,07225231705447345;-0,029276787343252852;0,0;0,0
SC3 11.08.2018 07:30 Cloudy morning;FS5_SEV4_GIS_TIME;15;2018-08-11 07:45:00;True;137,0;0,19114712367844466;0,24299799837776603;0,06359143815188607;0,007070894658199414;0,08408861194121005;0,04484337866306304;0,3164859253747737;-0,021290235239447532;0,233355267219822;0,14211740246131133;0,08659969162751649;0,06721646004289493;-0,025376848309912013;0,01869634467861341;0,011985967367425234
SC3 11.08.2018 07:30 Cloudy morning;FS5_SEV4_GIS_TIME;30;2018-08-11 08:00:00;True;138,0;0,35200106385554786;0,35502540972011376;0,06897698776929043;0,0078016300755149315;0,0883268366665247;0,05886902666497498;0,26677043207089113;0,006034221644330681;0,19482537972479907;0,13431372181137124;0,10209060965680469;0,0810400332196699;0,02412900796567008;0,03368103290023078;0,028629664439654003
SC3 11.08.2018 07:30 Cloudy morning;FS5_SEV4_GIS_TIME;45;2018-08-11 08:15:00;True;138,0;0,21945343985749066;0,23166605291168874;0,06542074312806377;0,007956510559898385;0,08919927443594138;0,047603824089681446;0,23002273309084242;-0,011157482471373416;0,1748869590686014;0,1776697702325456;0,09155562729105869;0,07067018543835936;0,029052150145224692;0,05164406364372169;0,045291805106714586
SC3 11.08.2018 07:30 Cloudy morning;FS5_SEV4_GIS_TIME;60;2018-08-11 08:30:00;True;138,0;-0,18594457694379818;0,0445057807699768;0,0882319260837353;0,012186932904876597;0,11039444236408189;0,07529200281700718;0,3147627705025547;-0,04866354093812444;0,24080096095028106;0,25465164679336194;0,08751745127510607;0,0679736962218844;0,015741237284874417;0,07606655737990087;0,06644124142231717
SC3 11.08.2018 07:30 Cloudy morning;FS5_SEV4_GIS_TIME;75;2018-08-11 08:45:00;True;138,0;-0,2428984569554613;0,2214342759395671;0,08358511907330217;0,010947459078299145;0,10463010598436352;0,07413943690715913;0,2842334857240191;-0,06395190574965559;0,21904110192195242;0,33652735926921595;0,07644522270517508;0,055050147449327506;0,00512985598962864;0,07641099542211144;0,07103245979363935
SC3 11.08.2018 07:30 Cloudy morning;FS5_SEV4_GIS_TIME;90;2018-08-11 09:00:00;True;138,0;-0,5339373723369598;0,36597479248225395;0,09624572328969305;0,013748588608861124;0,11725437564910371;0,08986618109214214;0,3173168655373505;-0,08981012596005958;0,24371801366733348;0,16349648315384369;0,08658828337976912;0,0674903659288486;0,031897558224918396;0,1330686457339918;0,12170768418497797
SC3 11.08.2018 07:30 Cloudy morning;FS5_SEV4_GIS_TIME;105;2018-08-11 09:15:00;True;138,0;-1,3143176142833473;0,377117346794698;0,12488570457262878;0,02020246843617877;0,1421353876984151;0,12202342865960178;0,36941237504027025;-0,12151178189120312;0,29847230205913816;0,4560862417366707;0,06890579698548932;0,0527342243433024;-0,008004261200318849;0,11944226680971795;0,11350752069088428
SC3 11.08.2018 07:30 Cloudy morning;FS5_SEV4_GIS_TIME;120;2018-08-11 09:30:00;True;138,0;-1,5377827263219959;0,40211771245193084;0,13672644140313203;0,024233423751620776;0,1556708827996449;0,1350411229133278;0,40198196847845635;-0,13610368705491174;0,3258397401617265;0,31450361395928217;0,08090637713199691;0,06505012866451425;-0,004878983498310189;0,1453018789065554;0,13177164549520914
SC3 11.08.2018 07:30 Cloudy morning;FS5_SEV4_GIS_TIME;135;2018-08-11 09:45:00;True;138,0;-2,572287156530134;0,18927733612730568;0,1626459475527985;0,033402036250029535;0,18276223967228442;0,1721437591036538;0,46779642579671776;-0,1606907528439503;0,3779120299434712;0,4073598102408852;0,07444042436904527;0,053925902008744815;-0,017680412972172516;0,15556265744917866;0,14301033987177778
SC3 11.08.2018 07:30 Cloudy morning;FS5_SEV4_GIS_TIME;150;2018-08-11 10:00:00;True;138,0;-3,028360656659588;-0,0234962511642276;0,19063712714663458;0,04516181534914886;0,21251309453572234;0,21402392644698812;0,5671067700439525;-0,183541367065522;0,44707784323774913;0,13344330369668744;0,09856438440246001;0,07819171235405652;-0,05711096002051781;0,1364041608209738;0,12643040704500416
SC3 11.08.2018 07:30 Cloudy morning;FS5_SEV4_GIS_TIME;165;2018-08-11 10:15:00;True;138,0;-2,5447938784658146;0,2540108546668124;0,1699873776714124;0,03459944007336956;0,18600924727918652;0,17766744891972497;0,4716775287469348;-0,16528191712216792;0,3823736049353882;0,2711890583664568;0,08434250272122669;0,06817077595304653;-0,05018093361213108;0,12218405846423117;0,11510126684805837
SC3 11.08.2018 07:30 Cloudy morning;FS5_SEV4_GIS_TIME;180;2018-08-11 10:30:00;True;138,0;-1,1265812567177744;0,3654208845136985;0,13064555228622854;0,021757547312498557;0,14750439760393097;0,12463371903350415;0,34905106983605094;-0,12355169294235695;0,2784881226879735;0,2590666265027711;0,08706699504918758;0,06835041348810598;0,03423355999218076;0,16477992028401794;0,1577858502767386
SC3 11.08.2018 07:30 Cloudy morning;FS6_SEV4_GIS_SENSOR_TIME;0;2018-08-11 07:30:00;True;137,0;0,2894910802812749;0,3412282314802444;0,04490726538437467;0,004831316265343842;0,06950767055040646;0,034818989706063064;0,31729932307901376;-0,01875638862343027;0,18438660567333043;0,2894910802812749;0,06950767055040646;0,04490726538437467;-0,01875638862343027;0,0;0,0
SC3 11.08.2018 07:30 Cloudy morning;FS6_SEV4_GIS_SENSOR_TIME;15;2018-08-11 07:45:00;True;137,0;0,28175881712326245;0,2834228226776758;0,05903734381640176;0,006278778121428076;0,07923874129129056;0,04434291873155505;0,26837772151368366;-0,003813992215564548;0,21171146052904447;0,3332156144972066;0,0763475538672045;0,05591535610096127;-0,005479038966846188;0,008353341053471953;0,0059785856950321115
SC3 11.08.2018 07:30 Cloudy morning;FS6_SEV4_GIS_SENSOR_TIME;30;2018-08-11 08:00:00;True;138,0;-0,1725859000508818;0,23916339611793402;0,09926764789193401;0,014117432782208165;0,11881680345055647;0,09612106773377402;0,3009521538328347;0,07040799274210831;0,2526375408743456;-0,4120268277004355;0,13038481182482659;0,11095025998643987;0,08279367716910707;0,020864682016260426;0,014784144423648959
SC3 11.08.2018 07:30 Cloudy morning;FS6_SEV4_GIS_SENSOR_TIME;45;2018-08-11 08:15:00;True;138,0;-0,44184926914361955;0,22277122626260648;0,09862335229955026;0,014697507517845503;0,12123327727091066;0,09410032396175791;0,26449989151871817;0,08230927561805684;0,22954818243243366;-0,989829724774627;0,1424196361128328;0,12190487367881928;0,1088081032436864;0,035744881225841296;0,02802551060069717
SC3 11.08.2018 07:30 Cloudy morning;FS6_SEV4_GIS_SENSOR_TIME;60;2018-08-11 08:30:00;True;138,0;0,05302117837475662;0,32400740053269017;0,07800475130644545;0,009731287267425871;0,09864728717722486;0,07180823263736391;0,22595928011678287;0,052770185221927;0,19051461029073385;-0,5596730811587125;0,12659944495225905;0,1057807236640983;0,0932462060161336;0,05123806951960877;0,04136621006308933
SC3 11.08.2018 07:30 Cloudy morning;FS6_SEV4_GIS_SENSOR_TIME;75;2018-08-11 08:45:00;True;138,0;0,02448264647760945;0,33212844562063526;0,07086924036057698;0,008592364282128756;0,09269500678099525;0,05761184865770963;0,19580942157114134;0,05205522589283094;0,16837060712727;-0,9839380147098884;0,13219130511821334;0,11573470901913244;0,1042214198266687;0,06349516216428697;0,05229840097719874
SC3 11.08.2018 07:30 Cloudy morning;FS6_SEV4_GIS_SENSOR_TIME;90;2018-08-11 09:00:00;True;138,0;0,14030186326210026;0,4043212379793101;0,06863662543859496;0,007705422804717613;0,08778053773313087;0,057925810029796576;0,1863498329067932;0,04864555283315069;0,16343053245120884;-1,2466906745548179;0,1419047345252568;0,1268949530177547;0,11740208416917829;0,08069034552198771;0,06875653133602759
SC3 11.08.2018 07:30 Cloudy morning;FS6_SEV4_GIS_SENSOR_TIME;105;2018-08-11 09:15:00;True;138,0;0,40081258976034895;0,6306446743196694;0,05871078610356537;0,0052305114336999555;0,07232227481004698;0,05278374127919716;0,15447643426334606;0,04479154739664959;0,13791310409205398;-1,0003285045506827;0,13214215950506383;0,12121866204759633;0,11634649007174812;0,08467031137287391;0,07157044555166014
SC3 11.08.2018 07:30 Cloudy morning;FS6_SEV4_GIS_SENSOR_TIME;120;2018-08-11 09:30:00;True;138,0;0,5601552568651658;0,6627310462280593;0,050816690305324264;0,004200101109820863;0,06480818705858746;0,046023974356483144;0,13609636136676415;0,031296992344307155;0,12147743863448486;-0,8864958639239131;0,1342171765172531;0,12024848084666503;0,11285532763502948;0,09757432113502724;0,08168056908407775
SC3 11.08.2018 07:30 Cloudy morning;FS6_SEV4_GIS_SENSOR_TIME;135;2018-08-11 09:45:00;True;138,0;0,24370605060663642;0,2756251704393432;0,07030698188611562;0,007071592177895522;0,08409275936663942;0,06133182322336489;0,18621840456376632;0,017275822928699697;0,1675578084542822;-1,074744258883321;0,13928218659918923;0,12092910570159465;0,1125021101867328;0,11269730307275701;0,09539323641270724
SC3 11.08.2018 07:30 Cloudy morning;FS6_SEV4_GIS_SENSOR_TIME;150;2018-08-11 10:00:00;True;138,0;0,23907569155016872;0,2467948006334596;0,0759527554560112;0,008530696737909786;0,0923617709764694;0,07197949529408892;0,2097047244453859;-0,009302616372997521;0,1863961004164004;-0,22322119690079578;0,11710461797058205;0,10025014743466469;0,09005165382266855;0,11610523302185512;0,09939864326219507
SC3 11.08.2018 07:30 Cloudy morning;FS6_SEV4_GIS_SENSOR_TIME;165;2018-08-11 10:15:00;True;138,0;0,25292421658712505;0,2661479786649463;0,06732557199378118;0,007291934223731667;0,08539282302238091;0,056214248817291784;0,17365625360743783;0,011360999878277748;0,1525797520663917;-0,8484683565458455;0,13432135122085329;0,12097798845181655;0,11207265187165329;0,11845427872416837;0,10092597323523807
SC3 11.08.2018 07:30 Cloudy morning;FS6_SEV4_GIS_SENSOR_TIME;180;2018-08-11 10:30:00;True;138,0;-0,09865443088465131;0,23739281493831166;0,08833772600918835;0,011240588942720734;0,10602164374655174;0,08137317024006405;0,19892962110759457;0,05863597453859641;0,17693542624527317;-2,622572499635886;0,1925185226629566;0,17397050796352648;0,16644048780841583;0,12570429107568798;0,10801664490482189
SC3 11.08.2018 07:30 Cloudy morning;FS7_SEV12_TIME;0;2018-08-11 07:30:00;True;137,0;-0,260838063974949;-0,09198702923411939;0,07565440513113225;0,008573442609078441;0,09259288638485379;0,06947372041987576;0,5204739233533455;-0,03388440234885806;0,3018625220771739;-0,260838063974949;0,09259288638485379;0,07565440513113225;-0,03388440234885806;0,0;0,0
SC3 11.08.2018 07:30 Cloudy morning;FS7_SEV12_TIME;15;2018-08-11 07:45:00;True;137,0;-0,06104899514760431;0,025426797451859273;0,0757419081964563;0,00927556282669933;0,09630972342759235;0,060412268614769005;0,3900873782209982;-0,027494744743763698;0,27181011405821004;-0,2582645721299297;0,10487896693099488;0,08491772791158571;-0,050581656178220955;0,03298083197012066;0,026556782070955222
SC3 11.08.2018 07:30 Cloudy morning;FS7_SEV12_TIME;30;2018-08-11 08:00:00;True;138,0;0,028883613086470805;0,045066389843269605;0,08320806174884263;0,01169182600213571;0,10812874734378324;0,07048408822696883;0,3338887836987384;0,0139582846945593;0,22423611181195485;0,00040381436357050937;0,10970282858441256;0,08492666084266136;0,002957775037269627;0,02570037346551829;0,020098767796720284
SC3 11.08.2018 07:30 Cloudy morning;FS7_SEV12_TIME;45;2018-08-11 08:15:00;True;138,0;-0,09619235617268096;-0,0703655492076598;0,08032734392387328;0,01117404970175696;0,10570737770731502;0,05989631389694533;0,276589232046451;0,016225469521042018;0,20078233093054118;0,0016250564912482224;0,10088085424373555;0,07687264489308941;-0,0047432699082038095;0,03463095860186244;0,029418589736240498
SC3 11.08.2018 07:30 Cloudy morning;FS7_SEV12_TIME;60;2018-08-11 08:30:00;True;138,0;-0,19735320989492533;-0,09484858174199884;0,08727306342703274;0,01230416961813857;0,1109241615615758;0,07494415630604925;0,3271101152519645;-0,03245538390032121;0,23487840204499633;-0,05261206065352719;0,10400379443058282;0,07795554190492925;-0,02940837756062261;0,02874531339295607;0,024061189451511356
SC3 11.08.2018 07:30 Cloudy morning;FS7_SEV12_TIME;75;2018-08-11 08:45:00;True;138,0;-0,2542959691496669;-0,06740704994133906;0,07691566515412883;0,011047848452541446;0,1051087458423011;0,05607223573144887;0,28892129998312216;-0,04057239239017544;0,20015870913661102;-0,07186237059369405;0,09716466398094199;0,06976613439096217;-0,031174879413501378;0,021758070022362255;0,01753021344758462
SC3 11.08.2018 07:30 Cloudy morning;FS7_SEV12_TIME;90;2018-08-11 09:00:00;True;138,0;-0,49370830050541636;-0,21985666168245688;0,0839684583019173;0,013388017852386514;0,11570660245805559;0,061609516181172;0,3116688538169712;-0,049543070186842834;0,20919843518595357;-0,0022869543161947448;0,09478099925191036;0,06589504343508112;-0,015440222684127484;0,04652887612922653;0,03856382562198501
SC3 11.08.2018 07:30 Cloudy morning;FS7_SEV12_TIME;105;2018-08-11 09:15:00;True;138,0;-0,6546503433864559;-0,2645719156220274;0,08832211220768793;0,014444007654294494;0,12018322534486456;0,0712325978311317;0,3043803886765069;-0,05835347245311273;0,2169689044949708;-0,11969910610906376;0,09886473436513327;0,06886687158695252;-0,03152195084096611;0,037297729148978595;0,03212243178184482
SC3 11.08.2018 07:30 Cloudy morning;FS7_SEV12_TIME;120;2018-08-11 09:30:00;True;138,0;-1,0530255760479061;-0,19878224216054252;0,11006692841496692;0,019604451650354446;0,14001589784861734;0,09322266409160557;0,364889330801243;-0,09031730477537747;0,2678897155141376;-0,2634418786741286;0,10983931197589324;0,08230224093250153;-0,0429930938301306;0,05758024449600412;0,05061990443779075
SC3 11.08.2018 07:30 Cloudy morning;FS7_SEV12_TIME;135;2018-08-11 09:45:00;True;138,0;-1,5503615731293392;-0,191007754742212;0,12414612715785897;0,023846702681957235;0,15442377628447387;0,1121285490714587;0,40701292667411326;-0,11274039345865165;0,2988124269186249;-0,25957784845043164;0,10852400122016578;0,07944420922164791;-0,054830280767553294;0,0728514735112794;0,06211022633141366
SC3 11.08.2018 07:30 Cloudy morning;FS7_SEV12_TIME;150;2018-08-11 10:00:00;True;138,0;-1,8027157745072415;-0,26565681766760085;0,14860109388458448;0,03142115194556645;0,17726012508617514;0,14349668656712042;0,49290536053775924;-0,1312703930194437;0,3603688257714779;-0,4467662772794876;0,12735638146812844;0,10005279617893;-0,07860710854405495;0,06427472650746237;0,05554584370575089
SC3 11.08.2018 07:30 Cloudy morning;FS7_SEV12_TIME;165;2018-08-11 10:15:00;True;138,0;-1,9212421032606688;-0,34723729430763295;0,1418479663289429;0,028513178637996312;0,16885845740736918;0,12388778075734572;0,4383179326283404;-0,12394872656528237;0,3238373167182193;-0,4233375002135873;0,11786720567192524;0,09057510956342446;-0,07127222486789411;0,06801501139885473;0,057859464616015335
SC3 11.08.2018 07:30 Cloudy morning;FS7_SEV12_TIME;180;2018-08-11 10:30:00;True;138,0;-0,8722334529160987;-0,1073595929559088;0,10817655700379065;0,019155255790571778;0,13840251367143508;0,09448529611391324;0,331714340364386;-0,0884624344598662;0,23357476050960296;0,020602852335235955;0,1001021475706843;0,07040195025940114;-0,004982337322366648;0,09389126814817023;0,08393563427354979
SC3 11.08.2018 07:30 Cloudy morning;FS8_SEV12_GIS_TIME;0;2018-08-11 07:30:00;True;137,0;0,11437641514385055;0,21867462923497394;0,06308734344021227;0,006022060401692764;0,07760193555377833;0,05771379622485909;0,4051391430050532;-0,026630934276995057;0,2583849884382369;0,11437641514385055;0,07760193555377833;0,06308734344021227;-0,026630934276995057;0,0;0,0
SC3 11.08.2018 07:30 Cloudy morning;FS8_SEV12_GIS_TIME;15;2018-08-11 07:45:00;True;137,0;0,32544726281632874;0,3679581557945445;0,059952909866287186;0,0058968589785043275;0,07679100844828336;0,048580170321464555;0,29081441447299267;-0,019277580724192316;0,22452214407996782;0,2220023902210888;0,08246915560047699;0,06408059397140752;-0,030050663786722095;0,023771542209673847;0,01930088902327375
SC3 11.08.2018 07:30 Cloudy morning;FS8_SEV12_GIS_TIME;30;2018-08-11 08:00:00;True;138,0;0,4228920523032189;0,45405856138605605;0,06348409314738929;0,006948132891017945;0,08335546107495265;0,052899170071350435;0,2304229694422172;0,019370891591553852;0,17563668387831985;0,3053509004085494;0,09145096004718704;0,07143715586703431;0,01756704380251831;0,026610922813139284;0,02181145465473874
SC3 11.08.2018 07:30 Cloudy morning;FS8_SEV12_GIS_TIME;45;2018-08-11 08:15:00;True;138,0;0,32985801267655435;0,352203604564565;0,06037947999051414;0,00683110024570064;0,08265047032957913;0,046183703919932095;0,19779466332514534;0,01509238398209841;0,15376492014183732;0,39100327301421345;0,07878969040315384;0,059773897423146365;0,011390825834446847;0,034373700464403995;0,028812239054536472
SC3 11.08.2018 07:30 Cloudy morning;FS8_SEV12_GIS_TIME;60;2018-08-11 08:30:00;True;138,0;0,22490492673254914;0,2454586711249731;0,06991927663843621;0,007964985747608408;0,08924676883567499;0,061034226603202346;0,2401545091032826;-0,014533174527010348;0,18818113460330174;0,33941442355702867;0,08239095877759903;0,06515192006387928;-0,00396846940625982;0,03418439251908189;0,026837341683120398
SC3 11.08.2018 07:30 Cloudy morning;FS8_SEV12_GIS_TIME;75;2018-08-11 08:45:00;True;138,0;0,34645581843195217;0,39824936481095896;0,054770662232865794;0,005756422130495166;0,07587108889751858;0,04687746634760234;0,18799280645955402;-0,021358790956246983;0,14543386298314248;0,4246427112020109;0,071188140748889;0,05140762187238573;0,0038450256364463446;0,03576244432394709;0,029680286237187145
SC3 11.08.2018 07:30 Cloudy morning;FS8_SEV12_GIS_TIME;90;2018-08-11 09:00:00;True;138,0;0,20232271176008065;0,4427074535373805;0,06479675191170088;0,007149533661817245;0,08455491506599273;0,05152220395571383;0,21492015218604238;-0,046417173695057636;0,17189036043016268;0,4562192172266595;0,06981314003067653;0,05305253143866965;-0,003845842362889889;0,05602134589808664;0,045644382013183465
SC3 11.08.2018 07:30 Cloudy morning;FS8_SEV12_GIS_TIME;105;2018-08-11 09:15:00;True;138,0;-0,05097996841937946;0,3779722371492913;0,07865031968442006;0,009174362891250563;0,09578289456500343;0,07413151890672667;0,23988297224685165;-0,061192076473715405;0,19769961993670976;0,5633673884292857;0,06173746924539613;0,047537980423750605;-0,01964103744467103;0,05775159558043665;0,04958027642282684
SC3 11.08.2018 07:30 Cloudy morning;FS8_SEV12_GIS_TIME;120;2018-08-11 09:30:00;True;138,0;-0,24935159128061102;0,17937171194259527;0,09121134725928501;0,011930125543152318;0,10922511406793;0,08040538206001674;0,2689379835295842;-0,06398360635290493;0,22751342743391723;0,4881570757709851;0,06991148413247844;0,057341542068129046;-0,01336798863095599;0,07155780644634506;0,05830863807890294
SC3 11.08.2018 07:30 Cloudy morning;FS8_SEV12_GIS_TIME;135;2018-08-11 09:45:00;True;138,0;-0,27119773641129075;0,47940536689077806;0,08755099624142824;0,011886108538320481;0,10902343114358712;0,08359557117324284;0,2657282774148261;-0,08377577772125319;0,2218918078411252;0,5124237940481198;0,06752032782701353;0,051117298127482017;-0,021009215397289897;0,07498369105415228;0,06376286133097997
SC3 11.08.2018 07:30 Cloudy morning;FS8_SEV12_GIS_TIME;150;2018-08-11 10:00:00;True;138,0;-0,9466053470424693;0,3461538987534656;0,12750312829539678;0,021823326840277685;0,14772720413071413;0,11427671678346252;0,38785370986322015;-0,1203872097401665;0,31991474337235803;0,0043019522890054285;0,10565385560522744;0,08934872042194374;-0,07155704268044735;0,0650069941076125;0,05575806922211811
SC3 11.08.2018 07:30 Cloudy morning;FS8_SEV12_GIS_TIME;165;2018-08-11 10:15:00;True;138,0;-0,6998616421108348;0,31322583734153775;0,10777935497590359;0,016591729458946197;0,12880888734457027;0,10013145389273218;0,3130580028476934;-0,09944032059581767;0,25833228229544697;0,288456178116006;0,08333738481401468;0,0675025450996039;-0,057292414739824674;0,06439151260100151;0,05598432054419233
SC3 11.08.2018 07:30 Cloudy morning;FS8_SEV12_GIS_TIME;180;2018-08-11 10:30:00;True;138,0;-0,006620710476769931;0,4330541966312581;0,08115998232797116;0,010298970549445535;0,10148384378533135;0,0704472586930957;0,23220899452355862;-0,06707023339989589;0,1830294743617028;0,543283963021819;0,06835764749053579;0,05215901756210326;0,007261851052864501;0,09098890106166067;0,07952391410219496
SC3 11.08.2018 07:30 Cloudy morning;FS9_SEV12_GIS_SENSOR_TIME;0;2018-08-11 07:30:00;True;137,0;0,3031429431352759;0,3386257944668323;0,04395270891601319;0,004738486372251312;0,06883666444745352;0,03356437250134464;0,30298205234720044;-0,01553306725258862;0,17897105490099696;0,3031429431352759;0,06883666444745352;0,04395270891601319;-0,01553306725258862;0,0;0,0
SC3 11.08.2018 07:30 Cloudy morning;FS9_SEV12_GIS_SENSOR_TIME;15;2018-08-11 07:45:00;True;137,0;0,27914258015950144;0,2798927215400955;0,05921692919572166;0,006301648950614925;0,07938292606483414;0,04820075798007967;0,2605331793340873;0,002560790076704637;0,20906880130418845;0,33062712956546225;0,07649560252565607;0,05481679151957819;-0,0039278054701287046;0,012765852143211654;0,009834305167216876
SC3 11.08.2018 07:30 Cloudy morning;FS9_SEV12_GIS_SENSOR_TIME;30;2018-08-11 08:00:00;True;138,0;-0,20275974845787825;0,2379925618197004;0,10063974291685919;0,014480713013232456;0,12033583428568756;0,10081815841157912;0,2994969954779261;0,07284551687476494;0,2547069268011322;-0,39733755749445265;0,1297048442547822;0,10891973783064741;0,08159201793479219;0,018494148725101273;0,012631355368100323
SC3 11.08.2018 07:30 Cloudy morning;FS9_SEV12_GIS_SENSOR_TIME;45;2018-08-11 08:15:00;True;138,0;-0,423180311543339;0,24292922858436372;0,09797899343686117;0,014507205278525137;0,12044586036275857;0,09442631461598344;0,26081102955389507;0,0824014286750337;0,22712411159836934;-0,9504129252489593;0,14100197565992623;0,11918854266224575;0,10503753719386826;0,03420794682930258;0,026248645833760933
SC3 11.08.2018 07:30 Cloudy morning;FS9_SEV12_GIS_SENSOR_TIME;60;2018-08-11 08:30:00;True;138,0;-0,00039851204728247325;0,32010307310564323;0,07900808577677222;0,010280235502975264;0,101391496206414;0,07264824186886193;0,2279780623444795;0,05738919120655877;0,18936020393731762;-0,49906196599550734;0,12411515272844681;0,10346338195668597;0,09013026108862592;0,043606898048769306;0,03485846922431728
SC3 11.08.2018 07:30 Cloudy morning;FS9_SEV12_GIS_SENSOR_TIME;75;2018-08-11 08:45:00;True;138,0;-0,1447513468002526;0,32098639323640665;0,08054205624758583;0,01008297858428565;0,10041403579323784;0,07126163468681848;0,2199095153798935;0,06404858751464258;0,1886907103663113;-1,0037661054587805;0,13285024321859454;0,11597780587563862;0,10441572546200194;0,05044284724756736;0,041108494418237926
SC3 11.08.2018 07:30 Cloudy morning;FS9_SEV12_GIS_SENSOR_TIME;90;2018-08-11 09:00:00;True;138,0;-0,0754276013953894;0,40607418703556575;0,08070956535496318;0,009638993049418669;0,09817837363400694;0,07263507749056311;0,20900693653104524;0,06569377164032925;0,1833904425697069;-1,2700984966097213;0,14264205755996046;0,1273846610273092;0,11790648277669623;0,06142467731407322;0,05228585467386069
SC3 11.08.2018 07:30 Cloudy morning;FS9_SEV12_GIS_SENSOR_TIME;105;2018-08-11 09:15:00;True;138,0;0,21704624202161948;0,6671257018243731;0,07147254270607721;0,006834670610863354;0,08267206669040852;0,07069271099069208;0,18311215688300145;0,06268091605153972;0,162052752292416;-1,0292187081542759;0,1330929854178967;0,12232423652410186;0,11789244725909905;0,0660034159328834;0,0554047131276541
SC3 11.08.2018 07:30 Cloudy morning;FS9_SEV12_GIS_SENSOR_TIME;120;2018-08-11 09:30:00;True;138,0;0,37719128697848403;0,6438004803002939;0,06514340607249128;0,005947233899225851;0,07711831105013808;0,06203164403385808;0,16611676790709246;0,050456570701495965;0,14842918302575575;-0,856001932508111;0,1331279921016534;0,12005041439723813;0,11352600985802355;0,0767383882854837;0,0638745959748622
SC3 11.08.2018 07:30 Cloudy morning;FS9_SEV12_GIS_SENSOR_TIME;135;2018-08-11 09:45:00;True;138,0;0,11111331459382479;0,30207101222742616;0,07426359941742235;0,008311376993820684;0,09116675377472143;0,06631335052850734;0,1913580745492761;0,04225536673507733;0,1707619640881931;-1,0227840050652048;0,13752702419536328;0,11959803865333903;0,11227384872625268;0,08521940174583763;0,07051954900437166
SC3 11.08.2018 07:30 Cloudy morning;FS9_SEV12_GIS_SENSOR_TIME;150;2018-08-11 10:00:00;True;138,0;0,3128826906493499;0,33891091051585986;0,06862478370189785;0,0077032489622788835;0,08776815460221825;0,06329812192096801;0,18911102604148525;0,01708219817151587;0,1642188596285833;-0,19052469921175375;0,11552892372941348;0,09867230476084479;0,0891203614810278;0,08576336902164616;0,07241774463108268
SC3 11.08.2018 07:30 Cloudy morning;FS9_SEV12_GIS_SENSOR_TIME;165;2018-08-11 10:15:00;True;138,0;0,16754630168614937;0,3073484124882955;0,07277307222371734;0,008125276909226275;0,09014031788953418;0,06858636074262059;0,1869386462584729;0,0369399162193846;0,16242332082868166;-0,8229574506019588;0,13339123939021624;0,12035791523492242;0,1115750363787236;0,09055904389917054;0,07569323359664691
SC3 11.08.2018 07:30 Cloudy morning;FS9_SEV12_GIS_SENSOR_TIME;180;2018-08-11 10:30:00;True;138,0;-0,21214127353814516;0,28081641187011286;0,09242374996069805;0,012401699217994437;0,11136291670926385;0,09008285592591456;0,20858823004697816;0,07101805898837657;0,18294821777546008;-2,5621408565168684;0,19090597522326105;0,17238224512070008;0,16574555071294464;0,11071755314297413;0,0950299574921002
SC4 12.08.2018 12:00 Sunny Summerday;FS1_TIME;0;2018-08-12 12:00:00;False;138,0;-0,8039005754892365;0,0;0,15116048066599674;0,030043340265585694;0,17333014817274486;0,14795722347617551;0,31474441834557465;0,11570949002748487;0,23006900701227104;-0,8039005754892365;0,17333014817274486;0,15116048066599674;0,11570949002748487;0,0;0,0
SC4 12.08.2018 12:00 Sunny Summerday;FS1_TIME;15;2018-08-12 12:15:00;False;138,0;-0,7435384815112263;2,220446049250313e-16;0,14805752442315795;0,02882724378294634;0,16978587627640393;0,14881050580559357;0,31524396187926346;0,11087599161090358;0,2280141933424916;-0,7435384815112263;0,16978587627640393;0,14805752442315795;0,11087599161090358;0,0;0,0
SC4 12.08.2018 12:00 Sunny Summerday;FS1_TIME;30;2018-08-12 12:30:00;False;138,0;-0,8138172060399138;-2,220446049250313e-16;0,14552360090385033;0,027921488114574667;0,16709724149301408;0,14077278958431105;0,31645720667817867;0,11192728147236916;0,22545348294237771;-0,8138172060399138;0,16709724149301408;0,14552360090385033;0,11192728147236916;0,0;0,0
SC4 12.08.2018 12:00 Sunny Summerday;FS1_TIME;45;2018-08-12 12:45:00;False;138,0;-0,8803363121300354;-2,220446049250313e-16;0,14247059919541;0,02710101464402591;0,16462385806445526;0,13581216077138764;0,3229308772033892;0,11264173129957727;0,22313463299296443;-0,8803363121300354;0,16462385806445526;0,14247059919541;0,11264173129957727;0,0;0,0
SC4 12.08.2018 12:00 Sunny Summerday;FS1_TIME;60;2018-08-12 13:00:00;False;138,0;-0,9660759588381267;0,0;0,1451987554415147;0,02747079043833939;0,16574314597695855;0,14276779343744717;0,3269513037309735;0,11618259406186217;0,23130110869162018;-0,9660759588381267;0,16574314597695855;0,1451987554415147;0,11618259406186217;0,0;0,0
SC4 12.08.2018 12:00 Sunny Summerday;FS1_TIME;75;2018-08-12 13:15:00;False;138,0;-1,0432592735799138;1,1102230246251565e-16;0,14478709265521789;0,027362105651648743;0,1654149499037156;0,1392479614376616;0,34251252007493904;0,11819773255053853;0,23494989729981403;-1,0432592735799138;0,1654149499037156;0,14478709265521789;0,11819773255053853;0,0;0,0
SC4 12.08.2018 12:00 Sunny Summerday;FS1_TIME;90;2018-08-12 13:30:00;False;138,0;-1,0066236734128573;-2,220446049250313e-16;0,13873841002285675;0,025376764573385585;0,1593008618099274;0,1338347907895604;0,34036936475953977;0,11282847790684035;0,2318643577792557;-1,0066236734128573;0,1593008618099274;0,13873841002285675;0,11282847790684035;0,0;0,0
SC4 12.08.2018 12:00 Sunny Summerday;FS1_TIME;105;2018-08-12 13:45:00;False;138,0;-1,093089831313307;-2,220446049250313e-16;0,13815132565348162;0,025096089681024104;0,1584174538396073;0,13213743219282392;0,35591545579117473;0,11448195099179184;0,23770530690234554;-1,093089831313307;0,1584174538396073;0,13815132565348162;0,11448195099179184;0,0;0,0
SC4 12.08.2018 12:00 Sunny Summerday;FS1_TIME;120;2018-08-12 14:00:00;False;138,0;-1,1663255354234878;0,0;0,13721054526852147;0,024753907218080254;0,15733374468968903;0,13102883938014825;0,37568354188728953;0,1154436134564969;0,24517149677722164;-1,1663255354234878;0,15733374468968903;0,13721054526852147;0,1154436134564969;0,0;0,0
SC4 12.08.2018 12:00 Sunny Summerday;FS1_TIME;135;2018-08-12 14:15:00;False;138,0;-1,3434091763012672;0,0;0,13944549765594677;0,025440502772647804;0,15950079238877718;0,1356072158470948;0,4198722225224482;0,12076551481778561;0,2577569217700452;-1,3434091763012672;0,15950079238877718;0,13944549765594677;0,12076551481778561;0,0;0,0
SC4 12.08.2018 12:00 Sunny Summerday;FS1_TIME;150;2018-08-12 14:30:00;False;138,0;-1,358753818575949;0,0;0,13509053005830007;0,023991166517340963;0,15489082128176918;0,12933987392318147;0,45933471971538686;0,11755869684940366;0,26145781739964397;-1,358753818575949;0,15489082128176918;0,13509053005830007;0,11755869684940366;0,0;0,0
SC4 12.08.2018 12:00 Sunny Summerday;FS1_TIME;165;2018-08-12 14:45:00;False;138,0;-1,2698284355319833;0,0;0,12988951189445658;0,022695711793335734;0,1506509601474074;0,12685277121569127;0,507785520053125;0,1126802785149764;0,2643295356750574;-1,2698284355319833;0,1506509601474074;0,12988951189445658;0,1126802785149764;0,0;0,0
SC4 12.08.2018 12:00 Sunny Summerday;FS1_TIME;180;2018-08-12 15:00:00;False;138,0;-1,083168784163842;0,0;0,12296424888932421;0,020659420267440033;0,14373385219717738;0,11402469890336109;0,55313873481752;0,10364417607662083;0,271043721966374;-1,083168784163842;0,14373385219717738;0,12296424888932421;0,10364417607662083;0,0;0,0
SC4 12.08.2018 12:00 Sunny Summerday;FS2_GIS_TIME;0;2018-08-12 12:00:00;False;138,0;-0,9456205631447336;0,20959245815490857;0,1641079857234145;0,03240363765083042;0,1800101043020375;0,1728804673523422;0,3039253594337664;0,13870714969905062;0,24950970720670185;-0,9456205631447336;0,1800101043020375;0,1641079857234145;0,13870714969905062;0,0;0,0
SC4 12.08.2018 12:00 Sunny Summerday;FS2_GIS_TIME;15;2018-08-12 12:15:00;False;138,0;-0,9416883497451416;0,19743480575810102;0,16323601435389487;0,03210340580501238;0,17917423309452835;0,1680938207269892;0,3061503161617082;0,1372369734791326;0,2501959378978311;-0,9416883497451416;0,17917423309452835;0,16323601435389487;0,1372369734791326;0,0;0,0
SC4 12.08.2018 12:00 Sunny Summerday;FS2_GIS_TIME;30;2018-08-12 12:30:00;False;138,0;-1,0092182373552223;0,19918566109042435;0,15926026219106543;0,030929446995589912;0,17586769741936667;0,1632033479759491;0,3044490872223824;0,13638875989920568;0,24592264582908357;-1,0092182373552223;0,17586769741936667;0,15926026219106543;0,13638875989920568;0,0;0,0
SC4 12.08.2018 12:00 Sunny Summerday;FS2_GIS_TIME;45;2018-08-12 12:45:00;False;138,0;-1,0160315794988972;0,20218988150612305;0,15333959748716236;0,029056770858680244;0,17046046714320667;0,1557472248684454;0,30537874659305314;0,13250678960807155;0,2403509409532376;-1,0160315794988972;0,17046046714320667;0,15333959748716236;0,13250678960807155;0,0;0,0
SC4 12.08.2018 12:00 Sunny Summerday;FS2_GIS_TIME;60;2018-08-12 13:00:00;False;138,0;-1,0616599292718312;0,1949359472113238;0,15340815440642763;0,02880632745523087;0,16972426890468809;0,1547740888213744;0,3073972185002618;0,13250529909273537;0,24478449497452592;-1,0616599292718312;0,16972426890468809;0,15340815440642763;0,13250529909273537;0,0;0,0
SC4 12.08.2018 12:00 Sunny Summerday;FS2_GIS_TIME;75;2018-08-12 13:15:00;False;138,0;-1,092992677300554;0,19508088542102342;0,15092975979546497;0,0280281056373657;0,1674159658974188;0,15482120265802635;0,31568031355005916;0,13133586890458412;0,24591230561349117;-1,092992677300554;0,1674159658974188;0,15092975979546497;0,13133586890458412;0,0;0,0
SC4 12.08.2018 12:00 Sunny Summerday;FS2_GIS_TIME;90;2018-08-12 13:30:00;False;138,0;-1,3761963965861201;0,19090173391491183;0,1574400874268077;0,030050565701607045;0,1733509899066257;0,1629166485367895;0,3317455448027533;0,1407775023575761;0,2617690069500053;-1,3761963965861201;0,1733509899066257;0,1574400874268077;0,1407775023575761;0,0;0,0
SC4 12.08.2018 12:00 Sunny Summerday;FS2_GIS_TIME;105;2018-08-12 13:45:00;False;138,0;-1,7886631658252004;0,19043731868898295;0,16738634548930195;0,033435994887905066;0,18285511993899725;0,16805191338394843;0,3599737868497789;0,1540433722647711;0,2848479275018783;-1,7886631658252004;0,18285511993899725;0,16738634548930195;0,1540433722647711;0,0;0,0
SC4 12.08.2018 12:00 Sunny Summerday;FS2_GIS_TIME;120;2018-08-12 14:00:00;False;138,0;-1,4408413059283265;0,1889631012623061;0,15066153016200612;0,0278907108987183;0,1670051223726934;0,14597352871433372;0,3546868804342044;0,136467037528823;0,268450348469618;-1,4408413059283265;0,1670051223726934;0,15066153016200612;0,136467037528823;0,0;0,0
SC4 12.08.2018 12:00 Sunny Summerday;FS2_GIS_TIME;135;2018-08-12 14:15:00;False;138,0;-1,5363780773511468;0,18470300182357224;0,14891911850664416;0,027535410444701373;0,16593797167827914;0,14261641147562726;0,37840880548668565;0,1366908508800459;0,2751847630061679;-1,5363780773511468;0,16593797167827914;0,14891911850664416;0,1366908508800459;0,0;0,0
SC4 12.08.2018 12:00 Sunny Summerday;FS2_GIS_TIME;150;2018-08-12 14:30:00;False;138,0;-1,4389335026118122;0,1873336702153373;0,1398938051101242;0,024806683650101143;0,15750137666097125;0,1376620976232037;0,39687733775766443;0,12861165362704194;0,27068768375489516;-1,4389335026118122;0,15750137666097125;0,1398938051101242;0,12861165362704194;0,0;0,0
SC4 12.08.2018 12:00 Sunny Summerday;FS2_GIS_TIME;165;2018-08-12 14:45:00;False;138,0;-1,4881282615067422;0,17736041977353234;0,1394500456810746;0,024878462637981526;0,15772907987426266;0,13878184979830618;0,434032565719349;0,12904650011954824;0,28327279798821714;-1,4881282615067422;0,15772907987426266;0,1394500456810746;0,12904650011954824;0,0;0,0
SC4 12.08.2018 12:00 Sunny Summerday;FS2_GIS_TIME;180;2018-08-12 15:00:00;False;138,0;-1,922462816294598;0,14735233416264548;0,15322966012654124;0,028982955196321658;0,17024381103676473;0,1477437455883563;0,50118428361286;0,14327242654703276;0,33297812325518844;-1,922462816294598;0,17024381103676473;0,15322966012654124;0,14327242654703276;0,0;0,0
SC4 12.08.2018 12:00 Sunny Summerday;FS3_GIS_SENSOR_TIME;0;2018-08-12 12:00:00;False;138,0;0,7215936259385001;0,7333757007560697;0,03977022856693675;0,00463676188238318;0,06809377271368638;0,026812179194248165;0,10283019723968871;0,014008082725583843;0,07661145927588434;0,7215936259385001;0,06809377271368638;0,03977022856693675;0,014008082725583843;0,0;0,0
SC4 12.08.2018 12:00 Sunny Summerday;FS3_GIS_SENSOR_TIME;15;2018-08-12 12:15:00;False;138,0;0,7128304360859398;0,7175772338558638;0,03939734654719717;0,004747992151465285;0,06890567575653898;0,024642944431710057;0,10488800382406355;0,00885902968001702;0,0781238057405189;0,7128304360859398;0,06890567575653898;0,03939734654719717;0,00885902968001702;0,0;0,0
SC4 12.08.2018 12:00 Sunny Summerday;FS3_GIS_SENSOR_TIME;30;2018-08-12 12:30:00;False;138,0;0,7476395624768504;0,7501220041928749;0,03670708048470013;0,0038847789807196415;0,06232799516043847;0,023087147847794143;0,10210759219435328;0,006181758748579494;0,07332616380826457;0,7476395624768504;0,06232799516043847;0,03670708048470013;0,006181758748579494;0,0;0,0
SC4 12.08.2018 12:00 Sunny Summerday;FS3_GIS_SENSOR_TIME;45;2018-08-12 12:45:00;False;138,0;0,7441545330245618;0,745590294111128;0,03610429966767126;0,003687463621470229;0,060724489470642976;0,02212357914349211;0,10288233088366264;0,004549001689955681;0,07267072821805443;0,7441545330245618;0,060724489470642976;0,03610429966767126;0,004549001689955681;0,0;0,0
SC4 12.08.2018 12:00 Sunny Summerday;FS3_GIS_SENSOR_TIME;60;2018-08-12 13:00:00;False;138,0;0,7299390288105835;0,7310238079177176;0,03718966743428879;0,0037733986379158437;0,061427995555087454;0,0263201953122974;0,10780353873706096;0,003893194378832093;0,07499193485295842;0,7299390288105835;0,061427995555087454;0,03718966743428879;0,003893194378832093;0,0;0,0
SC4 12.08.2018 12:00 Sunny Summerday;FS3_GIS_SENSOR_TIME;75;2018-08-12 13:15:00;False;138,0;0,6943240467905658;0,6950791157674525;0,04040635934045293;0,0040934294707645445;0,06397991458859995;0,029102770832640013;0,11587423939188571;0,0031798477886876425;0,08060041970389764;0,6943240467905658;0,06397991458859995;0,04040635934045293;0,0031798477886876425;0,0;0,0
SC4 12.08.2018 12:00 Sunny Summerday;FS3_GIS_SENSOR_TIME;90;2018-08-12 13:30:00;False;138,0;0,6937114310138379;0,6982058916602689;0,04151269500144348;0,0038734781263002724;0,06223727280577349;0,031776456090585214;0,12215424742679966;-0,007539177191813888;0,0852821291508743;0,6937114310138379;0,06223727280577349;0,04151269500144348;-0,007539177191813888;0,0;0,0
SC4 12.08.2018 12:00 Sunny Summerday;FS3_GIS_SENSOR_TIME;105;2018-08-12 13:45:00;False;138,0;0,6376987660161353;0,6553782512908;0,04644841267551394;0,0043439818604917605;0,06590889060279925;0,03453916998187734;0,13927335517641148;-0,014559414261528802;0,09677325480799229;0,6376987660161353;0,06590889060279925;0,04644841267551394;-0,014559414261528802;0,0;0,0
SC4 12.08.2018 12:00 Sunny Summerday;FS3_GIS_SENSOR_TIME;120;2018-08-12 14:00:00;False;138,0;0,53095949974254;0,5457405614048254;0,05337303425300566;0,0053595753893125745;0,07320912094344921;0,04362407200276869;0,16993873222880418;-0,012996093712137488;0,11486513317229778;0,53095949974254;0,07320912094344921;0,05337303425300566;-0,012996093712137488;0,0;0,0
SC4 12.08.2018 12:00 Sunny Summerday;FS3_GIS_SENSOR_TIME;135;2018-08-12 14:15:00;False;138,0;0,41447065120432314;0,4347152450259709;0,06074981902954675;0,006356619736812039;0,07972841235602299;0,05106733446470535;0,19620097292887717;-0,014824952676249508;0,13380736518746372;0,41447065120432314;0,07972841235602299;0,06074981902954675;-0,014824952676249508;0,0;0,0
SC4 12.08.2018 12:00 Sunny Summerday;FS3_GIS_SENSOR_TIME;150;2018-08-12 14:30:00;False;138,0;0,2883142870922849;0,35175346434849186;0,06688288117620614;0,0072386402989226325;0,08508019921769479;0,06211911529437045;0,21943611779606767;-0,02540172122030452;0,15336185544152542;0,2883142870922849;0,08508019921769479;0,06688288117620614;-0,02540172122030452;0,0;0,0
SC4 12.08.2018 12:00 Sunny Summerday;FS3_GIS_SENSOR_TIME;165;2018-08-12 14:45:00;False;138,0;0,0689534702083785;0,3721498859902632;0,08046381039678352;0,009309410075032198;0,09648528424082192;0,0771538260377565;0,24870047942613865;-0,05506015367963317;0,18615935519607904;0,0689534702083785;0,09648528424082192;0,08046381039678352;-0,05506015367963317;0,0;0,0
SC4 12.08.2018 12:00 Sunny Summerday;FS3_GIS_SENSOR_TIME;180;2018-08-12 15:00:00;False;138,0;0,1376832245777051;0,23021428627103357;0,0710757791137191;0,00855185849679655;0,0924762590981953;0,05643730797875798;0,25381654647933866;-0,030292883055680477;0,17757996892840042;0,1376832245777051;0,0924762590981953;0,0710757791137191;-0,030292883055680477;0,0;0,0
SC4 12.08.2018 12:00 Sunny Summerday;FS4_SEV4_TIME;0;2018-08-12 12:00:00;True;138,0;-0,026988251231109928;0,0004170206818990829;0,09236474375498971;0,017104134174427587;0,13078277476192188;0,07641988926779308;0,2595932443916354;0,021364113052190416;0,1534584504356202;-0,026988251231109928;0,13078277476192188;0,09236474375498971;0,021364113052190416;0,0;0,0
SC4 12.08.2018 12:00 Sunny Summerday;FS4_SEV4_TIME;15;2018-08-12 12:15:00;True;138,0;-0,015768266471920978;-0,00020133003249367398;0,09095425517253206;0,016794466973385425;0,1295934680969123;0,07011775253156222;0,26309328513762764;0,016043065918055044;0,1535957135074953;-0,015177437619776635;0,1295557731325268;0,09092563846427412;0,016028682626202398;0,0002455534375104369;4,860154096631036e-05
SC4 12.08.2018 12:00 Sunny Summerday;FS4_SEV4_TIME;30;2018-08-12 12:30:00;True;138,0;-0,005789401201363509;0,0005174391318387705;0,08519549807071139;0,015482892497597722;0,12443027162872274;0,06450676647285519;0,2613872746669041;0,009853225904337515;0,14583268401312036;-0,0009825245666394977;0,12413257644842327;0,0855279226768135;0,010674352016377054;0,0059517766982627035;0,0009690307188725126
SC4 12.08.2018 12:00 Sunny Summerday;FS4_SEV4_TIME;45;2018-08-12 12:45:00;True;138,0;0,0026214505028018253;0,0045972435914215515;0,0802246748201452;0,014375072427836845;0,11989609012739676;0,059307946325720395;0,26631513254926426;0,005336367615116548;0,13939594567959684;0,01737702285072662;0,11900589272359452;0,08006336996618064;0,006694602411087741;0,007919012671008873;0,0014689318511797035
SC4 12.08.2018 12:00 Sunny Summerday;FS4_SEV4_TIME;60;2018-08-12 13:00:00;True;138,0;0,009392398670921565;0,012671578474965473;0,07973230378398499;0,013841160968581723;0,11764846351985105;0,059429199853341275;0,26097373211247826;0,006768899201583473;0,14152273323176146;-0,0010787266165812603;0,11826862504517802;0,07995183935247108;0,00680479026801029;0,002879167494717326;0,00046294841213502747
SC4 12.08.2018 12:00 Sunny Summerday;FS4_SEV4_TIME;75;2018-08-12 13:15:00;True;138,0;0,0024511724567082283;0,0050229323727750685;0,07827024979465995;0,01335857703662606;0,11557931059071974;0,05705822034977864;0,27669615975713513;0,005868515147707178;0,1415981323696336;-0,0028715632090625665;0,11588725524369768;0,07809300998444887;0,0054021979933480515;0,0029812279888476395;0,0005404566941053971
SC4 12.08.2018 12:00 Sunny Summerday;FS4_SEV4_TIME;90;2018-08-12 13:30:00;True;138,0;0,010845086788685343;0,012267076965200019;0,07626599909836015;0,012509346765793194;0,11184519107137864;0,05384515441173948;0,2773501431169571;0,004240660037515719;0,1419451269831468;0,0013697869390962847;0,1123796073015692;0,07608741256871134;0,0043975807107064025;0,002817912213692916;0,0009280795204466667
SC4 12.08.2018 12:00 Sunny Summerday;FS4_SEV4_TIME;105;2018-08-12 13:45:00;True;138,0;-0,017386842502738142;-0,006148353591062694;0,07650407531039292;0,012198440342965291;0,11044654971055136;0,05804768242018471;0,2944202922631065;0,011608151182280679;0,14496917689407188;-0,014544657402598249;0,11029216935736019;0,07601712220736889;0,01167903017519065;0,0033852302752633684;0,0010288491629172063
SC4 12.08.2018 12:00 Sunny Summerday;FS4_SEV4_TIME;120;2018-08-12 14:00:00;True;138,0;-0,004813206679269211;0,0075831673686490575;0,07456884393154577;0,011481678299461107;0,10715259352652697;0,0582877697326219;0,31257945553034666;0,01190165497326393;0,14675932438610081;-0,011928053205175981;0,10753128553679689;0,07452174983961359;0,011919384655598886;0,0037279517364861934;0,001043755615103072
SC4 12.08.2018 12:00 Sunny Summerday;FS4_SEV4_TIME;135;2018-08-12 14:15:00;True;138,0;-0,03534529318491275;-0,003801208079465379;0,07563373960086991;0,011239908535090761;0,1060184348832351;0,05944443568436125;0,361025010959433;0,01850536901362918;0,15278021931853236;-0,037340513737385894;0,10612054011779196;0,07566799920610487;0,019018225409841272;0,002452613113491055;0,000802230683789737
SC4 12.08.2018 12:00 Sunny Summerday;FS4_SEV4_TIME;150;2018-08-12 14:30:00;True;138,0;-0,05409162653991251;-0,006159453841863671;0,07474085520261493;0,010721291699750798;0,10354367049583861;0,060215865559377024;0,40893262358162547;0,02207994219682058;0,15735506818143463;-0,07549707971619735;0,10458971803166418;0,07512733127977049;0,0231741728499718;0,007342688718843655;0,00133356727335764
SC4 12.08.2018 12:00 Sunny Summerday;FS4_SEV4_TIME;165;2018-08-12 14:45:00;True;138,0;-0,04991157012544267;-0,0051175597697015185;0,07540512834671943;0,010497925759957682;0,1024593859046485;0,05955048850472264;0,4771338423451306;0,021163396117849943;0,16745045195251237;-0,04383924546732376;0,10216266145507642;0,0751799669418259;0,02129430206308189;0,003737889538265402;0,001252309891624727
SC4 12.08.2018 12:00 Sunny Summerday;FS4_SEV4_TIME;180;2018-08-12 15:00:00;True;138,0;-0,016380009284771235;-0,010372826401064295;0,07388563392995441;0,010079750581356257;0,10039796104182722;0,053729651082258356;0,5528567589473026;0,007718488520803227;0,18115387071287295;0,010676147568739469;0,09905264469373681;0,07318580017626353;0,007904954201402439;0,004324947005828729;0,0017509241250978
SC4 12.08.2018 12:00 Sunny Summerday;FS5_SEV4_GIS_TIME;0;2018-08-12 12:00:00;True;138,0;0,4693308741181127;0,4704432582707474;0,06285397795683127;0,008838110777245327;0,09401122686809979;0,04667405484578546;0,18433428453231432;0,004304227384904357;0,11439683919691442;0,4693308741181127;0,09401122686809979;0,06285397795683127;0,004304227384904357;0,0;0,0
SC4 12.08.2018 12:00 Sunny Summerday;FS5_SEV4_GIS_TIME;15;2018-08-12 12:15:00;True;138,0;0,45866238698675355;0,4586704323160994;0,06251532707179365;0,008950345234528534;0,09460626424570698;0,04667259702032778;0,18748409574317051;-0,0003647184264384359;0,11573204880694117;0,45458015735667356;0,0949623074299675;0,06345464859564891;0,0021106464901280535;0,004194812271708959;0,0032466900521430416
SC4 12.08.2018 12:00 Sunny Summerday;FS5_SEV4_GIS_TIME;30;2018-08-12 12:30:00;True;138,0;0,48471130768539183;0,4848760904241136;0,059735824985440014;0,007932236528646342;0,08906310419385989;0,04273773656825963;0,18344712786957826;0,001592679463242052;0,11099875297411688;0,47705326083933175;0,08972247630360232;0,06028485971332164;0,0035927407454552363;0,007022025838064116;0,0038809700720552087
SC4 12.08.2018 12:00 Sunny Summerday;FS5_SEV4_GIS_TIME;45;2018-08-12 12:45:00;True;138,0;0,5051146848474036;0,5053188858759752;0,05663576100245048;0,007132710295782655;0,0844553745819806;0,04024636517138502;0,18479028087608002;-0,0017155523362705253;0,10697854886862355;0,502336515289391;0,08469209910508894;0,056421675492607105;0,00039966128637898617;0,00989915481826288;0,004647513500590256
SC4 12.08.2018 12:00 Sunny Summerday;FS5_SEV4_GIS_TIME;60;2018-08-12 13:00:00;True;138,0;0,49776008627908286;0,498623611589319;0,05618812917509563;0,0070174945975894085;0,08377048762893415;0,03865541790200827;0,18300590926914959;-0,003473545301983018;0,10836959722857431;0,48579139327921217;0,08476276250284358;0,05643074813314198;-0,0034058070527329372;0,005055247058583509;0,003809521973565005
SC4 12.08.2018 12:00 Sunny Summerday;FS5_SEV4_GIS_TIME;75;2018-08-12 13:15:00;True;138,0;0,47762447594187696;0,47793827336492367;0,05672386896715363;0,006995340466054035;0,08363815197655933;0,03717675298811901;0,189997993799952;0,0020499237389517092;0,10979534358354241;0,4690290680664079;0,08432345477650528;0,05666363635990899;-0,00011476492425452787;0,006728503932993095;0,004460819065570831
SC4 12.08.2018 12:00 Sunny Summerday;FS5_SEV4_GIS_TIME;90;2018-08-12 13:30:00;True;138,0;0,4890779502117676;0,48995353382676277;0,055769110332121806;0,00646137526663174;0,08038268014088445;0,039219939802939474;0,19143182557726587;0,003327621889551379;0,1100714809212476;0,482031426157834;0,08093509206188863;0,055546502882349504;0,0010287810415512259;0,006236585541697184;0,004301463510247244
SC4 12.08.2018 12:00 Sunny Summerday;FS5_SEV4_GIS_TIME;105;2018-08-12 13:45:00;True;138,0;0,4774015038661227;0,4774154270097558;0,055527997788805634;0,006265941638020862;0,07915770106578932;0,04095816626369475;0,20371523345999076;-0,00040858060449041803;0,11285564873079218;0,47039959367182804;0,07968622433799354;0,05527464685351313;-0,002539178555786002;0,006552863457276871;0,004318868754890518
SC4 12.08.2018 12:00 Sunny Summerday;FS5_SEV4_GIS_TIME;120;2018-08-12 14:00:00;True;138,0;0,48084584388793916;0,48183232844277013;0,05389063906850371;0,005932208064826456;0,0770208287726538;0,040764146389804634;0,21948934533583478;-0,003357416070766034;0,11360072032449792;0,4540480580125321;0,0789836550862503;0,05445438089421182;-0,005800805693665535;0,008083102765162569;0,004257534178432779
SC4 12.08.2018 12:00 Sunny Summerday;FS5_SEV4_GIS_TIME;135;2018-08-12 14:15:00;True;138,0;0,42095022555643347;0,42325645522628685;0,056966700061256426;0,006286276225769456;0,07928604054793918;0,04549769324322733;0,2581448049211785;0,00500368612799013;0,1220106276191396;0,42194118224920185;0,07921816842402074;0,056815255670421776;0,0032061818908255078;0,0050603647688482085;0,003210554142361102
SC4 12.08.2018 12:00 Sunny Summerday;FS5_SEV4_GIS_TIME;150;2018-08-12 14:30:00;True;138,0;0,3811472037381407;0,41659301322561204;0,05735432497326192;0,00629442562759853;0,07933741631537121;0,04524356829637055;0,2754740055742913;0,018987457897835073;0,1246077156996546;0,36459415045444543;0,08039147160944182;0,0574768298656194;0,01778353175266848;0,007967742420288776;0,0034410385549932285
SC4 12.08.2018 12:00 Sunny Summerday;FS5_SEV4_GIS_TIME;165;2018-08-12 14:45:00;True;138,0;0,37222136018542307;0,391978415063716;0,05788629146256101;0,006277074890862693;0,07922799310131927;0,04492582925019031;0,31810433146679895;0,014055182555655523;0,13324906387220017;0,3964439928252904;0,07768446445550654;0,0573595691415184;0,011240873336298194;0,00754395211320689;0,003605710308782864
SC4 12.08.2018 12:00 Sunny Summerday;FS5_SEV4_GIS_TIME;180;2018-08-12 15:00:00;True;138,0;0,3072838326701597;0,34129806914167626;0,059666666485399374;0,00686987753258879;0,08288472436214522;0,04803377199923972;0,3525882158939489;0,018366533656276225;0,14705716585339582;0,3418121258733231;0,08079263528707141;0,05888291845771382;0,01582286285609914;0,0063200626553557675;0,003844226386560046
SC4 12.08.2018 12:00 Sunny Summerday;FS6_SEV4_GIS_SENSOR_TIME;0;2018-08-12 12:00:00;True;138,0;0,7947522493135386;0,7948969417942644;0,027059768400117635;0,0034183303095554965;0,05846648877395919;0,014595614350767117;0,07768598168219851;-0,0015523540927869406;0,05929494974619117;0,7947522493135386;0,05846648877395919;0,027059768400117635;-0,0015523540927869406;0,0;0,0
SC4 12.08.2018 12:00 Sunny Summerday;FS6_SEV4_GIS_SENSOR_TIME;15;2018-08-12 12:15:00;True;138,0;0,7603221323101781;0,7637002327810826;0,029755366780637442;0,003962775926392289;0,06295058320931021;0,014430887667845782;0,08565229000098024;-0,007473466169616544;0,06543471107558198;0,766889639382657;0,06208212586596483;0,02941854712021672;-0,007069994473628468;0,003460634770892288;0,0015441719982503116
SC4 12.08.2018 12:00 Sunny Summerday;FS6_SEV4_GIS_SENSOR_TIME;30;2018-08-12 12:30:00;True;138,0;0,8157792518688295;0,8218104397614712;0,028646570626179136;0,002835852153278858;0,05325271967964508;0,01745392932026052;0,08123131985079576;-0,009635493239175804;0,062212796168671904;0,8128962395981503;0,05366779841025108;0,028365019076786447;-0,009067180389920229;0,005330594733160398;0,0016643271606037583
SC4 12.08.2018 12:00 Sunny Summerday;FS6_SEV4_GIS_SENSOR_TIME;45;2018-08-12 12:45:00;True;138,0;0,7921835748315371;0,8064087384859354;0,03096003076318128;0,0029952280054516877;0,054728676262556245;0,021825435968192364;0,09076686720539184;-0,014318701802163148;0,06668429214843127;0,7877941870256632;0,05530363112398093;0,030888887537356382;-0,014020394862336652;0,007275417003293027;0,002656493281972581
SC4 12.08.2018 12:00 Sunny Summerday;FS6_SEV4_GIS_SENSOR_TIME;60;2018-08-12 13:00:00;True;138,0;0,8036228259245006;0,8268986658869439;0,031726627108960855;0,0027438594992481133;0,052381862311759335;0,023019089014491734;0,08966159829137571;-0,0180338358737711;0,06844617167416472;0,805901515935128;0,05207706540992428;0,032130057000794875;-0,0188155368066643;0,004202517747692833;0,0021552165457303972
SC4 12.08.2018 12:00 Sunny Summerday;FS6_SEV4_GIS_SENSOR_TIME;75;2018-08-12 13:15:00;True;138,0;0,7702609540980344;0,8055093825396406;0,03527670580172214;0,0030765278433142057;0,05546645692050472;0,02569155594629624;0,10117242327497257;-0,021726156207502307;0,07577660672429694;0,7705811781565702;0,055427787203905725;0,03570412835731447;-0,023207465416683223;0,00382025208032728;0,0022531869834747868
SC4 12.08.2018 12:00 Sunny Summerday;FS6_SEV4_GIS_SENSOR_TIME;90;2018-08-12 13:30:00;True;138,0;0,7567559712705689;0,8277140846558584;0,039277923981629874;0,003076185401745027;0,055463369909743376;0,033401183169402104;0,10997853942749164;-0,029956163311949772;0,08411778449276595;0,7470950415786769;0,05655406564385103;0,04047255946627921;-0,031755570524580334;0,0038912575625259026;0,002518896769354309
SC4 12.08.2018 12:00 Sunny Summerday;FS6_SEV4_GIS_SENSOR_TIME;105;2018-08-12 13:45:00;True;138,0;0,6866078717860251;0,7980659043129956;0,04633786190131232;0,003757563023489577;0,061298964293775605;0,04211037514884369;0,12709885954299502;-0,036556514516724446;0,09829051726191525;0,6792498289482802;0,06201439958060463;0,04749244299546094;-0,03861019818088827;0,004673599135589488;0,002825810304046541
SC4 12.08.2018 12:00 Sunny Summerday;FS6_SEV4_GIS_SENSOR_TIME;120;2018-08-12 14:00:00;True;138,0;0,5609212447071404;0,7830188983931105;0,057308641875009524;0,005017212137429235;0,07083228174659655;0,05455289144975639;0,1624036549268543;-0,0503769656555111;0,12206542682406095;0,5365581509311375;0,0727708828962443;0,05905253089787881;-0,05277443874717562;0,005963440216652337;0,0030238989038743835
SC4 12.08.2018 12:00 Sunny Summerday;FS6_SEV4_GIS_SENSOR_TIME;135;2018-08-12 14:15:00;True;138,0;0,4435883924549512;0,7291737108598217;0,06421173391623057;0,006040511912147359;0,07772073025999794;0,05916824553201347;0,1907452461235746;-0,05568096077358996;0,14036268456224615;0,43803200724728586;0,07810782997545461;0,06486037327005958;-0,05703625333258393;0,005027881316208716;0,0029071213245607805
SC4 12.08.2018 12:00 Sunny Summerday;FS6_SEV4_GIS_SENSOR_TIME;150;2018-08-12 14:30:00;True;138,0;0,2546296764675169;0,7173003512873122;0,07567296364968294;0,007581250492579255;0,08707037666496714;0,07322891505793033;0,22845666011059537;-0,06859940696497191;0,16975337255918369;0,24358687495342157;0,08771298731842617;0,07637523051590107;-0,06963910803350283;0,0062903464711143945;0,0036484049228222475
SC4 12.08.2018 12:00 Sunny Summerday;FS6_SEV4_GIS_SENSOR_TIME;165;2018-08-12 14:45:00;True;138,0;0,22222719592827178;0,6582003659789855;0,07486484747986252;0,007776846534116739;0,08818643055548138;0,07302277584187652;0,253657652589932;-0,0660245225680666;0,17997269251861636;0,21637162564170065;0,08851776996986487;0,0754997503048894;-0,06804525850956997;0,00757721699738388;0,0036153829508069634
SC4 12.08.2018 12:00 Sunny Summerday;FS6_SEV4_GIS_SENSOR_TIME;180;2018-08-12 15:00:00;True;138,0;0,00750579254847239;0,548395755599357;0,08261761996157298;0,009842867798622047;0,09921122818825522;0,07801077957681374;0,31248922574675037;-0,07324049940283273;0,2124960158319892;0,010604800219453536;0,09905621633320051;0,08347596456710318;-0,0753308567548269;0,007659242819958433;0,004304813086122706
SC4 12.08.2018 12:00 Sunny Summerday;FS7_SEV12_TIME;0;2018-08-12 12:00:00;True;138,0;0,02141282530060029;0,021789276469943886;0,08490412274429762;0,01629803098269905;0,12766374184825952;0,058371274750250335;0,25173546465519014;0,0025039297199130357;0,14453126391074797;0,02141282530060029;0,12766374184825952;0,08490412274429762;0,0025039297199130357;0,0;0,0
SC4 12.08.2018 12:00 Sunny Summerday;FS7_SEV12_TIME;15;2018-08-12 12:15:00;True;138,0;0,013014959954384397;0,013381979954647405;0,08452179862580764;0,016318572065501507;0,1277441664636844;0,05669759868593183;0,2574206718960468;-0,002463375725217578;0,14610691800031927;0,009972418623803048;0,12794091100339813;0,0857760307707429;0,001711915388013915;0,0077976913180428575;0,006161708330762559
SC4 12.08.2018 12:00 Sunny Summerday;FS7_SEV12_TIME;30;2018-08-12 12:30:00;True;138,0;0,030561445915064822;0,031204039863972022;0,08150045205496455;0,014923315853194813;0,12216102428022947;0,05293471733263577;0,2542070068694503;-0,0031451461960641;0,14198423862106146;0,029446400207414958;0,12223125873662208;0,0812284728235254;0,0005850284438865277;0,01098698299993855;0,007859468676041866
SC4 12.08.2018 12:00 Sunny Summerday;FS7_SEV12_TIME;45;2018-08-12 12:45:00;True;138,0;0,041110526886221965;0,04276665812980596;0,07801766869158562;0,013820334950305237;0,11755992068007377;0,05364812573533251;0,2595068785085414;-0,004885650365887472;0,13759844075646027;0,04995008225947617;0,11701680101730495;0,07688445099473368;-0,003610014218125785;0,010999503057893734;0,008323773093845533
SC4 12.08.2018 12:00 Sunny Summerday;FS7_SEV12_TIME;60;2018-08-12 13:00:00;True;138,0;0,02174986668274481;0,026726383862625824;0,07800777958195639;0,013668497540917469;0,11691234982206743;0,05453693760077688;0,26109068074821074;-0,008338696848554586;0,1406396646371106;0,04423996468703517;0,11556062046311075;0,07757200291770737;-0,0082760454562122;0,012861619358911554;0,009706805149714151
SC4 12.08.2018 12:00 Sunny Summerday;FS7_SEV12_TIME;75;2018-08-12 13:15:00;True;138,0;0,005841857222431135;0,009348927057796441;0,0776253338632058;0,013313171014986625;0,11538271540827345;0,05276198891804629;0,2742023860897447;-0,006853070906942729;0,14251737867807504;0,02248216053714769;0,11441299764171316;0,07691857956121789;-0,007244755919400756;0,010309737074532695;0,006823887427647908
SC4 12.08.2018 12:00 Sunny Summerday;FS7_SEV12_TIME;90;2018-08-12 13:30:00;True;138,0;-0,003928849972050674;0,0002592782102723845;0,0764892114166006;0,01269618534442993;0,11267735062748827;0,05395178386944183;0,27875707092286495;-0,007277716639416906;0,14409988351113967;0,029179082710142357;0,11080381718162292;0,07533219105967127;-0,0077632035977547725;0,01344316435192996;0,009108564775923023
SC4 12.08.2018 12:00 Sunny Summerday;FS7_SEV12_TIME;105;2018-08-12 13:45:00;True;138,0;-0,024543037398971013;-0,017910241271953842;0,07597760995512787;0,012284242923534926;0,11083430391144669;0,05805715824349755;0,2972537878825488;-0,008917793655344798;0,14735704627610252;0,006471620069893325;0,10914384101250484;0,07473787143684339;-0,009546909235129575;0,01489157784158642;0,010264878903610119
SC4 12.08.2018 12:00 Sunny Summerday;FS7_SEV12_TIME;120;2018-08-12 14:00:00;True;138,0;-0,06361597400469199;-0,05191433575212612;0,07621584468333323;0,012153598665416323;0,11024336109451817;0,06115505708208635;0,3222798095970937;-0,011563341556398163;0,15348255078001882;0,001971718783190246;0,10679021084314032;0,07403169968536942;-0,007069506916593208;0,019695855961386538;0,013917717056861822
SC4 12.08.2018 12:00 Sunny Summerday;FS7_SEV12_TIME;135;2018-08-12 14:15:00;True;138,0;-0,13086106775455697;-0,11715070222482638;0,07859311366174895;0,012276846237795328;0,11080093067206308;0,061395607725204804;0,3806638891289405;-0,012200097420946332;0,16337702934004347;0,016865983703945653;0,10331066172369073;0,07395396473322166;-0,00039287663543216593;0,028832680280566937;0,02218449504479118
SC4 12.08.2018 12:00 Sunny Summerday;FS7_SEV12_TIME;150;2018-08-12 14:30:00;True;138,0;-0,2554245964525079;-0,21237103424972292;0,08205323579558874;0,012769073358253854;0,11300032459357741;0,0638769792866131;0,45346944319092564;-0,020926130028957424;0,17908102364319015;0,012778957873332497;0,10020550387674838;0,07224710338539046;-0,004495314860044561;0,040140320893136516;0,02934982087733089
SC4 12.08.2018 12:00 Sunny Summerday;FS7_SEV12_TIME;165;2018-08-12 14:45:00;True;138,0;-0,43356715375557586;-0,36549433211966686;0,08844137486373439;0,014334046771426447;0,11972487950057184;0,06860325606853249;0,5701995684124135;-0,026089290225481322;0,20249895468329643;0,04541210057858691;0,09769747739926701;0,07238351238294913;-0,005721824420165008;0,05105349236571135;0,03736824272335439
SC4 12.08.2018 12:00 Sunny Summerday;FS7_SEV12_TIME;180;2018-08-12 15:00:00;True;138,0;-0,5300415084047752;-0,40625091060982244;0,0913302180092806;0,015173888351754415;0,12318233782387154;0,07400781323924632;0,6642222420408277;-0,03503810951706681;0,22638524352018818;0,06399708126419401;0,09634638787588298;0,07280828429778355;-0,01141478499132179;0,05575636104467117;0,04179573509896147
SC4 12.08.2018 12:00 Sunny Summerday;FS8_SEV12_GIS_TIME;0;2018-08-12 12:00:00;True;138,0;0,6932117315755142;0,7022587796106547;0,04643150785556498;0,005109452518061831;0,07148043451226238;0,03261759990707763;0,1200589869171449;0,012274993132533678;0,08887282620232116;0,6932117315755142;0,07148043451226238;0,04643150785556498;0,012274993132533678;0,0;0,0
SC4 12.08.2018 12:00 Sunny Summerday;FS8_SEV12_GIS_TIME;15;2018-08-12 12:15:00;True;138,0;0,6841407063403839;0,6853766785794364;0,04527844207564215;0,0052223412078308985;0,07226576788376983;0,032298537618440315;0,12284557688106489;0,004520538267233034;0,08963178320998207;0,6764555397340908;0,07313963285895585;0,0461339088286927;0,005928743482168132;0,005998892138151217;0,003795414537940498
SC4 12.08.2018 12:00 Sunny Summerday;FS8_SEV12_GIS_TIME;30;2018-08-12 12:30:00;True;138,0;0,7199006007194284;0,7273377549345643;0,04441833809726527;0,004311786227338217;0,0656641928857594;0,031754727973300645;0,11510328386119134;0,0106998062906073;0,0861272384488521;0,7128392735627893;0,06648674067833898;0,04411200584532444;0,012086635962745628;0,009047725256772547;0,0060769845731556416
SC4 12.08.2018 12:00 Sunny Summerday;FS8_SEV12_GIS_TIME;45;2018-08-12 12:45:00;True;138,0;0,7344976577741613;0,7348856897126737;0,040845825892285595;0,0038266467643411823;0,06185989625226656;0,030472110230088667;0,11390761138436263;0,0023648780244496332;0,0822459845786142;0,7342889503323108;0,06188420504814526;0,04030230671940856;0,005012189647705099;0,009290371863960978;0,0062109217312578385
SC4 12.08.2018 12:00 Sunny Summerday;FS8_SEV12_GIS_TIME;60;2018-08-12 13:00:00;True;138,0;0,7203313987119652;0,7203320060961148;0,04067387315480985;0,00390764024331353;0,06251112095710275;0,02995375073475126;0,11848514896064256;9,212280620168314e-05;0,08307379428913719;0,7237790562776074;0,062124618381380566;0,04094122462446312;0,0026392043053597236;0,009608765931709388;0,007193548625092144
SC4 12.08.2018 12:00 Sunny Summerday;FS8_SEV12_GIS_TIME;75;2018-08-12 13:15:00;True;138,0;0,6946575551735612;0,6950431586189909;0,042160303730273074;0,004088963326047022;0,06394500235395274;0,03153013704148483;0,12263161851180855;0,0022723931490144095;0,08568001544733571;0,7038215402118297;0,06297812891383325;0,041009837293166616;0,004687950635437957;0,009291868347474655;0,0066979912960011025
SC4 12.08.2018 12:00 Sunny Summerday;FS8_SEV12_GIS_TIME;90;2018-08-12 13:30:00;True;138,0;0,7090392148113367;0,7139568412310167;0,04269004951781034;0,003679635321585763;0,06065999770512494;0,03369050304914323;0,1258207105387978;0,007886111736453863;0,08790988766395434;0,7186463663033553;0,05965013401863055;0,04065222958602641;0,009895614213533922;0,011133448688725766;0,0076940408570395
SC4 12.08.2018 12:00 Sunny Summerday;FS8_SEV12_GIS_TIME;105;2018-08-12 13:45:00;True;138,0;0,6624845925154871;0,6684521180548006;0,045788610975409934;0,00404680048043807;0,0636144675403172;0,03768202413757704;0,14086355585510663;0,008458750946546556;0,09485779875223639;0,6902701207067532;0,06093974695841569;0,04219024811381719;0,013233650964851573;0,01752943149842535;0,01161481002750604
SC4 12.08.2018 12:00 Sunny Summerday;FS8_SEV12_GIS_TIME;120;2018-08-12 14:00:00;True;138,0;0,6498611684556612;0,6584542270730112;0,04550107005555654;0,0040009241491035874;0,06325285882158677;0,04142355390324237;0,15864373058751663;-0,009909093060717461;0,09960061114362986;0,7018619722843245;0,05836717946621615;0,04057405875102837;-0,0046278263718488415;0,020453664031484624;0,01377247484481853
SC4 12.08.2018 12:00 Sunny Summerday;FS8_SEV12_GIS_TIME;135;2018-08-12 14:15:00;True;138,0;0,5979891222147276;0,5979896939099834;0,04796599708762993;0,004364307759122633;0,06606290758907478;0,03852662329857168;0,16476384373018674;7,87809250312345e-05;0,107453632347636;0,6675393602806625;0,06007709161846458;0,04198030283243685;0,005678431632923445;0,02742447701027904;0,01773469660775331
SC4 12.08.2018 12:00 Sunny Summerday;FS8_SEV12_GIS_TIME;150;2018-08-12 14:30:00;True;138,0;0,5424804876357678;0,5433452353393882;0,050688093695240584;0,004653485548012692;0,06821646097543241;0,04108520996638429;0,17860163111425437;-0,002965712742100106;0,118469432399355;0,6654837085956176;0,058330138966225784;0,04135275007118578;0,011191609506802766;0,041473018143657975;0,028526292951858562
SC4 12.08.2018 12:00 Sunny Summerday;FS8_SEV12_GIS_TIME;165;2018-08-12 14:45:00;True;138,0;0,4630486304126177;0,4772163559773246;0,055997356189201306;0,0053689051297553065;0,07327281303290673;0,04962938225493371;0,25325329254612156;-0,011902150995983277;0,13741581425208746;0,6238387395927504;0,061328511094780394;0,04424850283652416;0,004301440982005187;0,04236295809249751;0,03194369189441204
SC4 12.08.2018 12:00 Sunny Summerday;FS8_SEV12_GIS_TIME;180;2018-08-12 15:00:00;True;138,0;0,35844168603241855;0,35862848568221617;0,05942730774611348;0,0063625294959700485;0,07976546555979003;0,047217546022063156;0,29811176815008483;-0,0013610837986953016;0,15401284906669852;0,5147776982666867;0,06936928408903502;0,049239277660270975;0,01905064987925289;0,04788099668734756;0,03706702857743949
SC4 12.08.2018 12:00 Sunny Summerday;FS9_SEV12_GIS_SENSOR_TIME;0;2018-08-12 12:00:00;True;138,0;0,7900876728615716;0,7901569351814377;0,027619475778608425;0,003496017217273942;0,059127127591943295;0,012820344741230949;0,07767746914400926;-0,0010740297878987267;0,06011285659977478;0,7900876728615716;0,059127127591943295;0,027619475778608425;-0,0010740297878987267;0,0;0,0
SC4 12.08.2018 12:00 Sunny Summerday;FS9_SEV12_GIS_SENSOR_TIME;15;2018-08-12 12:15:00;True;138,0;0,7685977539615507;0,7717950056993963;0,029680951136962994;0,0038259487984973126;0,06185425448986765;0,014402829307498366;0,0853747410824189;-0,007270666224842579;0,06554364898879239;0,7704911124305983;0,06160068560703556;0,02947337034798846;-0,006618764771972969;0,0028267348520300216;0,0016723949516165085
SC4 12.08.2018 12:00 Sunny Summerday;FS9_SEV12_GIS_SENSOR_TIME;30;2018-08-12 12:30:00;True;138,0;0,8203583526771827;0,8268922459756215;0,028562569578772803;0,0027653625204922014;0,05258671429640952;0,016971321218054558;0,07987179620526132;-0,01002902100157328;0,062259543358118924;0,8124540534257872;0,05373117809264518;0,02834826539424904;-0,009030868446674258;0,004883267991134042;0,0025818032630975695
SC4 12.08.2018 12:00 Sunny Summerday;FS9_SEV12_GIS_SENSOR_TIME;45;2018-08-12 12:45:00;True;138,0;0,8101242414069443;0,8220139735839932;0,030386038778203055;0,0027366517792483448;0,05231301730208596;0,020047206379486093;0,08395508133219573;-0,013090644981108842;0,06531857989738162;0,8109323083020703;0,05220158262205652;0,029147477221330185;-0,012068867579956977;0,00681556647509865;0,00372349397967691
SC4 12.08.2018 12:00 Sunny Summerday;FS9_SEV12_GIS_SENSOR_TIME;60;2018-08-12 13:00:00;True;138,0;0,8154198787296565;0,836266204597363;0,03126710546001193;0,0025790264143697576;0,05078411576831635;0,022179444987811714;0,08632525660677404;-0,017066725083134872;0,06711104424341398;0,8185968597031693;0,05034517236464112;0,030879592835591236;-0,01701874650248898;0,005319472819027888;0,00320666647799637
SC4 12.08.2018 12:00 Sunny Summerday;FS9_SEV12_GIS_SENSOR_TIME;75;2018-08-12 13:15:00;True;138,0;0,7745473315381013;0,8115539284873174;0,03627324271942554;0,0030191272412983562;0,05494658534702913;0,028040875389611086;0,09560239056613055;-0,02226140616053903;0,07564568565433621;0,7848580358396162;0,05367543626725439;0,03565218866945408;-0,023666937863021213;0,007376612715435384;0,003716656074359797
SC4 12.08.2018 12:00 Sunny Summerday;FS9_SEV12_GIS_SENSOR_TIME;90;2018-08-12 13:30:00;True;138,0;0,7598188675500421;0,8296113230317896;0,040191028907976184;0,003037450486560511;0,05511307001574591;0,03418934482685909;0,11148350444509872;-0,02970909336701175;0,08555545858715402;0,7607168415929284;0,05500994690593212;0,04001621910164667;-0,03151530741387875;0,007573939177194817;0,004004662694490474
SC4 12.08.2018 12:00 Sunny Summerday;FS9_SEV12_GIS_SENSOR_TIME;105;2018-08-12 13:45:00;True;138,0;0,6850970728427366;0,8125008531148636;0,048526235387114376;0,0037756774613906846;0,06144654149250944;0,045066383533732934;0,13130544695661467;-0,03908411226846282;0,10248505185804963;0,6876411554910351;0,0611978265970375;0,04822241698914708;-0,04106086071098308;0,010233939170175003;0,005073291587008946
SC4 12.08.2018 12:00 Sunny Summerday;FS9_SEV12_GIS_SENSOR_TIME;120;2018-08-12 14:00:00;True;138,0;0,5433815045870197;0,7973923834844777;0,05952894824731438;0,005217633123316673;0,07223318574808031;0,057683667261327815;0,1672367000419238;-0,053874862965396605;0,12656012377487955;0,5329274578849107;0,07305537737007779;0,06012082605892844;-0,05516458327499792;0,011556628094735937;0,0062185240558524065
SC4 12.08.2018 12:00 Sunny Summerday;FS9_SEV12_GIS_SENSOR_TIME;135;2018-08-12 14:15:00;True;138,0;0,40404141927556037;0,7507823964770023;0,06864503236440408;0,006469841493594205;0,08043532491134853;0,06696725666870038;0,20682648888066898;-0,06135378586566182;0,1501557408685866;0,4267090283571612;0,07889079509007516;0,06735980774151369;-0,06121569424036699;0,011992446694424466;0,00757346148400203
SC4 12.08.2018 12:00 Sunny Summerday;FS9_SEV12_GIS_SENSOR_TIME;150;2018-08-12 14:30:00;True;138,0;0,3598354850080533;0,7305411451376258;0,06907077807297068;0,006511189661554792;0,08069194297793797;0,06799862719414168;0,22272907209084147;-0,06140432801492053;0,15863253841101826;0,38738080949578213;0,07893682841165477;0,0675526632359572;-0,06129990639343507;0,014494501017818972;0,008346993199455133
SC4 12.08.2018 12:00 Sunny Summerday;FS9_SEV12_GIS_SENSOR_TIME;165;2018-08-12 14:45:00;True;138,0;0,11302852174035716;0,6814180869206095;0,08236461365572452;0,008868709513180365;0,0941738260515116;0,08115277331403942;0,2954197901281465;-0,07538734280027266;0,1971627690580904;0,15508725855555738;0,09191392611166116;0,08078115714758372;-0,07580502482531437;0,01835225577912895;0,01105710924130635
SC4 12.08.2018 12:00 Sunny Summerday;FS9_SEV12_GIS_SENSOR_TIME;180;2018-08-12 15:00:00;True;138,0;-0,18820432546840293;0,560686172338928;0,09308925563703341;0,011783784737008213;0,1085531424557033;0,08800220771369435;0,352984723234262;-0,08617990196646512;0,23633615652055698;-0,09520344414043391;0,10421836032367778;0,08995274401548203;-0,08509350894617387;0,019511331389643588;0,01291428419990816
SC5 14.08.2018 12:00 Rainstorm from north west;FS1_TIME;0;2018-08-14 12:00:00;False;137,0;-0,47933829238330783;0,0;0,14785916069487726;0,03074195602320985;0,17533384163706062;0,14092828476428987;0,4024045967194954;0,09980517515746745;0,24285987717182822;-0,47933829238330783;0,17533384163706062;0,14785916069487726;0,09980517515746745;0,0;0,0
SC5 14.08.2018 12:00 Rainstorm from north west;FS1_TIME;15;2018-08-14 12:15:00;False;137,0;-0,4187745369061777;0,0;0,15040888438411718;0,029965603551013992;0,17310575828381328;0,15030979855060578;0,36812286881947626;0,09404700193434833;0,255137828433452;-0,4187745369061777;0,17310575828381328;0,15040888438411718;0,09404700193434833;0,0;0,0
SC5 14.08.2018 12:00 Rainstorm from north west;FS1_TIME;30;2018-08-14 12:30:00;False;137,0;-0,22217840264182875;0,0;0,15377399189984578;0,031822924616898736;0,17838981085504502;0,14823393218028236;0,46860448629714;0,07605953440695533;0,2798565372166101;-0,22217840264182875;0,17838981085504502;0,15377399189984578;0,07605953440695533;0,0;0,0
SC5 14.08.2018 12:00 Rainstorm from north west;FS1_TIME;45;2018-08-14 12:45:00;False;137,0;-0,44487146540693123;0,0;0,15326199491600273;0,03196250656473129;0,1787806101475529;0,14701895754337313;0,47716652621341216;0,0992026065019863;0,2609001813871895;-0,44487146540693123;0,1787806101475529;0,15326199491600273;0,0992026065019863;0,0;0,0
SC5 14.08.2018 12:00 Rainstorm from north west;FS1_TIME;60;2018-08-14 13:00:00;False;137,0;-0,0021077685972479276;2,220446049250313e-16;0,14570658209940207;0,030500037181238084;0,17464259841527233;0,1454659209639868;0,6947268622092843;-0,008009482094916394;0,35288947028513995;-0,0021077685972479276;0,17464259841527233;0,14570658209940207;-0,008009482094916394;0,0;0,0
SC5 14.08.2018 12:00 Rainstorm from north west;FS1_TIME;75;2018-08-14 13:15:00;False;137,0;-0,5742479826481928;2,220446049250313e-16;0,22388469315679396;0,06466196089681966;0,25428716227293047;0,2294286317665619;2,9046062229606187;-0,15358103912052037;0,7277455365729324;-0,5742479826481928;0,25428716227293047;0,22388469315679396;-0,15358103912052037;0,0;0,0
SC5 14.08.2018 12:00 Rainstorm from north west;FS1_TIME;90;2018-08-14 13:30:00;False;137,0;-1,6854642233034944;0,0;0,28186270634333754;0,10098226058651916;0,317777061139597;0,37720260580380766;8,703268904268972;-0,25175182527541135;1,0049066877023867;-1,6854642233034944;0,317777061139597;0,28186270634333754;-0,25175182527541135;0,0;0,0
SC5 14.08.2018 12:00 Rainstorm from north west;FS1_TIME;105;2018-08-14 13:45:00;False;137,0;-3,2228777308413807;1,1102230246251565e-16;0,3049619438725476;0,1074533027332666;0,32780070581569315;0,36992686984224066;19,837453473085084;-0,2863700172237631;1,1653369277784171;-3,2228777308413807;0,32780070581569315;0,3049619438725476;-0,2863700172237631;0,0;0,0
SC5 14.08.2018 12:00 Rainstorm from north west;FS1_TIME;120;2018-08-14 14:00:00;False;137,0;-3,241738733514236;0,0;0,2906345514259323;0,09170055772333895;0,302820999475497;0,32259316257635756;6,75936951210514;-0,2647299246984996;1,200447217816303;-3,241738733514236;0,302820999475497;0,2906345514259323;-0,2647299246984996;0,0;0,0
SC5 14.08.2018 12:00 Rainstorm from north west;FS1_TIME;135;2018-08-14 14:15:00;False;137,0;-0,9771897057385253;0,0;0,19672292391278093;0,04781295794727074;0,21866174321831136;0,2136314054205043;3,3664067680899588;-0,1537227260222885;0,833183232651619;-0,9771897057385253;0,21866174321831136;0,19672292391278093;-0,1537227260222885;0,0;0,0
SC5 14.08.2018 12:00 Rainstorm from north west;FS1_TIME;150;2018-08-14 14:30:00;False;137,0;-0,0006184612044490834;0,0;0,18893676385800703;0,04766213691416916;0,2183165978897829;0,1887932942271232;1,6653798058245204;0,005427611203520083;0,6033848360382104;-0,0006184612044490834;0,2183165978897829;0,18893676385800703;0,005427611203520083;0,0;0,0
SC5 14.08.2018 12:00 Rainstorm from north west;FS1_TIME;165;2018-08-14 14:45:00;False;137,0;-0,027071540432244134;0,0;0,17196823691537041;0,03784514696942673;0,19453829178191817;0,18115791243889157;1,3476120472476376;0,031583571204093476;0,5506292632425215;-0,027071540432244134;0,19453829178191817;0,17196823691537041;0,031583571204093476;0,0;0,0
SC5 14.08.2018 12:00 Rainstorm from north west;FS1_TIME;180;2018-08-14 15:00:00;False;137,0;-0,053216857200408585;0,0;0,1256749663264226;0,022394222528239166;0,1496469930477695;0,10623935241891883;1,1527465433075552;-0,03363827412984227;0,5382876164129106;-0,053216857200408585;0,1496469930477695;0,1256749663264226;-0,03363827412984227;0,0;0,0
SC5 14.08.2018 12:00 Rainstorm from north west;FS2_GIS_TIME;0;2018-08-14 12:00:00;False;137,0;-0,3408425085702551;0,12402717591401047;0,1435035699859428;0,02786389133895056;0,16692480744020813;0,13732878009478244;0,34927667532656165;0,09828734679389574;0,23948470322936943;-0,3408425085702551;0,16692480744020813;0,1435035699859428;0,09828734679389574;0,0;0,0
SC5 14.08.2018 12:00 Rainstorm from north west;FS2_GIS_TIME;15;2018-08-14 12:15:00;False;137,0;-0,2946431353453236;0,14078908254621147;0,14631736648515492;0,027343853392235766;0,1653597695699766;0,15258273319403332;0,3232740962367276;0,09589922595105999;0,2508636370001112;-0,2946431353453236;0,1653597695699766;0,14631736648515492;0,09589922595105999;0,0;0,0
SC5 14.08.2018 12:00 Rainstorm from north west;FS2_GIS_TIME;30;2018-08-14 12:30:00;False;137,0;-0,11358805657125992;0,10836030923531348;0,14970517133482175;0,028995463102559266;0,17028054234867607;0,1505279957483976;0,401123721469518;0,0760201493327088;0,276379058823764;-0,11358805657125992;0,17028054234867607;0,14970517133482175;0,0760201493327088;0,0;0,0
SC5 14.08.2018 12:00 Rainstorm from north west;FS2_GIS_TIME;45;2018-08-14 12:45:00;False;137,0;-0,3009662676209457;0,10331751415724988;0,14726266747625413;0,028779129400010203;0,16964412574566265;0,1434803655804091;0,40443377672287273;0,09456903724140299;0,25533991814392465;-0,3009662676209457;0,16964412574566265;0,14726266747625413;0,09456903724140299;0,0;0,0
SC5 14.08.2018 12:00 Rainstorm from north west;FS2_GIS_TIME;60;2018-08-14 13:00:00;False;137,0;0,03614729969333008;0,04397964503170204;0,14296034545356953;0,029335710307625783;0,17127670684487656;0,14459380641860226;0,606640756008557;-0,015439700934866329;0,35325717774655097;0,03614729969333008;0,17127670684487656;0,14296034545356953;-0,015439700934866329;0,0;0,0
SC5 14.08.2018 12:00 Rainstorm from north west;FS2_GIS_TIME;75;2018-08-14 13:15:00;False;137,0;-0,5886138204509381;0,01894030108196676;0,22533867952924239;0,06525203517513542;0,2554447791111328;0,22476312245158367;2,770783435789254;-0,15797208428736612;0,7320961679962947;-0,5886138204509381;0,2554447791111328;0,22533867952924239;-0,15797208428736612;0,0;0,0
SC5 14.08.2018 12:00 Rainstorm from north west;FS2_GIS_TIME;90;2018-08-14 13:30:00;False;137,0;-1,600324366682234;0,005678916966715519;0,2767593686971376;0,09778072279911541;0,31269909305771165;0,3681020291873388;8,457605414419405;-0,2457457825508681;1,0011928184307;-1,600324366682234;0,31269909305771165;0,2767593686971376;-0,2457457825508681;0,0;0,0
SC5 14.08.2018 12:00 Rainstorm from north west;FS2_GIS_TIME;105;2018-08-14 13:45:00;False;137,0;-2,868212883154506;-0,011370279129855776;0,2916030457499584;0,09842867268797459;0,3137334420937216;0,3551470935074781;18,51994490690002;-0,2696179409836834;1,157234753380682;-2,868212883154506;0,3137334420937216;0,2916030457499584;-0,2696179409836834;0,0;0,0
SC5 14.08.2018 12:00 Rainstorm from north west;FS2_GIS_TIME;120;2018-08-14 14:00:00;False;137,0;-3,362358482085731;-0,009723881638424414;0,2944883717735469;0,09430819079820567;0,30709638682049917;0,3290872862998475;6,7791118572089175;-0,26921988997480284;1,2042383182889926;-3,362358482085731;0,30709638682049917;0,2944883717735469;-0,26921988997480284;0,0;0,0
SC5 14.08.2018 12:00 Rainstorm from north west;FS2_GIS_TIME;135;2018-08-14 14:15:00;False;137,0;-1,1244798102321525;0,0428382100274195;0,2040967710318928;0,051374768709163424;0,22666002891812095;0,2250232128898303;3,453302902862963;-0,1680131331455366;0,8486249552042806;-1,1244798102321525;0,22666002891812095;0,2040967710318928;-0,1680131331455366;0,0;0,0
SC5 14.08.2018 12:00 Rainstorm from north west;FS2_GIS_TIME;150;2018-08-14 14:30:00;False;137,0;0,050974601745229275;0,05846141926525639;0,18647579125624614;0,04520462116219216;0,21261378403620063;0,18746260661298275;1,7284299347080372;-0,018884310096156445;0,6061713383897058;0,050974601745229275;0,21261378403620063;0,18647579125624614;-0,018884310096156445;0,0;0,0
SC5 14.08.2018 12:00 Rainstorm from north west;FS2_GIS_TIME;165;2018-08-14 14:45:00;False;137,0;0,04909840800679077;0,05363826384475101;0,16586919298030112;0,03503846527311981;0,1871856438755916;0,15899592948534313;1,3343725899033725;0,01293378929272469;0,5445402187465677;0,04909840800679077;0,1871856438755916;0,16586919298030112;0,01293378929272469;0,0;0,0
SC5 14.08.2018 12:00 Rainstorm from north west;FS2_GIS_TIME;180;2018-08-14 15:00:00;False;137,0;0,019253265845231793;0,05573372278647326;0,12096689314967583;0,020853312837098386;0,1444067617429959;0,10776230665933656;1,023476085834018;-0,027850899663109007;0,5259506979933984;0,019253265845231793;0,1444067617429959;0,12096689314967583;-0,027850899663109007;0,0;0,0
SC5 14.08.2018 12:00 Rainstorm from north west;FS3_GIS_SENSOR_TIME;0;2018-08-14 12:00:00;False;137,0;0,3218359999863656;0,3273826093540152;0,07832957868507334;0,014092846762829105;0,11871329648707891;0,04484970054490778;0,21696307215308058;-0,010736081245498429;0,1546699155159857;0,3218359999863656;0,11871329648707891;0,07832957868507334;-0,010736081245498429;0,0;0,0
SC5 14.08.2018 12:00 Rainstorm from north west;FS3_GIS_SENSOR_TIME;15;2018-08-14 12:15:00;False;137,0;0,27577666061442474;0,2890203298382671;0,08373361435813542;0,015296150942871569;0,12367760889858588;0,03886240279635855;0,21417079663109037;-0,016724724964119985;0,17326963235390289;0,27577666061442474;0,12367760889858588;0,08373361435813542;-0,016724724964119985;0,0;0,0
SC5 14.08.2018 12:00 Rainstorm from north west;FS3_GIS_SENSOR_TIME;30;2018-08-14 12:30:00;False;137,0;0,2205358356560072;0,2815159096236085;0,0981281587052977;0,020295588017162944;0,14246258462193834;0,049966696540514666;0,29918374417377697;-0,039847099655138205;0,21679669447810843;0,2205358356560072;0,14246258462193834;0,0981281587052977;-0,039847099655138205;0,0;0,0
SC5 14.08.2018 12:00 Rainstorm from north west;FS3_GIS_SENSOR_TIME;45;2018-08-14 12:45:00;False;137,0;0,1911411628852263;0,20813044803829395;0,09824198074011567;0,017893048973695827;0,1337649018752521;0,06526271432991249;0,2848999858687376;-0,01938622999456003;0,20184639390855053;0,1911411628852263;0,1337649018752521;0,09824198074011567;-0,01938622999456003;0,0;0,0
SC5 14.08.2018 12:00 Rainstorm from north west;FS3_GIS_SENSOR_TIME;60;2018-08-14 13:00:00;False;137,0;-0,5945449057600274;0,031444016840638134;0,17353103716136148;0,04853138598148193;0,22029840213102303;0,13762147654325535;0,6559150083080151;-0,13803089181792677;0,42491302924753666;-0,5945449057600274;0,22029840213102303;0,17353103716136148;-0,13803089181792677;0,0;0,0
SC5 14.08.2018 12:00 Rainstorm from north west;FS3_GIS_SENSOR_TIME;75;2018-08-14 13:15:00;False;137,0;-2,3332799120652266;-0,2766321849178328;0,3191355135274323;0,13691389012901373;0,37001876996851624;0,31821906875069567;3,5378581142375163;-0,2906483203741018;0,8406231909292742;-2,3332799120652266;0,37001876996851624;0,3191355135274323;-0,2906483203741018;0,0;0,0
SC5 14.08.2018 12:00 Rainstorm from north west;FS3_GIS_SENSOR_TIME;90;2018-08-14 13:30:00;False;137,0;-4,650655922911619;-0,494631463483421;0,40213694637732594;0,21248319152443668;0,46095899115261507;0,5013963392178218;11,979476031110242;-0,3953228396079216;1,067244657068217;-4,650655922911619;0,46095899115261507;0,40213694637732594;-0,3953228396079216;0,0;0,0
SC5 14.08.2018 12:00 Rainstorm from north west;FS3_GIS_SENSOR_TIME;105;2018-08-14 13:45:00;False;137,0;-7,717308495360948;-0,5066805463986153;0,4323973630444949;0,22181641252129375;0,47097389791929417;0,4965956221477728;26,11246682753162;-0,42834349372721536;1,225266868263061;-7,717308495360948;0,47097389791929417;0,4323973630444949;-0,42834349372721536;0,0;0,0
SC5 14.08.2018 12:00 Rainstorm from north west;FS3_GIS_SENSOR_TIME;120;2018-08-14 14:00:00;False;137,0;-9,137813749462921;-0,5140734044363009;0,43809482823968887;0,21916559065175717;0,46815124762383914;0,493919506446473;9,96112772888276;-0,43177934870070506;1,2669221213832247;-9,137813749462921;0,46815124762383914;0,43809482823968887;-0,43177934870070506;0,0;0,0
SC5 14.08.2018 12:00 Rainstorm from north west;FS3_GIS_SENSOR_TIME;135;2018-08-14 14:15:00;False;137,0;-4,569374546342249;-0,0239334812280545;0,3386849154241167;0,13468018278873106;0,366987987253985;0,3705874815119068;4,736666384997036;-0,33154054828634727;1,0296208216194953;-4,569374546342249;0,366987987253985;0,3386849154241167;-0,33154054828634727;0,0;0,0
SC5 14.08.2018 12:00 Rainstorm from north west;FS3_GIS_SENSOR_TIME;150;2018-08-14 14:30:00;False;137,0;-0,5042942629408458;0,23375268761117274;0,2170363336215697;0,07165356416988619;0,26768183384362526;0,22111793644428251;2,2887070610174614;-0,18749707386572417;0,6637083611914311;-0,5042942629408458;0,26768183384362526;0,2170363336215697;-0,18749707386572417;0,0;0,0
SC5 14.08.2018 12:00 Rainstorm from north west;FS3_GIS_SENSOR_TIME;165;2018-08-14 14:45:00;False;137,0;-0,7581752325363489;0,1170858223581811;0,1992699714918296;0,06478458165177217;0,2545281549294148;0,15808278333194126;2,0397351946672773;-0,1795864447205099;0,5994488092530165;-0,7581752325363489;0,2545281549294148;0,1992699714918296;-0,1795864447205099;0,0;0,0
SC5 14.08.2018 12:00 Rainstorm from north west;FS3_GIS_SENSOR_TIME;180;2018-08-14 15:00:00;False;137,0;-2,600437341038933;-0,34569025584202984;0,24683756290193515;0,07655497959701316;0,2766857054439444;0,2506339970960991;2,04028853500253;-0,21895658505844803;0,8056783497539889;-2,600437341038933;0,2766857054439444;0,24683756290193515;-0,21895658505844803;0,0;0,0
SC5 14.08.2018 12:00 Rainstorm from north west;FS4_SEV4_TIME;0;2018-08-14 12:00:00;True;137,0;0,015589618737538502;0,1151208677908111;0,110590260851792;0,020456916991452107;0,143027679109507;0,08736597104496707;0,3211467024496271;0,04547908579669585;0,19545116239351673;0,015589618737538502;0,143027679109507;0,110590260851792;0,04547908579669585;0,0;0,0
SC5 14.08.2018 12:00 Rainstorm from north west;FS4_SEV4_TIME;15;2018-08-14 12:15:00;True;137,0;0,20769385776359883;0,2939354007275775;0,09823151387286651;0,016734111820939264;0,12936039510197572;0,08187129650928215;0,24671471923210173;0,04267888658689854;0,17705941932254904;0,21280603322698333;0,1289423854457871;0,09496309381363471;0,029375980789157697;0,0412051410208284;0,02716316600894406
SC5 14.08.2018 12:00 Rainstorm from north west;FS4_SEV4_TIME;30;2018-08-14 12:30:00;True;137,0;0,3883385052999414;0,4173900201136409;0,09343545652299365;0,01592636361011195;0,126199697345564;0,07511341524751569;0,2940025742709223;0,02750344741219337;0,185604558460762;0,34355163820222157;0,13073835824209448;0,09603229403095048;-0,0028060647521687887;0,0767180970508525;0,05411434335375789
SC5 14.08.2018 12:00 Rainstorm from north west;FS4_SEV4_TIME;45;2018-08-14 12:45:00;True;137,0;0,18488886236839552;0,30283811423159335;0,10916994298099088;0,01803135829815715;0,13428089327285975;0,09574779241905909;0,31754238887004227;0,05108029576294852;0,20377278157032586;-0,40729713708673954;0,17644067478458608;0,14879115194809278;0,1174625112640229;0,11627763814505837;0,09275205257980929
SC5 14.08.2018 12:00 Rainstorm from north west;FS4_SEV4_TIME;60;2018-08-14 13:00:00;True;137,0;0,29523667285447375;0,31354488542021997;0,119403884271417;0,021450095843484753;0,14645851236266452;0,1008639960960589;0,5128971195184477;-0,023605648881647335;0,3000597661594099;-0,29120067742572586;0,19823933973326058;0,16007924824915085;0,1251194817646043;0,17628006742875083;0,15657664500652765
SC5 14.08.2018 12:00 Rainstorm from north west;FS4_SEV4_TIME;75;2018-08-14 13:15:00;True;137,0;0,14529160293578192;0,42743259333011707;0,1585956246813457;0,03510699810850625;0,1873686155910489;0,1422687966214575;1,7981490136023408;-0,10765171571281457;0,6126351761640985;0,35693612296094757;0,1625230335018615;0,12339308877656108;0,0166795965055673;0,16001153598267975;0,1281399662405878
SC5 14.08.2018 12:00 Rainstorm from north west;FS4_SEV4_TIME;90;2018-08-14 13:30:00;True;137,0;-0,3369909092858343;0,3974624637974473;0,1914366438187355;0,05027524225857134;0,22422141347019323;0,16964230534994995;5,270518044151301;-0,16618620623390712;0,9535483032406514;0,46508946132643625;0,14182521022823055;0,12953081172842473;-0,07060688080169096;0,146045818248315;0,10494597262981599
SC5 14.08.2018 12:00 Rainstorm from north west;FS4_SEV4_TIME;105;2018-08-14 13:45:00;True;137,0;-1,1095504769759286;0,10920271834181161;0,20102912745028234;0,05367860034830733;0,2316864267675328;0,16359250062094757;10,50920577037742;-0,1761016862302924;1,1107448992661781;0,3869827133620971;0,12489411978203217;0,1115066852728808;-0,07663261436773945;0,15983582002279778;0,11053586526549537
SC5 14.08.2018 12:00 Rainstorm from north west;FS4_SEV4_TIME;120;2018-08-14 14:00:00;True;137,0;-1,20891920582703;-0,17408279169723984;0,18241867313927818;0,0477537952867539;0,2185264178234611;0,1391961481168907;4,046204649355313;-0,1495718558257833;1,0246524161081427;0,36378269883887193;0,11727805871797092;0,10239057386542022;-0,062162999411796746;0,16080458479362283;0,11270798176499831
SC5 14.08.2018 12:00 Rainstorm from north west;FS4_SEV4_TIME;135;2018-08-14 14:15:00;True;137,0;-0,09418087542179232;-0,08153227208383895;0,12308268123696872;0,026459789888350047;0,1626646546990158;0,09528026130698664;1,9402052558084797;-0,017489199120810584;0,5660199498664747;0,3293579949822262;0,12734855208666376;0,09324018565934968;-0,011474855512211559;0,13456074017882924;0,09828901994059093
SC5 14.08.2018 12:00 Rainstorm from north west;FS4_SEV4_TIME;150;2018-08-14 14:30:00;True;137,0;-0,44503526285005335;-0,09138012550270447;0,21729846902191774;0,06883089930287549;0,2623564356040756;0,2043642928401629;1,1978325166539583;0,12979037430761026;0,5998435201354068;-0,10313614402370641;0,22922767870429686;0,1784168570731557;0,11747500358562303;0,10493948700070695;0,06834062746467653
SC5 14.08.2018 12:00 Rainstorm from north west;FS4_SEV4_TIME;165;2018-08-14 14:45:00;True;137,0;-0,5901897655154298;-0,15671357194012914;0,20256217714690541;0,05859471615763246;0,24206345481636105;0,20513435034021263;1,1601584239476033;0,12638262628636832;0,5497298035375586;0,4338756586145741;0,14443108195404245;0,11817108061806249;0,04768645287646584;0,13311947662339846;0,1159852671767942
SC5 14.08.2018 12:00 Rainstorm from north west;FS4_SEV4_TIME;180;2018-08-14 15:00:00;True;137,0;-0,44878878009996015;-0,44877766516856554;0,14199084115710728;0,030805145318521094;0,17551394622229052;0,11875347618975285;1,1387520309576773;-0,0004861412654397897;0,5460992026211398;0,440243193390808;0,10909598946783006;0,0872956694372727;-0,006722244482618458;0,09890775047829377;0,08239089296178988
SC5 14.08.2018 12:00 Rainstorm from north west;FS5_SEV4_GIS_TIME;0;2018-08-14 12:00:00;True;137,0;0,35201011416193584;0,4063150371831452;0,09150505934841141;0,013465802025461932;0,11604224241827599;0,07827951493379959;0,2607664171532318;0,03359321737387283;0,17028167165523284;0,35201011416193584;0,11604224241827599;0,09150505934841141;0,03359321737387283;0,0;0,0
SC5 14.08.2018 12:00 Rainstorm from north west;FS5_SEV4_GIS_TIME;15;2018-08-14 12:15:00;True;137,0;0,4778627656775579;0,5261614459206656;0,08195647404543806;0,011027937812478418;0,10501398865140976;0,06874919879436492;0,20164773575150502;0,03193908380293161;0,15439929575238323;0,4955359230814761;0,10322144742507719;0,08094686581606272;0,027018789151836153;0,0374124380041608;0,026032239586169268
SC5 14.08.2018 12:00 Rainstorm from north west;FS5_SEV4_GIS_TIME;30;2018-08-14 12:30:00;True;137,0;0,5201747232377223;0,5440091777322051;0,08475919072978044;0,012493629063222282;0,11177490354825757;0,06158626252347815;0,24577857398977007;0,024911813895578044;0,1742790986781901;0,5225179140047689;0,1115016473525254;0,08337581827398756;0,0018668979033824552;0,06676468727909338;0,04547002316065078
SC5 14.08.2018 12:00 Rainstorm from north west;FS5_SEV4_GIS_TIME;45;2018-08-14 12:45:00;True;137,0;0,3075989639765506;0,4765416613481406;0,10214648866356146;0,015316845262144718;0,12376124297268801;0,10241666382321402;0,24323160125513058;0,061132973441966915;0,1887052894273329;-0,39612162316966715;0,17573871022072418;0,14638905279313233;0,12093187067410666;0,11374395329362039;0,08742256449827802
SC5 14.08.2018 12:00 Rainstorm from north west;FS5_SEV4_GIS_TIME;60;2018-08-14 13:00:00;True;137,0;0,31210470276023916;0,31248367034543456;0,11609552915855771;0,02093670241872342;0,14469520523750404;0,10192849797552284;0,4026599619876532;0,003396205821930756;0,2894249609345534;-0,40819734891147674;0,20702592374097653;0,17325832413007275;0,138728577519889;0,1676721131243999;0,14612455349109632
SC5 14.08.2018 12:00 Rainstorm from north west;FS5_SEV4_GIS_TIME;75;2018-08-14 13:15:00;True;137,0;0,4028273811690447;0,505328239457881;0,12731370265079808;0,024528761004058416;0,15661660513514655;0,10421497980495553;1,1264228205403157;-0,0648860913394451;0,5209933061657145;0,33018749396845504;0,16586871821428364;0,1195826763258478;0,059941802759767966;0,16632732846947382;0,1323063369580361
SC5 14.08.2018 12:00 Rainstorm from north west;FS5_SEV4_GIS_TIME;90;2018-08-14 13:30:00;True;137,0;0,10614681298913065;0,4656680526815752;0,14276953513678353;0,033611810827174536;0,18333524163993822;0,09689526689932654;3,5361374885475456;-0,1162719979319183;0,8342483180678444;0,6926689217033424;0,10750188975121988;0,08328775647181844;-0,015868349205548096;0,16379655893610215;0,11437261848282206
SC5 14.08.2018 12:00 Rainstorm from north west;FS5_SEV4_GIS_TIME;105;2018-08-14 13:45:00;True;137,0;-0,43461221140846895;0,05139715560310709;0,14197608864617042;0,03650444793403979;0,19106137216622252;0,07968130043809196;4,9418375762028734;-0,11120593108799261;0,9356584222213655;0,6982347995207845;0,08762745704138629;0,0642965409240949;-0,02027277115955004;0,16418741112592428;0,1082166952529691
SC5 14.08.2018 12:00 Rainstorm from north west;FS5_SEV4_GIS_TIME;120;2018-08-14 14:00:00;True;137,0;-0,5500929046576255;-0,2998455471978163;0,13034908614687116;0,033510876744247194;0,1830597627668276;0,06363738198280333;2,483040175083478;-0,07355272735395285;0,7734645654807815;0,5882819706075335;0,09434393227207188;0,06993322385393196;-0,024254983608505552;0,17905378796754;0,12943933105748825
SC5 14.08.2018 12:00 Rainstorm from north west;FS5_SEV4_GIS_TIME;135;2018-08-14 14:15:00;True;137,0;-0,34553549492772073;-0,19156398563666888;0,14976925866299007;0,03253811804138896;0,18038325321766696;0,12389316125710803;1,6617463508281942;0,061019524524497305;0,6736878844734252;0,3997343773866908;0,12048150161631967;0,08524714015652538;0,013762061518191192;0,16767139128671307;0,13549296530753877
SC5 14.08.2018 12:00 Rainstorm from north west;FS5_SEV4_GIS_TIME;150;2018-08-14 14:30:00;True;137,0;-1,0197695035742904;-0,04908403216455248;0,26481590429829294;0,09620703029858638;0,31017258147455;0,2889615368127823;1,0384097035111743;0,2150263901272896;0,6711223321591949;-0,19222586676473297;0,23830423990397037;0,1913733125862524;0,14602355758630567;0,12844966580114808;0,10315986544940703
SC5 14.08.2018 12:00 Rainstorm from north west;FS5_SEV4_GIS_TIME;165;2018-08-14 14:45:00;True;137,0;-1,3940411266150292;-0,1520963504541064;0,25879004450652515;0,088214729666706;0,29700964574691174;0,2753058037658652;1,0592537575653163;0,213922218065281;0,6623718389932154;0,30720530086026754;0,15977433860131834;0,12882342443685385;0,08041495371734114;0,18220529983471292;0,16338900864677908
SC5 14.08.2018 12:00 Rainstorm from north west;FS5_SEV4_GIS_TIME;180;2018-08-14 15:00:00;True;137,0;-0,7343015212503969;-0,428859831196998;0,14938453796728465;0,036875913951076124;0,19203102340787576;0,12925230684768724;0,7895669493058742;0,08058853315459175;0,523793825987898;0,4975609235332279;0,10335959483939812;0,07892755776805561;0,014300012275903589;0,13943282816824767;0,11699541767706065
SC5 14.08.2018 12:00 Rainstorm from north west;FS6_SEV4_GIS_SENSOR_TIME;0;2018-08-14 12:00:00;True;137,0;0,5647412123822009;0,5648141063226666;0,06749741089433126;0,009045061955440125;0,09510553062488072;0,04249525382884811;0,19221283387539065;-0,0012307722985095471;0,13458585983120608;0,5647412123822009;0,09510553062488072;0,06749741089433126;-0,0012307722985095471;0,0;0,0
SC5 14.08.2018 12:00 Rainstorm from north west;FS6_SEV4_GIS_SENSOR_TIME;15;2018-08-14 12:15:00;True;137,0;0,49488799415835394;0,4967998614565369;0,07425569510179353;0,0106683519630358;0,10328771448258403;0,04618401170117514;0,18378149634797084;-0,006354533804645402;0,15282556954038715;0,5102692265761742;0,10170294276993333;0,07180924163961286;-0,00875281342934421;0,017876543303393985;0,012588940343282519
SC5 14.08.2018 12:00 Rainstorm from north west;FS6_SEV4_GIS_SENSOR_TIME;30;2018-08-14 12:30:00;True;137,0;0,4505879467538363;0,47031929453500765;0,08256111745064859;0,01430552063125603;0,11960568812249704;0,04499636138930463;0,23668361486830414;-0,022666325348626847;0,18563035242133885;0,4435346838177422;0,12037097900930642;0,08200780153015982;-0,026487821568157443;0,030706879703710405;0,02065998783511837
SC5 14.08.2018 12:00 Rainstorm from north west;FS6_SEV4_GIS_SENSOR_TIME;45;2018-08-14 12:45:00;True;137,0;0,42912353980985585;0,4297092779095043;0,08683443670480084;0,012628557656053573;0,1123768555177336;0,06587304822603857;0,2146606767218411;0,003599627366211945;0,17464069841321003;0,3583149124379593;0,119142519885473;0,09386991123895827;0,030636184924891178;0,05227478217290664;0,03510421949581508
SC5 14.08.2018 12:00 Rainstorm from north west;FS6_SEV4_GIS_SENSOR_TIME;60;2018-08-14 13:00:00;True;137,0;0,04811625740034953;0,3121614653179956;0,13616385453021274;0,028971424482763092;0,1702099423734204;0,11697876159720794;0,46790160192644153;-0,08964624745487847;0,3578494547808361;0,14971949634048431;0,1608696365022529;0,13166032597820448;-0,06190504019633376;0,060275386303672594;0,040889281534800564
SC5 14.08.2018 12:00 Rainstorm from north west;FS6_SEV4_GIS_SENSOR_TIME;75;2018-08-14 13:15:00;True;137,0;-0,9961632574769901;0,16431480870075788;0,24921594400699318;0,08199205711003328;0,2863425520421882;0,24887989047500828;2,3574573099090124;-0,2183264387456085;0,7774196783636899;-0,8304962922552661;0,274203055147718;0,23731025848390855;-0,18558646553325414;0,06473952025782566;0,04197594500316756
SC5 14.08.2018 12:00 Rainstorm from north west;FS6_SEV4_GIS_SENSOR_TIME;90;2018-08-14 13:30:00;True;137,0;-2,5948061267870624;-0,10277534684534917;0,3166261076701977;0,13517649794145162;0,3676635662415459;0,3238006567474746;9,010231363494068;-0,30611848823098914;1,0200137764535602;-2,1044593247868035;0,341669211827931;0,29458642425885023;-0,2658764416781361;0,07830810743259374;0,05209013682375424
SC5 14.08.2018 12:00 Rainstorm from north west;FS6_SEV4_GIS_SENSOR_TIME;105;2018-08-14 13:45:00;True;137,0;-4,735577811079794;-0,3351757828595652;0,3466120789201143;0,14594473678056707;0,38202714141873095;0,3576084030794918;20,66222388177312;-0,33461993377116944;1,186836676875567;-4,034098162938155;0,3579039329096307;0,31587335940584793;-0,3045873378469759;0,08304147595935821;0,05372920011579786
SC5 14.08.2018 12:00 Rainstorm from north west;FS6_SEV4_GIS_SENSOR_TIME;120;2018-08-14 14:00:00;True;137,0;-5,22658413699695;-0,5276153148460869;0,3353872383053783;0,13461018557379736;0,36689260768486104;0,3704583836367118;7,574339187816472;-0,31872440039582317;1,2032135341242303;-5,32995966397099;0,36992569834202516;0,3325364079242885;-0,31744882197130514;0,08929934458251876;0,07012965917556689
SC5 14.08.2018 12:00 Rainstorm from north west;FS6_SEV4_GIS_SENSOR_TIME;135;2018-08-14 14:15:00;True;137,0;-1,9615679150351055;-0,10171798224686412;0,2308463560705258;0,07161746885925065;0,2676144033105293;0,2204208402434985;3,159345029196021;-0,21207407793581548;0,8865422024796651;-2,7814304369136047;0,3023964535421865;0,2690497838469681;-0,25313494244312457;0,08502256010911442;0,06924051554520091
SC5 14.08.2018 12:00 Rainstorm from north west;FS6_SEV4_GIS_SENSOR_TIME;150;2018-08-14 14:30:00;True;137,0;0,27000759187000156;0,3643946892887786;0,14638831080107984;0,03477149328297976;0,1864711593865919;0,11762806150786564;1,3877630765411877;-0,06705154893109251;0,5276168986571292;0,22311501233421338;0,1923671292666444;0,15640410165101973;-0,12010438106310072;0,08430170761605431;0,07096328008257152
SC5 14.08.2018 12:00 Rainstorm from north west;FS6_SEV4_GIS_SENSOR_TIME;165;2018-08-14 14:45:00;True;137,0;0,05208120577014652;0,1570785599695974;0,1428389237045869;0,03492855625968656;0,1868918303717061;0,0985293328923148;1,4240653211004681;-0,06220050750173126;0,4740446761440648;0,03623613193077324;0,1884473655921142;0,14461777295887307;-0,10812297631750509;0,08774244616038686;0,06283083570148987
SC5 14.08.2018 12:00 Rainstorm from north west;FS6_SEV4_GIS_SENSOR_TIME;180;2018-08-14 15:00:00;True;137,0;-1,7708132322676007;-0,6418222272799445;0,21607539431278258;0,058914940150623915;0,24272399994772645;0,20201164216567313;1,6494537740932333;-0,15493671182146335;0,7512178030198946;-1,6278698940552347;0,23638016075723625;0,20793847553632105;-0,17791965025588102;0,06837500734589141;0,042473830678716656
SC5 14.08.2018 12:00 Rainstorm from north west;FS7_SEV12_TIME;0;2018-08-14 12:00:00;True;137,0;0,16565951196560658;0,1771375905380942;0,10087587736203613;0,017338332093205122;0,13167510050577186;0,08524095264486475;0,3284249331074424;0,015444241913456627;0,18451363828870726;0,16565951196560658;0,13167510050577186;0,10087587736203613;0,015444241913456627;0,0;0,0
SC5 14.08.2018 12:00 Rainstorm from north west;FS7_SEV12_TIME;15;2018-08-14 12:15:00;True;137,0;0,23747771953754193;0,25197587607182836;0,09740637671272016;0,01610505387626937;0,12690568890427792;0,07736730132915215;0,2781814879052436;0,017498918731666063;0,18253790618960752;0,26262386060035425;0,12479562548732902;0,09601870130211805;0,01588056645488314;0,027470098970834984;0,018211128040604346
SC5 14.08.2018 12:00 Rainstorm from north west;FS7_SEV12_TIME;30;2018-08-14 12:30:00;True;137,0;0,34449243079858727;0,3604389634669548;0,09930449870513325;0,017068022078783503;0,13064464045181304;0,08005160297753466;0,3347149875507343;0,020376794987296647;0,1987837858974613;0,29124028187587514;0,13584768937225702;0,09872124293861648;-0,008275705666220424;0,05685365038666471;0,042488077866171835
SC5 14.08.2018 12:00 Rainstorm from north west;FS7_SEV12_TIME;45;2018-08-14 12:45:00;True;137,0;0,16697770504630793;0,3056385837806894;0,11196876180615205;0,018427577267937915;0,1357482127614869;0,10849034272335673;0,33007846081857356;0,055383804044765055;0,20520951731303028;0,06446995544899536;0,14385821845084898;0,11708338194130302;0,0726334073314769;0,0678298615888896;0,03976129783983648
SC5 14.08.2018 12:00 Rainstorm from north west;FS7_SEV12_TIME;60;2018-08-14 13:00:00;True;137,0;0,1934899198508404;0,22861702063245326;0,12727644771397456;0,02454684835546761;0,1566743385352803;0,11264443581585726;0,5666258635219324;-0,03269746799132799;0,3211976879757161;0,11975895609528797;0,16367930693012792;0,1343782348454425;0,06997706630574438;0,1452662246542095;0,11258215148318015
SC5 14.08.2018 12:00 Rainstorm from north west;FS7_SEV12_TIME;75;2018-08-14 13:15:00;True;137,0;0,11113515531685947;0,4220790959969649;0,1611596298028217;0,036509968227987494;0,1910758180094684;0,14745918236059302;1,7371105606317225;-0,11301313219084919;0,6185417230479282;0,44083812160573355;0,15155024407884435;0,11327474070530169;0,0068124041915677115;0,16145481763812586;0,12691392524938616
SC5 14.08.2018 12:00 Rainstorm from north west;FS7_SEV12_TIME;90;2018-08-14 13:30:00;True;137,0;-0,3221874669774001;0,3286222472658019;0,17672939510149924;0,049718584286442824;0,2229766451591799;0,11575359745937236;4,906065448400199;-0,15643714168222717;0,904468573215391;0,6096294017886807;0,1211578084161118;0,10342197273603797;-0,04692614687020218;0,1734612126098855;0,11671382062014764
SC5 14.08.2018 12:00 Rainstorm from north west;FS7_SEV12_TIME;105;2018-08-14 13:45:00;True;137,0;-0,9873498506294769;-0,03113221220573581;0,1768746530861818;0,05056914235924454;0,22487583765101252;0,1103822455374049;8,468495646423829;-0,15598541979268335;1,0439963938046273;0,4840609367401737;0,11457894951938337;0,0985536232084277;-0,06855939246202505;0,16879431900991076;0,10934753300635701
SC5 14.08.2018 12:00 Rainstorm from north west;FS7_SEV12_TIME;120;2018-08-14 14:00:00;True;137,0;-1,1871727523644378;-0,3593485593556289;0,1632513363396739;0,04728366687095396;0,21744807856349055;0,09516849496839153;3,7605883148435435;-0,13377750386369422;0,9206178448249029;0,2746042942834439;0,12522802208536438;0,1070748553317397;-0,07623285891448427;0,17862030636284434;0,13115338539283206
SC5 14.08.2018 12:00 Rainstorm from north west;FS7_SEV12_TIME;135;2018-08-14 14:15:00;True;137,0;-0,21984058967890108;-0,21379004024753212;0,12856095644098464;0,02949852846563645;0,17175135651760207;0,1058975802063943;2,090403427286036;-0,012096118769500579;0,5528498010740124;0,24151364477247672;0,1354323835693301;0,10859434470745406;-0,0509015873603491;0,16906360780192578;0,13903558030078716
SC5 14.08.2018 12:00 Rainstorm from north west;FS7_SEV12_TIME;150;2018-08-14 14:30:00;True;137,0;-0,5087992436153168;-0,12858640749787953;0,22703233064743572;0,07186814846352782;0,26808235388314505;0,2192032088979674;1,2454689914065056;0,134575464240475;0,6320319458865993;0,07822125989637096;0,2095394709100018;0,16547110260322515;0,08759629370122009;0,12559897307479492;0,09981194906209487
SC5 14.08.2018 12:00 Rainstorm from north west;FS7_SEV12_TIME;165;2018-08-14 14:45:00;True;137,0;-0,6872092791730171;-0,25338032635213037;0,2092569591498235;0,06216965481451359;0,2493384342906516;0,20685743468284623;1,2678790310360288;0,12643404038247089;0,5506325381981299;0,2920708943604017;0,16151008083331705;0,1314870291080156;0,05420185582344902;0,1330428981542304;0,1136033633247147
SC5 14.08.2018 12:00 Rainstorm from north west;FS7_SEV12_TIME;180;2018-08-14 15:00:00;True;137,0;-0,6780930105110223;-0,6766425499896604;0,1543793368054851;0,035680769865721856;0,18889354109053558;0,145252718842826;1,2864667135104697;-0,005553439567792799;0,5707369140537824;0,4816557284315588;0,10498282270429082;0,07991055523474282;0,008708327983884856;0,12002082366743863;0,10080419241033926
SC5 14.08.2018 12:00 Rainstorm from north west;FS8_SEV12_GIS_TIME;0;2018-08-14 12:00:00;True;137,0;0,4633641398377397;0,5172218031084163;0,08608011782121998;0,011151767042416987;0,10560192726658442;0,07442725567022962;0,2208603157718351;0,03345459312211387;0,1620760997157545;0,4633641398377397;0,10560192726658442;0,08608011782121998;0,03345459312211387;0,0;0,0
SC5 14.08.2018 12:00 Rainstorm from north west;FS8_SEV12_GIS_TIME;15;2018-08-14 12:15:00;True;137,0;0,5570045699285258;0,5971702623946717;0,07614464162036487;0,009356402364945022;0,09672849820474327;0,0627247952155725;0,17573762395922854;0,029126107717357515;0,1463589016700273;0,5742797044899595;0,09482372228459836;0,07531739794062974;0,025949455462018607;0,03565820429576894;0,02539947844470722
SC5 14.08.2018 12:00 Rainstorm from north west;FS8_SEV12_GIS_TIME;30;2018-08-14 12:30:00;True;137,0;0,4655307596315974;0,5337059936767754;0,09534242504168942;0,0139164415845755;0,1179679684684597;0,08124892193501843;0,23058092052258852;0,04213238667479147;0,1875480572699171;0,5807711004381825;0,1044788416835918;0,07810456793515301;0,011738857045823755;0,06384755867009206;0,04817156278847778
SC5 14.08.2018 12:00 Rainstorm from north west;FS8_SEV12_GIS_TIME;45;2018-08-14 12:45:00;True;137,0;0,22807939665409194;0,513086577298594;0,1112652979705732;0,01707592539724369;0,13067488433989025;0,11642511034591985;0,23737107606750613;0,07940241452569313;0,19745678857325466;-0,13629469257568116;0,15854454247177388;0,1333495039291116;0,11016418035166999;0,07536150048203269;0,054386155428296896
SC5 14.08.2018 12:00 Rainstorm from north west;FS8_SEV12_GIS_TIME;60;2018-08-14 13:00:00;True;137,0;0,3200804107776394;0,32138076483744715;0,11651774343637084;0,020693954683698952;0,14385393523883505;0,10320736805329456;0,3724619135680094;0,006291059299902044;0,2916180633400866;-0,058161250492966055;0,17946050967063273;0,1477141354797927;0,10863751047798637;0,1326916028794385;0,11252602649322391
SC5 14.08.2018 12:00 Rainstorm from north west;FS8_SEV12_GIS_TIME;75;2018-08-14 13:15:00;True;137,0;0,41067915590229687;0,5325901743318434;0,12961788990829345;0,024206250728442177;0,15558358116601564;0,11343185626987426;1,2357753150429704;-0,07076350603604686;0,5437296720777572;0,39420741063234277;0,1577429072513643;0,11352569863346966;0,04389406090313123;0,14950871952824826;0,12080893949240133
SC5 14.08.2018 12:00 Rainstorm from north west;FS8_SEV12_GIS_TIME;90;2018-08-14 13:30:00;True;137,0;0,1219858593597184;0,5010129480788733;0,14206471968501097;0,03301621074650428;0,1817036343789091;0,09852368873449627;3,7829226979305544;-0,11938451066732012;0,8329777661589268;0,667357709435228;0,11184114125970263;0,09224539224617426;-0,02162008110579824;0,1525141655082961;0,10537085073734939
SC5 14.08.2018 12:00 Rainstorm from north west;FS8_SEV12_GIS_TIME;105;2018-08-14 13:45:00;True;137,0;-0,4858408594867245;0,05913937732647345;0,14514386309840188;0,03780798731676115;0,19444276102946376;0,08801442750038646;5,470469812370623;-0,11775951476786291;0,9365725729703066;0,6238695900124913;0,09783063095772315;0,07765660956442974;-0,037488388100274675;0,15684513548130263;0,10379823096636955
SC5 14.08.2018 12:00 Rainstorm from north west;FS8_SEV12_GIS_TIME;120;2018-08-14 14:00:00;True;137,0;-0,7042434797248363;-0,308739606219413;0,13802637677577181;0,03684340017275298;0,19194634712010797;0,0720122062837755;2,8170143967889554;-0,0924675608293534;0,8253143369302678;0,5044340468541034;0,10350581795930686;0,08196653865698517;-0,0488612604235829;0,16992651445290044;0,12840420961376606
SC5 14.08.2018 12:00 Rainstorm from north west;FS8_SEV12_GIS_TIME;135;2018-08-14 14:15:00;True;137,0;-0,23992123230247708;-0,2153329101100525;0,1371373637346807;0,029984124217287696;0,17315924525501863;0,103362923962314;1,8736752585622947;0,024384456682045214;0,6234282132330711;0,4395573646349128;0,11641641441757843;0,08918048766739546;-0,02097798619596854;0,1675809976929802;0,14003584103957906
SC5 14.08.2018 12:00 Rainstorm from north west;FS8_SEV12_GIS_TIME;150;2018-08-14 14:30:00;True;137,0;-0,8633589598347213;-0,14590023530047969;0,25685629486016703;0,08875677724053112;0,29792075664601003;0,2751152437210083;1,1321420289675834;0,18486341003218013;0,6882218490723282;-0,082251506527941;0,22704743441009306;0,18296679344591843;0,1263329800914958;0,13755307779301912;0,1107285485694688
SC5 14.08.2018 12:00 Rainstorm from north west;FS8_SEV12_GIS_TIME;165;2018-08-14 14:45:00;True;137,0;-1,1821788282991434;-0,2930649635193321;0,2434336453931681;0,08040810714684643;0,28356323306600667;0,2558816291618349;1,1532456355776426;0,18100202836209853;0,6257897446802225;0,28601488711952694;0,16219943185655783;0,1330479716059206;0,07854595767372892;0,16541112739014208;0,14713387903893352
SC5 14.08.2018 12:00 Rainstorm from north west;FS8_SEV12_GIS_TIME;180;2018-08-14 15:00:00;True;137,0;-0,7894142483001356;-0,6981932991928954;0,1566363287012689;0,03804775872858057;0,1950583469851536;0,12849060388342026;0,9713709696572945;0,044040920460016994;0,5648422448485485;0,49041502324739417;0,10409201170630702;0,07736179330003176;0,02199509822862397;0,1315375762334321;0,10875681867456764
SC5 14.08.2018 12:00 Rainstorm from north west;FS9_SEV12_GIS_SENSOR_TIME;0;2018-08-14 12:00:00;True;137,0;0,564329065129205;0,5648274296846993;0,06655305904926304;0,009053626739297826;0,09515054776141768;0,04485560140474054;0,19066678269857126;-0,003218144735172207;0,13453942925392942;0,564329065129205;0,09515054776141768;0,06655305904926304;-0,003218144735172207;0,0;0,0
SC5 14.08.2018 12:00 Rainstorm from north west;FS9_SEV12_GIS_SENSOR_TIME;15;2018-08-14 12:15:00;True;137,0;0,4990730315918349;0,50162462688095;0,07235444101511794;0,010579960770978385;0,10285893627185916;0,04735628015555626;0,18348465475830153;-0,007341092862838277;0,1502285394212394;0,5165186694994814;0,10105194482461309;0,07172255425734096;-0,0079736688546533;0,021166925990413643;0,014652615317898075
SC5 14.08.2018 12:00 Rainstorm from north west;FS9_SEV12_GIS_SENSOR_TIME;30;2018-08-14 12:30:00;True;137,0;0,45499400232899845;0,4678676866385446;0,08303274832621171;0,014190796320858162;0,11912512883878935;0,04360918839123573;0,24289452571159525;-0,018308559260501366;0,18702710438096784;0,4396272039950372;0,12079286008084417;0,08109248332962377;-0,03199735330540148;0,03393460513914422;0,023392072749616456
SC5 14.08.2018 12:00 Rainstorm from north west;FS9_SEV12_GIS_SENSOR_TIME;45;2018-08-14 12:45:00;True;137,0;0,4502313491605937;0,4557424830129855;0,08709379906148058;0,01216162442974749;0,11027975530326267;0,06885989601489828;0,22083566381858483;0,011041454509842789;0,17470427437113595;0,3983250907627486;0,11536837048889674;0,09103600679992906;0,02477366083095348;0,04244186731037907;0,028805766009936368
SC5 14.08.2018 12:00 Rainstorm from north west;FS9_SEV12_GIS_SENSOR_TIME;60;2018-08-14 13:00:00;True;137,0;0,11691595300394164;0,3264963557986723;0,13268019278895296;0,02687744483334399;0,16394341960976655;0,10873715743887047;0,4703267801442399;-0,07986717170963002;0,3520071806841193;0,20786387551617447;0,15527190437555596;0,12820746536582336;-0,05744327278605892;0,05766510055968102;0,038512667654639614
SC5 14.08.2018 12:00 Rainstorm from north west;FS9_SEV12_GIS_SENSOR_TIME;75;2018-08-14 13:15:00;True;137,0;-0,8727092263074914;0,18928132117796892;0,2410051472469345;0,07692120434476037;0,27734672225350054;0,23492668155166843;2,3158793556876445;-0,2088565924956766;0,7685322863820507;-0,8818083336677136;0,27801969101152657;0,24068505753648217;-0,1895310789806262;0,06018615970577166;0,04019610416552011
SC5 14.08.2018 12:00 Rainstorm from north west;FS9_SEV12_GIS_SENSOR_TIME;90;2018-08-14 13:30:00;True;137,0;-2,2856550801727678;-0,016166562689814867;0,3037883754158476;0,12355140486484514;0,3514987978142246;0,3165756145461895;8,622179182893737;-0,2921304674963044;1,0205952460781365;-2,2163704198914767;0,34777302145209177;0,3009088928483439;-0,2664681049683592;0,07806567729296897;0,05340288930919266
SC5 14.08.2018 12:00 Rainstorm from north west;FS9_SEV12_GIS_SENSOR_TIME;105;2018-08-14 13:45:00;True;137,0;-4,291016766131297;-0,22276143638889034;0,3357053993092133;0,13463265161234447;0,36692322304856156;0,3542761773919012;20,053449913316207;-0,32174346295925027;1,1886125195545503;-3,9627525804223236;0,35535869207462883;0,3153941136256646;-0,30436308437620097;0,0785712489574836;0,055770218224382793
SC5 14.08.2018 12:00 Rainstorm from north west;FS9_SEV12_GIS_SENSOR_TIME;120;2018-08-14 14:00:00;True;137,0;-4,7854339712991285;-0,4446730111824715;0,3246051533711552;0,1250731257085571;0,35365679084185153;0,3587192043861006;7,432479898258948;-0,3063352445874764;1,199611774433055;-5,195175508004132;0,36596608341688813;0,33204526241710713;-0,31670470713722915;0,08628404672461766;0,0731780549307799
SC5 14.08.2018 12:00 Rainstorm from north west;FS9_SEV12_GIS_SENSOR_TIME;135;2018-08-14 14:15:00;True;137,0;-1,9229736223105665;-0,14053632486244627;0,22801846950345422;0,07068417081016244;0,2658649484421789;0,22089144861505883;3,164090669503812;-0,2076135843258469;0,875163995091792;-2,709553023985421;0,2995086898329552;0,26798277431852185;-0,25063713461990783;0,08771815318103744;0,07314780203499797
SC5 14.08.2018 12:00 Rainstorm from north west;FS9_SEV12_GIS_SENSOR_TIME;150;2018-08-14 14:30:00;True;137,0;0,23464472621170818;0,3168014103705781;0,15077945023893058;0,036455921274298385;0,19093433759881534;0,12122877254276664;1,3767113841206895;-0,06255671728954795;0,5352095188606091;0,2665141405986955;0,1869168149801474;0,15272108447102883;-0,11244322411534222;0,08239170170524764;0,06854006780624172
SC5 14.08.2018 12:00 Rainstorm from north west;FS9_SEV12_GIS_SENSOR_TIME;165;2018-08-14 14:45:00;True;137,0;0,06158308251416089;0,1573073125184381;0,13847873891770351;0,034578434668632384;0,18595277537222288;0,08825346546173096;1,4316876736490929;-0,05939032354311686;0,4632861344234989;0,04572694347409523;0,18751718783599391;0,14364239872544668;-0,10282489375518357;0,08640761473886288;0,060380263255745935
SC5 14.08.2018 12:00 Rainstorm from north west;FS9_SEV12_GIS_SENSOR_TIME;180;2018-08-14 15:00:00;True;137,0;-1,7808799473681942;-0,6426784050213235;0,2155629822603743;0,05912898558348027;0,24316452369430921;0,2035146080530607;1,6420749429858397;-0,15556743059465916;0,7433243054508085;-1,523836679695168;0,23165395423488744;0,20371621444145613;-0,17244225511948227;0,07138318781333045;0,0449256598507564
SC6 14.08.2018 12:30 Rainstorm from north west (0.5h later);FS1_TIME;0;2018-08-14 12:30:00;False;137,0;-0,22217840264182875;0,0;0,15377399189984578;0,031822924616898736;0,17838981085504502;0,14823393218028236;0,46860448629714;0,07605953440695533;0,2798565372166101;-0,22217840264182875;0,17838981085504502;0,15377399189984578;0,07605953440695533;0,0;0,0
SC6 14.08.2018 12:30 Rainstorm from north west (0.5h later);FS1_TIME;15;2018-08-14 12:45:00;False;137,0;-0,44487146540693123;0,0;0,15326199491600273;0,03196250656473129;0,1787806101475529;0,14701895754337313;0,47716652621341216;0,0992026065019863;0,2609001813871895;-0,44487146540693123;0,1787806101475529;0,15326199491600273;0,0992026065019863;0,0;0,0
SC6 14.08.2018 12:30 Rainstorm from north west (0.5h later);FS1_TIME;30;2018-08-14 13:00:00;False;137,0;-0,0021077685972479276;2,220446049250313e-16;0,14570658209940207;0,030500037181238084;0,17464259841527233;0,1454659209639868;0,6947268622092843;-0,008009482094916394;0,35288947028513995;-0,0021077685972479276;0,17464259841527233;0,14570658209940207;-0,008009482094916394;0,0;0,0
SC6 14.08.2018 12:30 Rainstorm from north west (0.5h later);FS1_TIME;45;2018-08-14 13:15:00;False;137,0;-0,5742479826481928;2,220446049250313e-16;0,22388469315679396;0,06466196089681966;0,25428716227293047;0,2294286317665619;2,9046062229606187;-0,15358103912052037;0,7277455365729324;-0,5742479826481928;0,25428716227293047;0,22388469315679396;-0,15358103912052037;0,0;0,0
SC6 14.08.2018 12:30 Rainstorm from north west (0.5h later);FS1_TIME;60;2018-08-14 13:30:00;False;137,0;-1,6854642233034944;0,0;0,28186270634333754;0,10098226058651916;0,317777061139597;0,37720260580380766;8,703268904268972;-0,25175182527541135;1,0049066877023867;-1,6854642233034944;0,317777061139597;0,28186270634333754;-0,25175182527541135;0,0;0,0
SC6 14.08.2018 12:30 Rainstorm from north west (0.5h later);FS1_TIME;75;2018-08-14 13:45:00;False;137,0;-3,2228777308413807;1,1102230246251565e-16;0,3049619438725476;0,1074533027332666;0,32780070581569315;0,36992686984224066;19,837453473085084;-0,2863700172237631;1,1653369277784171;-3,2228777308413807;0,32780070581569315;0,3049619438725476;-0,2863700172237631;0,0;0,0
SC6 14.08.2018 12:30 Rainstorm from north west (0.5h later);FS1_TIME;90;2018-08-14 14:00:00;False;137,0;-3,241738733514236;0,0;0,2906345514259323;0,09170055772333895;0,302820999475497;0,32259316257635756;6,75936951210514;-0,2647299246984996;1,200447217816303;-3,241738733514236;0,302820999475497;0,2906345514259323;-0,2647299246984996;0,0;0,0
SC6 14.08.2018 12:30 Rainstorm from north west (0.5h later);FS1_TIME;105;2018-08-14 14:15:00;False;137,0;-0,9771897057385253;0,0;0,19672292391278093;0,04781295794727074;0,21866174321831136;0,2136314054205043;3,3664067680899588;-0,1537227260222885;0,833183232651619;-0,9771897057385253;0,21866174321831136;0,19672292391278093;-0,1537227260222885;0,0;0,0
SC6 14.08.2018 12:30 Rainstorm from north west (0.5h later);FS1_TIME;120;2018-08-14 14:30:00;False;137,0;-0,0006184612044490834;0,0;0,18893676385800703;0,04766213691416916;0,2183165978897829;0,1887932942271232;1,6653798058245204;0,005427611203520083;0,6033848360382104;-0,0006184612044490834;0,2183165978897829;0,18893676385800703;0,005427611203520083;0,0;0,0
SC6 14.08.2018 12:30 Rainstorm from north west (0.5h later);FS1_TIME;135;2018-08-14 14:45:00;False;137,0;-0,027071540432244134;0,0;0,17196823691537041;0,03784514696942673;0,19453829178191817;0,18115791243889157;1,3476120472476376;0,031583571204093476;0,5506292632425215;-0,027071540432244134;0,19453829178191817;0,17196823691537041;0,031583571204093476;0,0;0,0
SC6 14.08.2018 12:30 Rainstorm from north west (0.5h later);FS1_TIME;150;2018-08-14 15:00:00;False;137,0;-0,053216857200408585;0,0;0,1256749663264226;0,022394222528239166;0,1496469930477695;0,10623935241891883;1,1527465433075552;-0,03363827412984227;0,5382876164129106;-0,053216857200408585;0,1496469930477695;0,1256749663264226;-0,03363827412984227;0,0;0,0
SC6 14.08.2018 12:30 Rainstorm from north west (0.5h later);FS1_TIME;165;2018-08-14 15:15:00;False;137,0;-0,528168777833349;2,220446049250313e-16;0,11045975837569703;0,015796800244977493;0,125685322313218;0,11203384334023331;1,1431430831490053;-0,07388993157993178;0,6159513736813286;-0,528168777833349;0,125685322313218;0,11045975837569703;-0,07388993157993178;0,0;0,0
SC6 14.08.2018 12:30 Rainstorm from north west (0.5h later);FS1_TIME;180;2018-08-14 15:30:00;False;137,0;-0,39950414768156417;0,0;0,10539637605939649;0,014706039535381528;0,12126846059623882;0,09272055438090437;1,4514859952177785;-0,06479200446865321;0,6173759103020924;-0,39950414768156417;0,12126846059623882;0,10539637605939649;-0,06479200446865321;0,0;0,0
SC6 14.08.2018 12:30 Rainstorm from north west (0.5h later);FS2_GIS_TIME;0;2018-08-14 12:30:00;False;137,0;-0,11358805657125992;0,10836030923531348;0,14970517133482175;0,028995463102559266;0,17028054234867607;0,1505279957483976;0,401123721469518;0,0760201493327088;0,276379058823764;-0,11358805657125992;0,17028054234867607;0,14970517133482175;0,0760201493327088;0,0;0,0
SC6 14.08.2018 12:30 Rainstorm from north west (0.5h later);FS2_GIS_TIME;15;2018-08-14 12:45:00;False;137,0;-0,3009662676209457;0,10331751415724988;0,14726266747625413;0,028779129400010203;0,16964412574566265;0,1434803655804091;0,40443377672287273;0,09456903724140299;0,25533991814392465;-0,3009662676209457;0,16964412574566265;0,14726266747625413;0,09456903724140299;0,0;0,0
SC6 14.08.2018 12:30 Rainstorm from north west (0.5h later);FS2_GIS_TIME;30;2018-08-14 13:00:00;False;137,0;0,03614729969333008;0,04397964503170204;0,14296034545356953;0,029335710307625783;0,17127670684487656;0,14459380641860226;0,606640756008557;-0,015439700934866329;0,35325717774655097;0,03614729969333008;0,17127670684487656;0,14296034545356953;-0,015439700934866329;0,0;0,0
SC6 14.08.2018 12:30 Rainstorm from north west (0.5h later);FS2_GIS_TIME;45;2018-08-14 13:15:00;False;137,0;-0,5886138204509381;0,01894030108196676;0,22533867952924239;0,06525203517513542;0,2554447791111328;0,22476312245158367;2,770783435789254;-0,15797208428736612;0,7320961679962947;-0,5886138204509381;0,2554447791111328;0,22533867952924239;-0,15797208428736612;0,0;0,0
SC6 14.08.2018 12:30 Rainstorm from north west (0.5h later);FS2_GIS_TIME;60;2018-08-14 13:30:00;False;137,0;-1,600324366682234;0,005678916966715519;0,2767593686971376;0,09778072279911541;0,31269909305771165;0,3681020291873388;8,457605414419405;-0,2457457825508681;1,0011928184307;-1,600324366682234;0,31269909305771165;0,2767593686971376;-0,2457457825508681;0,0;0,0
SC6 14.08.2018 12:30 Rainstorm from north west (0.5h later);FS2_GIS_TIME;75;2018-08-14 13:45:00;False;137,0;-2,868212883154506;-0,011370279129855776;0,2916030457499584;0,09842867268797459;0,3137334420937216;0,3551470935074781;18,51994490690002;-0,2696179409836834;1,157234753380682;-2,868212883154506;0,3137334420937216;0,2916030457499584;-0,2696179409836834;0,0;0,0
SC6 14.08.2018 12:30 Rainstorm from north west (0.5h later);FS2_GIS_TIME;90;2018-08-14 14:00:00;False;137,0;-3,362358482085731;-0,009723881638424414;0,2944883717735469;0,09430819079820567;0,30709638682049917;0,3290872862998475;6,7791118572089175;-0,26921988997480284;1,2042383182889926;-3,362358482085731;0,30709638682049917;0,2944883717735469;-0,26921988997480284;0,0;0,0
SC6 14.08.2018 12:30 Rainstorm from north west (0.5h later);FS2_GIS_TIME;105;2018-08-14 14:15:00;False;137,0;-1,1244798102321525;0,0428382100274195;0,2040967710318928;0,051374768709163424;0,22666002891812095;0,2250232128898303;3,453302902862963;-0,1680131331455366;0,8486249552042806;-1,1244798102321525;0,22666002891812095;0,2040967710318928;-0,1680131331455366;0,0;0,0
SC6 14.08.2018 12:30 Rainstorm from north west (0.5h later);FS2_GIS_TIME;120;2018-08-14 14:30:00;False;137,0;0,050974601745229275;0,05846141926525639;0,18647579125624614;0,04520462116219216;0,21261378403620063;0,18746260661298275;1,7284299347080372;-0,018884310096156445;0,6061713383897058;0,050974601745229275;0,21261378403620063;0,18647579125624614;-0,018884310096156445;0,0;0,0
SC6 14.08.2018 12:30 Rainstorm from north west (0.5h later);FS2_GIS_TIME;135;2018-08-14 14:45:00;False;137,0;0,04909840800679077;0,05363826384475101;0,16586919298030112;0,03503846527311981;0,1871856438755916;0,15899592948534313;1,3343725899033725;0,01293378929272469;0,5445402187465677;0,04909840800679077;0,1871856438755916;0,16586919298030112;0,01293378929272469;0,0;0,0
SC6 14.08.2018 12:30 Rainstorm from north west (0.5h later);FS2_GIS_TIME;150;2018-08-14 15:00:00;False;137,0;0,019253265845231793;0,05573372278647326;0,12096689314967583;0,020853312837098386;0,1444067617429959;0,10776230665933656;1,023476085834018;-0,027850899663109007;0,5259506979933984;0,019253265845231793;0,1444067617429959;0,12096689314967583;-0,027850899663109007;0,0;0,0
SC6 14.08.2018 12:30 Rainstorm from north west (0.5h later);FS2_GIS_TIME;165;2018-08-14 15:15:00;False;137,0;-0,5427014965914645;0,046068252964616696;0,11258587498798506;0,01594702609605389;0,1262815350558184;0,11203147145877335;1,0800175019836245;-0,07801383836204966;0,628579872166483;-0,5427014965914645;0,1262815350558184;0,11258587498798506;-0,07801383836204966;0,0;0,0
SC6 14.08.2018 12:30 Rainstorm from north west (0.5h later);FS2_GIS_TIME;180;2018-08-14 15:30:00;False;137,0;-0,6300958978824727;0,05981787922463333;0,11957468619293578;0,017129105876846185;0,13087821009184908;0,11450538985381878;1,310938188120388;-0,08514480955678803;0,6854774695705039;-0,6300958978824727;0,13087821009184908;0,11957468619293578;-0,08514480955678803;0,0;0,0
SC6 14.08.2018 12:30 Rainstorm from north west (0.5h later);FS3_GIS_SENSOR_TIME;0;2018-08-14 12:30:00;False;137,0;0,5333815489290983;0,5351178725494463;0,07191958394949091;0,012149751428421408;0,11022591087589799;0,04179707465608146;0,19991269291752894;0,006723850972773389;0,15207074107889668;0,5333815489290983;0,11022591087589799;0,07191958394949091;0,006723850972773389;0,0;0,0
SC6 14.08.2018 12:30 Rainstorm from north west (0.5h later);FS3_GIS_SENSOR_TIME;15;2018-08-14 12:45:00;False;137,0;-0,0640800747088821;-0,022814158328183787;0,10105277153233995;0,023538887151947248;0,15342388064427012;0,05330113031059863;0,27626493413452363;0,030213535968531005;0,18747716023124317;-0,0640800747088821;0,15342388064427012;0,10105277153233995;0,030213535968531005;0,0;0,0
SC6 14.08.2018 12:30 Rainstorm from north west (0.5h later);FS3_GIS_SENSOR_TIME;30;2018-08-14 13:00:00;False;137,0;-0,9085418549867432;-0,6629850528028491;0,19170909645969672;0,05808816113712805;0,24101485667304423;0,1489429019811826;0,6780809562685486;-0,08645078764829382;0,4364544757419303;-0,9085418549867432;0,24101485667304423;0,19170909645969672;-0,08645078764829382;0,0;0,0
SC6 14.08.2018 12:30 Rainstorm from north west (0.5h later);FS3_GIS_SENSOR_TIME;45;2018-08-14 13:15:00;False;137,0;-2,4315566872279875;-1,0307985192896871;0,31932144142334706;0,14095059150178602;0,3754338710103099;0,34322007534785237;3,525182088720382;-0,23986641503741563;0,8101964359304749;-2,4315566872279875;0,3754338710103099;0,31932144142334706;-0,23986641503741563;0,0;0,0
SC6 14.08.2018 12:30 Rainstorm from north west (0.5h later);FS3_GIS_SENSOR_TIME;60;2018-08-14 13:30:00;False;137,0;-4,72341692905398;-1,5748201092839804;0,4002993406989989;0,21521924394287728;0,4639172813583013;0,5055743517923369;11,97609622104652;-0,34408947216073094;1,0363612385502061;-4,72341692905398;0,4639172813583013;0,4002993406989989;-0,34408947216073094;0,0;0,0
SC6 14.08.2018 12:30 Rainstorm from north west (0.5h later);FS3_GIS_SENSOR_TIME;75;2018-08-14 13:45:00;False;137,0;-7,295157535064641;-1,6709866743136574;0,4104799823188776;0,21107456351994455;0,45942851840078947;0,497423908561635;25,899267614664662;-0,3782987304326705;1,1774115284629303;-7,295157535064641;0,45942851840078947;0,4104799823188776;-0,3782987304326705;0,0;0,0
SC6 14.08.2018 12:30 Rainstorm from north west (0.5h later);FS3_GIS_SENSOR_TIME;90;2018-08-14 14:00:00;False;137,0;-8,29834301427628;-1,5471055175484247;0,41184137671493776;0,20101738788744897;0,44834962683986807;0,4722656450974636;9,506780027814733;-0,3820372621243392;1,237039734430748;-8,29834301427628;0,44834962683986807;0,41184137671493776;-0,3820372621243392;0,0;0,0
SC6 14.08.2018 12:30 Rainstorm from north west (0.5h later);FS3_GIS_SENSOR_TIME;105;2018-08-14 14:15:00;False;137,0;-3,7516939930232187;-0,4171048092245708;0,30967776004934905;0,11490680151091347;0,33897905762880615;0,3280522365105422;4,337364613100346;-0,2839682626067636;0,9970635468210012;-3,7516939930232187;0,33897905762880615;0,30967776004934905;-0,2839682626067636;0,0;0,0
SC6 14.08.2018 12:30 Rainstorm from north west (0.5h later);FS3_GIS_SENSOR_TIME;120;2018-08-14 14:30:00;False;137,0;0,02931627219110855;0,4433760459633419;0,17469198028710908;0,046236265398795724;0,21502619700584327;0,1530558548768362;1,85916941454474;-0,14043780066802106;0,6005988966371137;0,02931627219110855;0,21502619700584327;0,17469198028710908;-0,14043780066802106;0,0;0,0
SC6 14.08.2018 12:30 Rainstorm from north west (0.5h later);FS3_GIS_SENSOR_TIME;135;2018-08-14 14:45:00;False;137,0;0,10637050839714401;0,5971036086240118;0,1480678684774753;0,03292812439500679;0,18146108231520827;0,14253500865598923;1,2954351238230426;-0,13447062598189882;0,539588105411092;0,10637050839714401;0,18146108231520827;0,1480678684774753;-0,13447062598189882;0,0;0,0
SC6 14.08.2018 12:30 Rainstorm from north west (0.5h later);FS3_GIS_SENSOR_TIME;150;2018-08-14 15:00:00;False;137,0;-1,2837322109413591;0,28151607238561327;0,19823738341919356;0,04855828785599937;0,22035945147871322;0,21860840141773225;1,439628080629848;-0,18243187090418195;0,7475416908820283;-1,2837322109413591;0,22035945147871322;0,19823738341919356;-0,18243187090418195;0,0;0,0
SC6 14.08.2018 12:30 Rainstorm from north west (0.5h later);FS3_GIS_SENSOR_TIME;165;2018-08-14 15:15:00;False;137,0;-5,316404987825489;-0,2953754595731344;0,23985928307552226;0,06529317265631239;0,25552528770419647;0,24875254305203762;1,8231272557870737;-0,2278218057159712;0,9468776208859028;-5,316404987825489;0,25552528770419647;0,23985928307552226;-0,2278218057159712;0,0;0,0
SC6 14.08.2018 12:30 Rainstorm from north west (0.5h later);FS3_GIS_SENSOR_TIME;180;2018-08-14 15:30:00;False;137,0;-5,378314661383213;-0,4557357538950688;0,23945514266288268;0,06702355811863436;0,25888908458765575;0,23711441019615095;2,0064841094875967;-0,22743490246249604;0,9738016859560907;-5,378314661383213;0,25888908458765575;0,23945514266288268;-0,22743490246249604;0,0;0,0
SC6 14.08.2018 12:30 Rainstorm from north west (0.5h later);FS4_SEV4_TIME;0;2018-08-14 12:30:00;True;137,0;0,34355163820222157;0,3438540438458523;0,09603229403095048;0,01709251831583823;0,13073835824209448;0,07331804777636669;0,32979198010218475;-0,0028060647521687887;0,19533216495527334;0,34355163820222157;0,13073835824209448;0,09603229403095048;-0,0028060647521687887;0,0;0,0
SC6 14.08.2018 12:30 Rainstorm from north west (0.5h later);FS4_SEV4_TIME;15;2018-08-14 12:45:00;True;137,0;0,2931640601552947;0,37381704007775307;0,0991873903711605;0,01563616481353347;0,12504465127918696;0,0856059613095389;0,30862592465074556;0,042239232370742695;0,1867650444503192;-0,40729713708673954;0,17644067478458608;0,14879115194809278;0,1174625112640229;0,09858592521753522;0,08418975731045225
SC6 14.08.2018 12:30 Rainstorm from north west (0.5h later);FS4_SEV4_TIME;30;2018-08-14 13:00:00;True;137,0;0,3744336942071326;0,3973085002339891;0,1077779703870908;0,019039664379331314;0,1379842903352817;0,08845942224660613;0,4050637350785528;0,02638588589138189;0,24877407174956503;-0,29120067742572586;0,19823933973326058;0,16007924824915085;0,1251194817646043;0,12415643213482705;0,10524122471526863
SC6 14.08.2018 12:30 Rainstorm from north west (0.5h later);FS4_SEV4_TIME;45;2018-08-14 13:15:00;True;137,0;0,40968355164115267;0,45400550746714563;0,12768837871609845;0,024247144999556;0,15571494790018073;0,1094839753894245;1,269344256880425;-0,042667512153515656;0,5197282314556717;0,35693612296094757;0,1625230335018615;0,12339308877656108;0,0166795965055673;0,09882804167634032;0,07223547782993665
SC6 14.08.2018 12:30 Rainstorm from north west (0.5h later);FS4_SEV4_TIME;60;2018-08-14 13:30:00;True;137,0;0,2785677466769899;0,6484317977174567;0,14604510370062834;0,027128218342438382;0,16470646114357015;0,15454797935577694;3,8364429982281014;-0,1179326126414309;0,9075572245688528;0,46508946132643625;0,14182521022823055;0,12953081172842473;-0,07060688080169096;0,08332371024775216;0,05642112134445975
SC6 14.08.2018 12:30 Rainstorm from north west (0.5h later);FS4_SEV4_TIME;75;2018-08-14 13:45:00;True;137,0;-0,2315601617594938;0,5819155700835186;0,16228303465878277;0,031337683762254404;0,17702452870225188;0,1579297377895087;8,765514935871238;-0,14387254680661477;1,07566730499035;0,3869827133620971;0,12489411978203217;0,1115066852728808;-0,07663261436773945;0,11134944319261589;0,07857614482521848
SC6 14.08.2018 12:30 Rainstorm from north west (0.5h later);FS4_SEV4_TIME;90;2018-08-14 14:00:00;True;137,0;-0,4321380719548311;0,29103757272641695;0,14941521296177246;0,030960855485382903;0,17595697055070852;0,13406810267798372;3,10139641318702;-0,12503624614125228;0,9931764502345009;0,36378269883887193;0,11727805871797092;0,10239057386542022;-0,062162999411796746;0,1275397274647768;0,08797948164049618
SC6 14.08.2018 12:30 Rainstorm from north west (0.5h later);FS4_SEV4_TIME;105;2018-08-14 14:15:00;True;137,0;-0,10182435083789443;-0,057251101196966525;0,11959491751351471;0,026644626562130215;0,16323181847339144;0,07815226626396189;1,7550474280592263;-0,03283112651169609;0,5658982744289234;0,3293579949822262;0,12734855208666376;0,09324018565934968;-0,011474855512211559;0,13396782995499854;0,09740421075941519
SC6 14.08.2018 12:30 Rainstorm from north west (0.5h later);FS4_SEV4_TIME;120;2018-08-14 14:30:00;True;137,0;-0,202574954091008;-0,08347095753413103;0,19665812254800624;0,05728186549990615;0,23933630209374038;0,18032425073654995;1,2668860237627966;0,07532092876914111;0,5765026008581526;-0,10313614402370641;0,22922767870429686;0,1784168570731557;0,11747500358562303;0,10610284081076997;0,0689390781233563
SC6 14.08.2018 12:30 Rainstorm from north west (0.5h later);FS4_SEV4_TIME;135;2018-08-14 14:45:00;True;137,0;-0,07510049586279277;-0,048812129700499085;0,16535059121248374;0,03961489990824557;0,1990349213285085;0,15892077375663155;1,2991298726225076;0,031123365148963522;0,5061229902043642;0,4338756586145741;0,14443108195404245;0,11817108061806249;0,04768645287646584;0,10958817629380722;0,08644965661831547
SC6 14.08.2018 12:30 Rainstorm from north west (0.5h later);FS4_SEV4_TIME;150;2018-08-14 15:00:00;True;137,0;-0,9714382917534232;-0,30652244532026685;0,18512421325816492;0,04191807936265979;0,20473905187496544;0,1911448418594778;1,5880993465132502;-0,11890289685990248;0,7082310333277921;0,440243193390808;0,10909598946783006;0,0872956694372727;-0,006722244482618458;0,13900780168522747;0,12452796850197126
SC6 14.08.2018 12:30 Rainstorm from north west (0.5h later);FS4_SEV4_TIME;165;2018-08-14 15:15:00;True;137,0;-3,5481310494865426;-0,5200006317200236;0,20345750524763315;0,04701438657749736;0,21682801151488099;0,22005089149676033;1,883246457483759;-0,17692377199828319;0,878012159757081;0,09949109770762388;0,09648124684778094;0,08357033498564137;-0,050201009905634336;0,1466428602420448;0,13530387935385
SC6 14.08.2018 12:30 Rainstorm from north west (0.5h later);FS4_SEV4_TIME;180;2018-08-14 15:30:00;True;137,0;-2,2811079139272636;-0,3012786608901863;0,16885792915789843;0,034477999069886696;0,18568252225205983;0,18038292908980183;2,2962255447134896;-0,14423632155460717;0,8145268986911068;-0,6549936658541471;0,1318739265789547;0,12011849972743356;-0,09241138986198964;0,08516900892834149;0,07076810683925928
SC6 14.08.2018 12:30 Rainstorm from north west (0.5h later);FS5_SEV4_GIS_TIME;0;2018-08-14 12:30:00;True;137,0;0,5225179140047689;0,5226517693291484;0,08337581827398756;0,012432617362326934;0,1115016473525254;0,06405059913794198;0,25809719715499524;0,0018668979033824552;0,17705338499294557;0,5225179140047689;0,1115016473525254;0,08337581827398756;0,0018668979033824552;0,0;0,0
SC6 14.08.2018 12:30 Rainstorm from north west (0.5h later);FS5_SEV4_GIS_TIME;15;2018-08-14 12:45:00;True;137,0;0,32574052048360047;0,47549855519953554;0,09812758011156511;0,014915529551485488;0,12212915111260492;0,08149836117311637;0,24865002610616838;0,057557361089553706;0,18119175328181283;-0,39612162316966715;0,17573871022072418;0,14638905279313233;0,12093187067410666;0,09395705912981245;0,07825279194882044
SC6 14.08.2018 12:30 Rainstorm from north west (0.5h later);FS5_SEV4_GIS_TIME;30;2018-08-14 13:00:00;True;137,0;0,264247180786796;0,35926838384203985;0,11689236367820369;0,022393288471973125;0,14964387214975802;0,09048862722572015;0,3525396391139461;0,053777824841201465;0,26307288764669606;-0,40819734891147674;0,20702592374097653;0,17325832413007275;0,138728577519889;0,11282136270835098;0,09395862444147576
SC6 14.08.2018 12:30 Rainstorm from north west (0.5h later);FS5_SEV4_GIS_TIME;45;2018-08-14 13:15:00;True;137,0;0,45987934220814497;0,4664214693039851;0,10508551328216917;0,02218536167024355;0,14894751313883542;0,06951995688538722;0,616539797245963;0,01639258148308167;0,3958673478960586;0,33018749396845504;0,16586871821428364;0,1195826763258478;0,059941802759767966;0,09033352850379558;0,0639008032608383
SC6 14.08.2018 12:30 Rainstorm from north west (0.5h later);FS5_SEV4_GIS_TIME;60;2018-08-14 13:30:00;True;137,0;0,6429827125527414;0,7123050665671661;0,08897014242773268;0,01342502068805884;0,11586639153809374;0,0674198609896196;1,64437155348242;-0,05105632010724818;0,7321761418229745;0,6926689217033424;0,10750188975121988;0,08328775647181844;-0,015868349205548096;0,08318364426639958;0,05061684241628845
SC6 14.08.2018 12:30 Rainstorm from north west (0.5h later);FS5_SEV4_GIS_TIME;75;2018-08-14 13:45:00;True;137,0;0,3928581223883192;0,5824073628049562;0,09398892431880984;0,015449038341930232;0,12429416053029295;0,06345851468070589;2,6324353993325946;-0,06944910527749033;0,8580298931416094;0,6982347995207845;0,08762745704138629;0,0642965409240949;-0,02027277115955004;0,1093024190396026;0,06860655724975097
SC6 14.08.2018 12:30 Rainstorm from north west (0.5h later);FS5_SEV4_GIS_TIME;90;2018-08-14 14:00:00;True;137,0;0,14397920922278562;0,22726109209834122;0,09265276793846072;0,018505992204760284;0,13603673108671893;0,0545988933801651;1,3522594076144148;-0,042431589288742404;0,6767894712863964;0,5882819706075335;0,09434393227207188;0,06993322385393196;-0,024254983608505552;0,14611447770453553;0,10870277543762957
SC6 14.08.2018 12:30 Rainstorm from north west (0.5h later);FS5_SEV4_GIS_TIME;105;2018-08-14 14:15:00;True;137,0;-0,22750881703705228;-0,149395156207333;0,13642458589794487;0,029683963697845712;0,1722903470826085;0,09551299132201305;1,2950636294022932;0,04346224259509594;0,625095431399955;0,3997343773866908;0,12048150161631967;0,08524714015652538;0,013762061518191192;0,16439957106855763;0,1336914340521032
SC6 14.08.2018 12:30 Rainstorm from north west (0.5h later);FS5_SEV4_GIS_TIME;120;2018-08-14 14:30:00;True;137,0;-0,5747112107055679;-0,08108862763291236;0,23202796597767728;0,07500771196504098;0,2738753584480374;0,22378177920259407;1,0491779206374585;0,15333807592616439;0,6239820925619325;-0,19222586676473297;0,23830423990397037;0,1913733125862524;0,14602355758630567;0,10993856249969154;0,07971835993065306
SC6 14.08.2018 12:30 Rainstorm from north west (0.5h later);FS5_SEV4_GIS_TIME;135;2018-08-14 14:45:00;True;137,0;-0,29660609046951736;-0,06485353365985835;0,18197535031224968;0,0477768549935883;0,21857917328416335;0,1728181928189455;1,0377766449617971;0,09240958449197632;0,5355017904109269;0,30720530086026754;0,15977433860131834;0,12882342443685385;0,08041495371734114;0,14223960286630752;0,11744545782709334
SC6 14.08.2018 12:30 Rainstorm from north west (0.5h later);FS5_SEV4_GIS_TIME;150;2018-08-14 15:00:00;True;137,0;-0,5866932987580422;-0,4295823569110335;0,1590164223330386;0,033737366216207654;0,1836773426860473;0,15739876984536494;1,074773931328812;-0,0577979333675349;0,636672338982187;0,4975609235332279;0,10335959483939812;0,07892755776805561;0,014300012275903589;0,13896301164308406;0,11435995128948537
SC6 14.08.2018 12:30 Rainstorm from north west (0.5h later);FS5_SEV4_GIS_TIME;165;2018-08-14 15:15:00;True;137,0;-2,1740098395128715;-0,8884088423141452;0,1649770635986426;0,03280998809664577;0,1811352756826946;0,17129743769671654;1,2641043385753363;-0,11527947828712275;0,784807812047643;0,38164519465460955;0,07994987187535015;0,06571234145118521;-0,031039931173418325;0,1350813344246101;0,12048750391134816
SC6 14.08.2018 12:30 Rainstorm from north west (0.5h later);FS5_SEV4_GIS_TIME;180;2018-08-14 15:30:00;True;137,0;-0,9398597755336171;-0,6499637541871051;0,11938744767599858;0,020384115759394476;0,14277295177796975;0,12246647101659813;1,2283462998583525;-0,05519273266807345;0,6336500295462375;-0,03128866982948475;0,10410003915296502;0,09109873830921295;-0,05879702518945754;0,0888403794164358;0,07668559479567114
SC6 14.08.2018 12:30 Rainstorm from north west (0.5h later);FS6_SEV4_GIS_SENSOR_TIME;0;2018-08-14 12:30:00;True;137,0;0,7160981626303682;0,7198801945179801;0,058400974622938834;0,007392199657336367;0,08597790214547205;0,04092457927071025;0,1650027962476593;0,009923510547917366;0,12848308557399374;0,7160981626303682;0,08597790214547205;0,058400974622938834;0,009923510547917366;0,0;0,0
SC6 14.08.2018 12:30 Rainstorm from north west (0.5h later);FS6_SEV4_GIS_SENSOR_TIME;15;2018-08-14 12:45:00;True;137,0;0,2950707244112336;0,37115009005989985;0,08929224451921491;0,01559398682728608;0,12487588569169822;0,059793558514118106;0,2224648915151265;0,041024117684240545;0,16666267243006308;0,1774045641565265;0,13489596389115888;0,09978018291343833;0,06153821306307625;0,030085349045402277;0,025012868082653867
SC6 14.08.2018 12:30 Rainstorm from north west (0.5h later);FS6_SEV4_GIS_SENSOR_TIME;30;2018-08-14 13:00:00;True;137,0;-0,03310548326656915;0,015709045086164553;0,14544740485823104;0,03144348007188758;0,17732309514523928;0,12104159429833128;0,4688823354175648;-0,0385449528436037;0,35413894689308195;-0,18510630920286864;0,18992040382069836;0,15385132591012224;-0,026509893060186328;0,0380090872585434;0,02789937118136317
SC6 14.08.2018 12:30 Rainstorm from north west (0.5h later);FS6_SEV4_GIS_SENSOR_TIME;45;2018-08-14 13:15:00;True;137,0;-0,8494724814610259;-0,19232507009347177;0,23460059154436008;0,07596675910919845;0,27562067975607063;0,248761294479657;2,1665193159973595;-0,16429307694200423;0,7407872497937119;-0,9238434798983539;0,28110769267105995;0,23854455117158554;-0,16054979846072048;0,04755169309793773;0,03250138134607216
SC6 14.08.2018 12:30 Rainstorm from north west (0.5h later);FS6_SEV4_GIS_SENSOR_TIME;60;2018-08-14 13:30:00;True;137,0;-2,3621895058153206;-0,5066636838736702;0,3032414511127982;0,12642935022975063;0,35556905128223776;0,34254354679101223;8,708294064588278;-0,26414741202588826;1,0020126487966323;-2,322134398773638;0,35344468713223504;0,3044501869649861;-0,24716501154873818;0,04974559907283001;0,03050341223278185
SC6 14.08.2018 12:30 Rainstorm from north west (0.5h later);FS6_SEV4_GIS_SENSOR_TIME;75;2018-08-14 13:45:00;True;137,0;-4,285940007353942;-0,6694958550496757;0,32624661821171574;0,13450347086580694;0,3667471484085554;0,341247228271339;20,68853643271501;-0,30335175527223956;1,1519217762319818;-4,144784970435792;0,3618172302694663;0,31044398744286544;-0,2806572696843253;0,06640469468414918;0,04510890914043955
SC6 14.08.2018 12:30 Rainstorm from north west (0.5h later);FS6_SEV4_GIS_SENSOR_TIME;90;2018-08-14 14:00:00;True;137,0;-4,680484694442866;-0,7046697532363231;0,3151760947383423;0,1228042666804559;0,35043439711371926;0,31616929097053337;7,117964456979009;-0,2931751201255689;1,1856608628779572;-5,151280758682086;0,36466728685191047;0,3206341024298674;-0,2893397382620389;0,06895421524762425;0,05634654834560615
SC6 14.08.2018 12:30 Rainstorm from north west (0.5h later);FS6_SEV4_GIS_SENSOR_TIME;105;2018-08-14 14:15:00;True;137,0;-1,844753964614759;-0,10464502179816804;0,22822530934595653;0,06879264103271875;0,2622835126970789;0,23798785359521676;2,8646302619877195;-0,20513362525813508;0,8848895278293605;-2,4651880668735546;0,28947565202565645;0,2531056758566382;-0,22359630190652552;0,07452155048285805;0,06064557639820787
SC6 14.08.2018 12:30 Rainstorm from north west (0.5h later);FS6_SEV4_GIS_SENSOR_TIME;120;2018-08-14 14:30:00;True;137,0;0,4259525458543457;0,53337798786703;0,1316836315195674;0,02734341751179232;0,16535845158863915;0,10446119705647865;1,2341576994881933;-0,07153293984670091;0,5061574694107249;0,40836960037728665;0,16787179718799528;0,13433970266465894;-0,09198727126554355;0,0720316937863203;0,05418589012484902
SC6 14.08.2018 12:30 Rainstorm from north west (0.5h later);FS6_SEV4_GIS_SENSOR_TIME;135;2018-08-14 14:45:00;True;137,0;0,3351761655880815;0,4843523726137431;0,12185335900239234;0,024497179341088658;0,15651574790125325;0,09314604209227989;1,1382160738579783;-0,07414033271653035;0,45953432801732075;0,47808763133546184;0,13867671485549168;0,11159757219219767;-0,0772992125907637;0,07699704068617046;0,046818850718329856
SC6 14.08.2018 12:30 Rainstorm from north west (0.5h later);FS6_SEV4_GIS_SENSOR_TIME;150;2018-08-14 15:00:00;True;137,0;-1,4405807042022638;-0,1438687635862579;0,20639774131757754;0,051893308594881594;0,22780102852024525;0,22421343041049852;1,4624670229441858;-0,16604692942091198;0,7586089931408139;-0,7556430211602712;0,19320893257648697;0,16868474603025402;-0,15013650184869526;0,0728571846253079;0,05009031751931111
SC6 14.08.2018 12:30 Rainstorm from north west (0.5h later);FS6_SEV4_GIS_SENSOR_TIME;165;2018-08-14 15:15:00;True;137,0;-4,997829540238878;-0,8506243984973085;0,23455856100593356;0,06200003332414054;0,24899805887625015;0,2477894340624067;1,7946062454494052;-0,20705068001396051;0,9405183832665347;-4,251675606257609;0,23299566888139012;0,21183416863982074;-0,2030279754814138;0,05885058457218669;0,04238170141313415
SC6 14.08.2018 12:30 Rainstorm from north west (0.5h later);FS6_SEV4_GIS_SENSOR_TIME;180;2018-08-14 15:30:00;True;137,0;-4,127821228285691;-0,6726601948054975;0,21103108197169648;0,05388332849063939;0,23212782791091505;0,21713317355604558;1,799237984449624;-0,19054384131350913;0,9182796290379291;-3,7884775776233903;0,2243156109090923;0,20454764045490761;-0,18940811824276285;0,037830526623769276;0,027278967432628462
SC6 14.08.2018 12:30 Rainstorm from north west (0.5h later);FS7_SEV12_TIME;0;2018-08-14 12:30:00;True;137,0;0,29124028187587514;0,2938705776499566;0,09872124293861648;0,018454594707781238;0,13584768937225702;0,07375259617964425;0,34852126233176206;-0,008275705666220424;0,202543682276554;0,29124028187587514;0,13584768937225702;0,09872124293861648;-0,008275705666220424;0,0;0,0
SC6 14.08.2018 12:30 Rainstorm from north west (0.5h later);FS7_SEV12_TIME;15;2018-08-14 12:45:00;True;137,0;0,2928361046249468;0,35970383987792864;0,10126792932666051;0,015643419632417128;0,12507365682835506;0,08807245675307607;0,325108399840179;0,03846042819556767;0,19156099485864383;0,06446995544899536;0,14385821845084898;0,11708338194130302;0,0726334073314769;0,05867090145476777;0,047632882806615234
SC6 14.08.2018 12:30 Rainstorm from north west (0.5h later);FS7_SEV12_TIME;30;2018-08-14 13:00:00;True;137,0;0,3559041188838018;0,3577007304494587;0,11234599525034306;0,019603628409971693;0,14001295800736335;0,10219612959810728;0,45437318953753675;0,0073946915879420805;0,266330768520387;0,11975895609528797;0,16367930693012792;0,1343782348454425;0,06997706630574438;0,09603840213209161;0,07875861867456731
SC6 14.08.2018 12:30 Rainstorm from north west (0.5h later);FS7_SEV12_TIME;45;2018-08-14 13:15:00;True;137,0;0,4085351364498322;0,43682710332462604;0,1225293686781089;0,02429431595293373;0,15586634002546454;0,09927417744592801;0,9912636232152235;-0,03408940593977395;0,4888489583519478;0,44083812160573355;0,15155024407884435;0,11327474070530169;0,0068124041915677115;0,0891545040012074;0,06089911366180673
SC6 14.08.2018 12:30 Rainstorm from north west (0.5h later);FS7_SEV12_TIME;60;2018-08-14 13:30:00;True;137,0;0,47705456058886375;0,7199753188737243;0,11604799899257216;0,019664463289771807;0,14023003704546258;0,0962134384619979;2,575708007284522;-0,09557519062250416;0,8493727490877885;0,6096294017886807;0,1211578084161118;0,10342197273603797;-0,04692614687020218;0,09392838998536722;0,059281566720727805
SC6 14.08.2018 12:30 Rainstorm from north west (0.5h later);FS7_SEV12_TIME;75;2018-08-14 13:45:00;True;137,0;-0,08543282180241296;0,49181940800899737;0,13658545623169532;0,027619398199937948;0,16619084872500636;0,09864367826972933;5,916243181759467;-0,12119604296978827;1,019415114823899;0,4840609367401737;0,11457894951938337;0,0985536232084277;-0,06855939246202505;0,12510519229192923;0,08046768314968183
SC6 14.08.2018 12:30 Rainstorm from north west (0.5h later);FS7_SEV12_TIME;90;2018-08-14 14:00:00;True;137,0;-0,3000778418916974;0,21214216905019123;0,1300132251194825;0,028105894934847338;0,16764812833684525;0,09404374448692099;2,5325592417062923;-0,1052306617698632;0,9056296599180735;0,2746042942834439;0,12522802208536438;0,1070748553317397;-0,07623285891448427;0,14266684129232576;0,10461764225913008
SC6 14.08.2018 12:30 Rainstorm from north west (0.5h later);FS7_SEV12_TIME;105;2018-08-14 14:15:00;True;137,0;-0,2680606058558601;-0,2334494232797686;0,12926499060101668;0,030664598468425827;0,17511310193251053;0,08350720180150781;1,7803900602213134;-0,028930560976689248;0,5736104871177333;0,24151364477247672;0,1354323835693301;0,10859434470745406;-0,0509015873603491;0,1692015889004676;0,1330569114418782
SC6 14.08.2018 12:30 Rainstorm from north west (0.5h later);FS7_SEV12_TIME;120;2018-08-14 14:30:00;True;137,0;-0,31947149936954844;-0,20973698297168952;0,20700812935951823;0,06284996099471911;0,25069894494137607;0,19139880692282468;1,399441351495055;0,07229764089972227;0,6012436593460403;0,07822125989637096;0,2095394709100018;0,16547110260322515;0,08759629370122009;0,12186193908726656;0,08808800296787424
SC6 14.08.2018 12:30 Rainstorm from north west (0.5h later);FS7_SEV12_TIME;135;2018-08-14 14:45:00;True;137,0;-0,2394334794673334;-0,23182047127452865;0,1746698027081348;0,04567018006314196;0,21370582599251234;0,16437463238910832;1,4312531038084229;0,016748769238544004;0,51343875686932;0,2920708943604017;0,16151008083331705;0,1314870291080156;0,05420185582344902;0,13744145876943406;0,10810534149301272
SC6 14.08.2018 12:30 Rainstorm from north west (0.5h later);FS7_SEV12_TIME;150;2018-08-14 15:00:00;True;137,0;-1,4851927538487542;-0,6358448052709158;0,20221886457443106;0,052841880734032474;0,22987361904758116;0,19073864805698393;1,7924828778490782;-0,13438534636970415;0,7251820364442373;0,4816557284315588;0,10498282270429082;0,07991055523474282;0,008708327983884856;0,18719787474825803;0,16735486224137355
SC6 14.08.2018 12:30 Rainstorm from north west (0.5h later);FS7_SEV12_TIME;165;2018-08-14 15:15:00;True;137,0;-4,864022220015625;-1,0213455649307321;0,2298713017549855;0,06061685658375501;0,24620490771663145;0,2543222813895255;2,139518176714542;-0,19930391189453506;0,9168618914902603;0,3091641111509943;0,08450576693426316;0,0692047626800509;-0,030828208226835296;0,19574135808341347;0,18559379943129845
SC6 14.08.2018 12:30 Rainstorm from north west (0.5h later);FS7_SEV12_TIME;180;2018-08-14 15:30:00;True;137,0;-3,378372702846865;-0,8291895642213276;0,19041448999439212;0,04600809663577495;0,21449498044424012;0,17880770735461085;2,6091156954671013;-0,16366706268191566;0,8417671295553155;-0,06437547917938513;0,10575677531601671;0,09216755459425516;-0,06016647360648451;0,14249039924624396;0,11926646632226065
SC6 14.08.2018 12:30 Rainstorm from north west (0.5h later);FS8_SEV12_GIS_TIME;0;2018-08-14 12:30:00;True;137,0;0,5807711004381825;0,5860634210078046;0,07810456793515301;0,010915828359545039;0,1044788416835918;0,060598696589469925;0,2064378069517249;0,011738857045823755;0,16440467090503424;0,5807711004381825;0,1044788416835918;0,07810456793515301;0,011738857045823755;0,0;0,0
SC6 14.08.2018 12:30 Rainstorm from north west (0.5h later);FS8_SEV12_GIS_TIME;15;2018-08-14 12:45:00;True;137,0;0,3308829020260583;0,516731921589365;0,09981029724072163;0,014801773132492972;0,12166253791735963;0,09462750471555265;0,2238505186004447;0,06411888257448495;0,18582680634845591;-0,13629469257568116;0,15854454247177388;0,1333495039291116;0,11016418035166999;0,0733909296534687;0,06172067580241574
SC6 14.08.2018 12:30 Rainstorm from north west (0.5h later);FS8_SEV12_GIS_TIME;30;2018-08-14 13:00:00;True;137,0;0,3105075554254044;0,38283014650514313;0,11391026341249719;0,02098531301193792;0,14486308367537232;0,08805687327668854;0,32874803336231867;0,046916970195539004;0,262879311495945;-0,058161250492966055;0,17946050967063273;0,1477141354797927;0,10863751047798637;0,09252094941366722;0,07559698619340192
SC6 14.08.2018 12:30 Rainstorm from north west (0.5h later);FS8_SEV12_GIS_TIME;45;2018-08-14 13:15:00;True;137,0;0,46093899448743836;0,46156937429154554;0,10786403856875933;0,02214183663797218;0,14880133278291624;0,07274070008884098;0,6761169379916406;0,005088490968708758;0,4064707467289341;0,39420741063234277;0,1577429072513643;0,11352569863346966;0,04389406090313123;0,0850244076544998;0,06118827138922898
SC6 14.08.2018 12:30 Rainstorm from north west (0.5h later);FS8_SEV12_GIS_TIME;60;2018-08-14 13:30:00;True;137,0;0,6475413171027529;0,7277228766424588;0,08866593561097118;0,013253602209054168;0,1151242902651485;0,06364081212759687;1,597757283520421;-0,05490983116527;0,7361450835195757;0,667357709435228;0,11184114125970263;0,09224539224617426;-0,02162008110579824;0,08258398615024393;0,05413619566914442
SC6 14.08.2018 12:30 Rainstorm from north west (0.5h later);FS8_SEV12_GIS_TIME;75;2018-08-14 13:45:00;True;137,0;0,339186075673648;0,5618552097229357;0,09841834970242379;0,016814751263671993;0,1296717057174463;0,06557769869325383;2,7668146658531376;-0,0752723787730234;0,8763471612046679;0,6238695900124913;0,09783063095772315;0,07765660956442974;-0,037488388100274675;0,11001396524278381;0,07589597778350632
SC6 14.08.2018 12:30 Rainstorm from north west (0.5h later);FS8_SEV12_GIS_TIME;90;2018-08-14 14:00:00;True;137,0;-0,00023861570728977988;0,1882230868095529;0,10416189933183284;0,021623783235887303;0,1470502745182317;0,05946013048843105;1,6685477303536609;-0,0638301090051923;0,7754971371301563;0,5044340468541034;0,10350581795930686;0,08196653865698517;-0,0488612604235829;0,13896133700740895;0,10646149283784856
SC6 14.08.2018 12:30 Rainstorm from north west (0.5h later);FS8_SEV12_GIS_TIME;105;2018-08-14 14:15:00;True;137,0;-0,18805211676786593;-0,18540208620006116;0,12808118454885592;0,028729810666786915;0,1694987040268654;0,09137803525924681;1,5171840337774363;0,008005234852636234;0,5896890345634925;0,4395573646349128;0,11641641441757843;0,08918048766739546;-0,02097798619596854;0,16535225181384997;0,13462299103491743
SC6 14.08.2018 12:30 Rainstorm from north west (0.5h later);FS8_SEV12_GIS_TIME;120;2018-08-14 14:30:00;True;137,0;-0,443019726633302;-0,18435845456739042;0,22212103397758617;0,06873489391536482;0,26217340428686664;0,20312826190261235;1,192993345535627;0,11099877959084921;0,6298685761646082;-0,082251506527941;0,22704743441009306;0,18296679344591843;0,1263329800914958;0,12715417715090813;0,08834094206044572
SC6 14.08.2018 12:30 Rainstorm from north west (0.5h later);FS8_SEV12_GIS_TIME;135;2018-08-14 14:45:00;True;137,0;-0,2825361833390465;-0,21960849570977303;0,17536370110786895;0,04725841233186801;0,21739000053329963;0,15832497202071483;1,2060803930571011;0,04815325363715606;0,5129649675044345;0,28601488711952694;0,16219943185655783;0,1330479716059206;0,07854595767372892;0,14979079841962784;0,11599203533481085
SC6 14.08.2018 12:30 Rainstorm from north west (0.5h later);FS8_SEV12_GIS_TIME;150;2018-08-14 15:00:00;True;137,0;-1,096461307791626;-0,618852137015014;0,18506161804609125;0,04457640487574866;0,21113125035330194;0,18790870508726906;1,4233833175783361;-0,10077328654825804;0,6964784014185357;0,49041502324739417;0,10409201170630702;0,07736179330003176;0,02199509822862397;0,17523620228256026;0,15471155685223945
SC6 14.08.2018 12:30 Rainstorm from north west (0.5h later);FS8_SEV12_GIS_TIME;165;2018-08-14 15:15:00;True;137,0;-3,965743768400591;-1,184155317704708;0,21065981844032702;0,05133128193365061;0,22656407908945012;0,22359219557372206;1,714151301632191;-0,16956856280301738;0,8925026154106662;0,41318027517309175;0,0778845390161182;0,06357432374315714;-0,02350273951617762;0,18474797794342404;0,17290616138960596
SC6 14.08.2018 12:30 Rainstorm from north west (0.5h later);FS8_SEV12_GIS_TIME;180;2018-08-14 15:30:00;True;137,0;-2,3687504384832123;-0,7910113210435128;0,16515518533495163;0,03539894984608525;0,18814608644902836;0,16234717129143722;1,9089064957767705;-0,12875922863709147;0,7855316868579899;0,03301325290535895;0,10080243673873462;0,08927178836073861;-0,05811136260817895;0,11868182963847648;0,09719648316341543
SC6 14.08.2018 12:30 Rainstorm from north west (0.5h later);FS9_SEV12_GIS_SENSOR_TIME;0;2018-08-14 12:30:00;True;137,0;0,7296796231359428;0,7298431774229897;0,055857005353023174;0,007038567329255581;0,0838961699319795;0,03353922172387447;0,16460445375343147;0,0020636389135332248;0,1254594646358035;0,7296796231359428;0,0838961699319795;0,055857005353023174;0,0020636389135332248;0,0;0,0
SC6 14.08.2018 12:30 Rainstorm from north west (0.5h later);FS9_SEV12_GIS_SENSOR_TIME;15;2018-08-14 12:45:00;True;137,0;0,31960002642002516;0,4063782641405149;0,08818654801724518;0,01505136556632605;0,12268400697045255;0,06406807413606941;0,2234677879947275;0,043813830229233436;0,16544460418874854;0,2507569880934081;0,12874108308085047;0,09574199709077694;0,05698913285622001;0,02693375709455042;0,02042115258093733
SC6 14.08.2018 12:30 Rainstorm from north west (0.5h later);FS9_SEV12_GIS_SENSOR_TIME;30;2018-08-14 13:00:00;True;137,0;0,0035923732623779348;0,03371429977233664;0,14287160075269947;0,030326548316961258;0,174145193206592;0,11325963123639426;0,45103719324557573;-0,03027849901524018;0,34508935827515214;-0,09630128186888665;0,18266608922979338;0,14829674783063204;-0,02426932409652508;0,041546152448298033;0,02886163137418075
SC6 14.08.2018 12:30 Rainstorm from north west (0.5h later);FS9_SEV12_GIS_SENSOR_TIME;45;2018-08-14 13:15:00;True;137,0;-0,8326997102183165;-0,20854916768829312;0,23222444393050623;0,07527782046028056;0,27436803833588297;0,23892585444450387;2,22999307646778;-0,16011519137008806;0,7336429748531453;-0,9698225726693321;0,28444703915274494;0,24054689554082329;-0,16475419710723613;0,05290997675188777;0,037424127007052846
SC6 14.08.2018 12:30 Rainstorm from north west (0.5h later);FS9_SEV12_GIS_SENSOR_TIME;60;2018-08-14 13:30:00;True;137,0;-2,1914693802266956;-0,42672123711349186;0,29699214543412106;0,12000971370659243;0,346424181757845;0,3457009286674342;8,48718333718447;-0,2576049628614324;1,0025466168963493;-2,3990201110387397;0,35751126101957365;0,3077526901321761;-0,24682871473312268;0,05397786616479556;0,03606030445573104
SC6 14.08.2018 12:30 Rainstorm from north west (0.5h later);FS9_SEV12_GIS_SENSOR_TIME;75;2018-08-14 13:45:00;True;137,0;-4,082881422052322;-0,5529039780328902;0,3228052684997124;0,12933654039096784;0,35963389772234744;0,33088787347646714;20,247608087881034;-0,29970334903090573;1,1547800569591515;-4,053640858992629;0,35859796315191705;0,3095444460943304;-0,2802294950747863;0,06733108438403979;0,045777257443507656
SC6 14.08.2018 12:30 Rainstorm from north west (0.5h later);FS9_SEV12_GIS_SENSOR_TIME;90;2018-08-14 14:00:00;True;137,0;-4,4054394903665175;-0,6039716082926054;0,3085152430278579;0,11685816764006669;0,34184523931169014;0,29026855132117996;7,120393820426111;-0,2866749159292077;1,176715229895117;-5,013012414831115;0,3605455015214732;0,3189207260344767;-0,2883841351374923;0,07284905546829754;0,06162719706980083
SC6 14.08.2018 12:30 Rainstorm from north west (0.5h later);FS9_SEV12_GIS_SENSOR_TIME;105;2018-08-14 14:15:00;True;137,0;-1,7601267853848928;-0,029865951567406235;0,22615515489087784;0,0667461627661316;0,25835278741699613;0,24070170025030774;2,9011267795927265;-0,20455232696785228;0,8812673878241281;-2,443903190828745;0,2885852322148555;0,25296464964408305;-0,22295513045145493;0,07864703646819805;0,0630740362617194
SC6 14.08.2018 12:30 Rainstorm from north west (0.5h later);FS9_SEV12_GIS_SENSOR_TIME;120;2018-08-14 14:30:00;True;137,0;0,3960668987716065;0,5021800512725841;0,13479820492176728;0,02876695091463548;0,16960822773272374;0,10502786898469357;1,2440621141758952;-0,07109468066896715;0,5108411556789993;0,4544848895741346;0,16119660533710473;0,1285372289997122;-0,0840804129402352;0,07433693420900567;0,054362333725532855
SC6 14.08.2018 12:30 Rainstorm from north west (0.5h later);FS9_SEV12_GIS_SENSOR_TIME;135;2018-08-14 14:45:00;True;137,0;0,2898086033876206;0,4768871789564546;0,12358367648240416;0,026168866260189227;0,16176793953125948;0,09558105781273586;1,139618404639534;-0,08302650900758478;0,46116833712449823;0,4910405871523217;0,1369450458561302;0,10995946626566708;-0,07371443025868374;0,0865213697749833;0,05497724148759238
SC6 14.08.2018 12:30 Rainstorm from north west (0.5h later);FS9_SEV12_GIS_SENSOR_TIME;150;2018-08-14 15:00:00;True;137,0;-1,7232562627269372;-0,1711768993565992;0,21887105521686967;0,0579037510955102;0,24063198269454997;0,2290135544538498;1,5193781886548101;-0,18166282192993088;0,7842057241124087;-0,6932893584039013;0,18974689743323664;0,16518495597571342;-0,14592610551932006;0,0852612412327715;0,0644707536434476
SC6 14.08.2018 12:30 Rainstorm from north west (0.5h later);FS9_SEV12_GIS_SENSOR_TIME;165;2018-08-14 15:15:00;True;137,0;-6,704401028284976;-1,1102822753032147;0,2651454979310568;0,07964099634568585;0,2822073640883346;0,2714059684257354;2,0044906968260334;-0,24047212587623504;0,9916377836628456;-4,637505557342502;0,24140285026360914;0,21977191721215875;-0,2131762810343914;0,07042118092713825;0,05464604917920473
SC6 14.08.2018 12:30 Rainstorm from north west (0.5h later);FS9_SEV12_GIS_SENSOR_TIME;180;2018-08-14 15:30:00;True;137,0;-5,084735420702109;-0,8427554494924017;0,2271762021869958;0,06393861697903443;0,2528608648625454;0,23335962911446895;1,96348705055961;-0,21112763188071643;0,9391854285295083;-4,284066873891871;0,23563777988989376;0,2139859534484303;-0,20302061037108748;0,04146772451384863;0,031318681966343444
SC7 14.11.2018 09:00 Autumn day with fog in lower regions;FS1_TIME;0;2018-11-14 09:00:00;False;137,0;-0,0007015464382598147;0,0;0,09958700458446966;0,022321233508635744;0,14940292336040734;0,07563933601242692;2,6208863630773167;0,003955806337980443;0,8004501037787487;-0,0007015464382598147;0,14940292336040734;0,09958700458446966;0,003955806337980443;0,0;0,0
SC7 14.11.2018 09:00 Autumn day with fog in lower regions;FS1_TIME;15;2018-11-14 09:15:00;False;137,0;-0,00021617089329839523;2,220446049250313e-16;0,09365367804525998;0,020430636363394972;0,142935777058772;0,07760791957137078;1,5519474919475933;-0,0021013220597975654;0,7152971743528324;-0,00021617089329839523;0,142935777058772;0,09365367804525998;-0,0021013220597975654;0,0;0,0
SC7 14.11.2018 09:00 Autumn day with fog in lower regions;FS1_TIME;30;2018-11-14 09:30:00;False;137,0;-0,0033018229331720494;0,0;0,09408096463057497;0,016284433097562903;0,12761047409034615;0,07728292448793755;1,647929874640676;-0,0073206123689045595;0,7040020552156175;-0,0033018229331720494;0,12761047409034615;0,09408096463057497;-0,0073206123689045595;0,0;0,0
SC7 14.11.2018 09:00 Autumn day with fog in lower regions;FS1_TIME;45;2018-11-14 09:45:00;False;138,0;-0,00137984992660245;0,0;0,0943185217968466;0,015538451935764384;0,12465332701442182;0,0881036643668762;1,7549077693446242;-0,004627222443057006;0,6283504894717972;-0,00137984992660245;0,12465332701442182;0,0943185217968466;-0,004627222443057006;0,0;0,0
SC7 14.11.2018 09:00 Autumn day with fog in lower regions;FS1_TIME;60;2018-11-14 10:00:00;False;138,0;-0,004316466206512493;0,0;0,09819076035028113;0,01931308771075085;0,13897153561341563;0,07707411443508068;0,9624187482091479;-0,009110762748648301;0,5999439603753518;-0,004316466206512493;0,13897153561341563;0,09819076035028113;-0,009110762748648301;0,0;0,0
SC7 14.11.2018 09:00 Autumn day with fog in lower regions;FS1_TIME;75;2018-11-14 10:15:00;False;138,0;-0,007271290437233846;3,3306690738754696e-16;0,10992891884372236;0,020145879286480237;0,14193618032933053;0,08475969568137387;1,1328091371365254;-0,01205939809069918;0,6704254025632955;-0,007271290437233846;0,14193618032933053;0,10992891884372236;-0,01205939809069918;0,0;0,0
SC7 14.11.2018 09:00 Autumn day with fog in lower regions;FS1_TIME;90;2018-11-14 10:30:00;False;138,0;-0,0004206028409396989;0,0;0,12230530436341452;0,02424331353708286;0,1557026446052952;0,09729748614174324;0,978551305280587;-0,003192572559052347;0,677639041865677;-0,0004206028409396989;0,1557026446052952;0,12230530436341452;-0,003192572559052347;0,0;0,0
SC7 14.11.2018 09:00 Autumn day with fog in lower regions;FS1_TIME;105;2018-11-14 10:45:00;False;138,0;-0,00021063336958104806;0,0;0,12203371891809917;0,024869028693385302;0,15769917150506943;0,092071285688307;0,8531533978449921;0,0022884807612406632;0,6331310276671298;-0,00021063336958104806;0,15769917150506943;0,12203371891809917;0,0022884807612406632;0,0;0,0
SC7 14.11.2018 09:00 Autumn day with fog in lower regions;FS1_TIME;120;2018-11-14 11:00:00;False;138,0;-0,013276161832248112;1,1102230246251565e-16;0,12603672367411864;0,028611433501010003;0,16914914572947154;0,08972474725127993;0,7666810617134551;0,019361641068724234;0,5887557411724155;-0,013276161832248112;0,16914914572947154;0,12603672367411864;0,019361641068724234;0,0;0,0
SC7 14.11.2018 09:00 Autumn day with fog in lower regions;FS1_TIME;135;2018-11-14 11:15:00;False;138,0;-0,00815857625888694;0,0;0,13767907377213098;0,030603119523238426;0,17493747318181552;0,10119058333061362;0,9361733031817966;0,01573713293423315;0,6765600118439326;-0,00815857625888694;0,17493747318181552;0,13767907377213098;0,01573713293423315;0,0;0,0
SC7 14.11.2018 09:00 Autumn day with fog in lower regions;FS1_TIME;150;2018-11-14 11:30:00;False;138,0;-3,659022096424991e-06;0,0;0,1476440087546727;0,03218805787516001;0,17941030593352214;0,11835718080912372;1,3748051285540894;0,00034318564080548466;0,8007900315762483;-3,659022096424991e-06;0,17941030593352214;0,1476440087546727;0,00034318564080548466;0,0;0,0
SC7 14.11.2018 09:00 Autumn day with fog in lower regions;FS1_TIME;165;2018-11-14 11:45:00;False;138,0;-0,0012512291663702158;2,220446049250313e-16;0,1420757316533364;0,029877533465210514;0,1728511887873801;0,12240666180771052;1,4224303728844014;-0,006110394769758039;0,7981481791582449;-0,0012512291663702158;0,1728511887873801;0,1420757316533364;-0,006110394769758039;0,0;0,0
SC7 14.11.2018 09:00 Autumn day with fog in lower regions;FS1_TIME;180;2018-11-14 12:00:00;False;138,0;-0,0076222258423672695;0,0;0,14032893044427364;0,028086829761042948;0,16759125800901117;0,12365238695070527;1,497926969023611;-0,014576169101128253;0,8203274729720839;-0,0076222258423672695;0,16759125800901117;0,14032893044427364;-0,014576169101128253;0,0;0,0
SC7 14.11.2018 09:00 Autumn day with fog in lower regions;FS2_GIS_TIME;0;2018-11-14 09:00:00;False;137,0;0,1801149197883547;0,21192539811964028;0,08115058533155917;0,018288016432859374;0,13523319279252183;0,04747067131177353;1,7545246050224053;0,026637404746794338;0,6784360029814929;0,1801149197883547;0,13523319279252183;0,08115058533155917;0,026637404746794338;0,0;0,0
SC7 14.11.2018 09:00 Autumn day with fog in lower regions;FS2_GIS_TIME;15;2018-11-14 09:15:00;False;137,0;0,2015233440941001;0,20521208290819704;0,08173853491592238;0,01630986048436262;0,12771006414673286;0,06056836229316225;1,251388528330884;0,008680264599853169;0,6489259264811209;0,2015233440941001;0,12771006414673286;0,08173853491592238;0,008680264599853169;0,0;0,0
SC7 14.11.2018 09:00 Autumn day with fog in lower regions;FS2_GIS_TIME;30;2018-11-14 09:30:00;False;137,0;0,12211081714531613;0,12692858556815745;0,08911899875004187;0,014248880385243242;0,11936867422084926;0,07480992142824425;1,5585650591930202;-0,008842874915607452;0,688245121711826;0,12211081714531613;0,11936867422084926;0,08911899875004187;-0,008842874915607452;0,0;0,0
SC7 14.11.2018 09:00 Autumn day with fog in lower regions;FS2_GIS_TIME;45;2018-11-14 09:45:00;False;138,0;0,14812670078292922;0,15351126904073387;0,08588151419575256;0,013218552696277737;0,11497196482742102;0,07402820326550716;1,4755991233404235;0,00914070922127855;0,5871440743811114;0,14812670078292922;0,11497196482742102;0,08588151419575256;0,00914070922127855;0,0;0,0
SC7 14.11.2018 09:00 Autumn day with fog in lower regions;FS2_GIS_TIME;60;2018-11-14 10:00:00;False;138,0;0,12820258402554796;0,1282030813128182;0,08940348231827154;0,016764735546273928;0,12947870692231186;0,06506418299820499;0,823339289517768;9,778995266944444e-05;0,5512877540373812;0,12820258402554796;0,12947870692231186;0,08940348231827154;9,778995266944444e-05;0,0;0,0
SC7 14.11.2018 09:00 Autumn day with fog in lower regions;FS2_GIS_TIME;75;2018-11-14 10:15:00;False;138,0;0,10767669942477986;0,10795251199843059;0,0998291099374235;0,017846867739175563;0,13359216945306174;0,07412678584584864;0,9770658144228661;-0,002348696584276267;0,6160123739930966;0,10767669942477986;0,13359216945306174;0,0998291099374235;-0,002348696584276267;0,0;0,0
SC7 14.11.2018 09:00 Autumn day with fog in lower regions;FS2_GIS_TIME;90;2018-11-14 10:30:00;False;138,0;0,10481736885833426;0,11142374443365277;0,10899522287892974;0,02169306903325411;0,14728567151374267;0,08030048362985845;0,7891142261861297;0,012652790158854286;0,599428452456353;0,10481736885833426;0,14728567151374267;0,10899522287892974;0,012652790158854286;0,0;0,0
SC7 14.11.2018 09:00 Autumn day with fog in lower regions;FS2_GIS_TIME;105;2018-11-14 10:45:00;False;138,0;0,1227270892381751;0,14220111942316072;0,10633100577918778;0,021812330784933817;0,1476899820060041;0,06960912308886366;0,6564687995898111;0,0220045047011318;0,5341836646854489;0,1227270892381751;0,1476899820060041;0,10633100577918778;0,0220045047011318;0,0;0,0
SC7 14.11.2018 09:00 Autumn day with fog in lower regions;FS2_GIS_TIME;120;2018-11-14 11:00:00;False;138,0;0,11287678506189425;0,13742780764778328;0,11591579489644023;0,025049308201929146;0,1582697324251518;0,08004379719223081;0,6677866110987936;0,026329383415707255;0,5395043117924334;0,11287678506189425;0,1582697324251518;0,11591579489644023;0,026329383415707255;0,0;0,0
SC7 14.11.2018 09:00 Autumn day with fog in lower regions;FS2_GIS_TIME;135;2018-11-14 11:15:00;False;138,0;0,09622375180867115;0,10123226620833048;0,13355019488994918;0,02743454571234118;0,16563376984281067;0,10105784452695596;0,9157351621831389;0,012330278560843752;0,6712380491173416;0,09622375180867115;0,16563376984281067;0,13355019488994918;0,012330278560843752;0,0;0,0
SC7 14.11.2018 09:00 Autumn day with fog in lower regions;FS2_GIS_TIME;150;2018-11-14 11:30:00;False;138,0;0,11485301635544021;0,1155874191896209;0,1420158971309052;0,028491058088163313;0,16879294442648754;0,11642539506905233;1,3480981947165787;-0,004861986675730174;0,7928187270899518;0,11485301635544021;0,16879294442648754;0,1420158971309052;-0,004861986675730174;0,0;0,0
SC7 14.11.2018 09:00 Autumn day with fog in lower regions;FS2_GIS_TIME;165;2018-11-14 11:45:00;False;138,0;0,07392312655502586;0,08366711941929228;0,14218783685907493;0,027634315915643394;0,16623572394537642;0,12765058441839094;1,4861670211320324;-0,017051764195047482;0,8111623276352622;0,07392312655502586;0,16623572394537642;0,14218783685907493;-0,017051764195047482;0,0;0,0
SC7 14.11.2018 09:00 Autumn day with fog in lower regions;FS2_GIS_TIME;180;2018-11-14 12:00:00;False;138,0;0,06342753889944663;0,08107174797263594;0,13936492224841898;0,02610636268153088;0,1615746350190242;0,1263535369520608;1,529147238453863;-0,02217704048829551;0,8273020647991886;0,06342753889944663;0,1615746350190242;0,13936492224841898;-0,02217704048829551;0,0;0,0
SC7 14.11.2018 09:00 Autumn day with fog in lower regions;FS3_GIS_SENSOR_TIME;0;2018-11-14 09:00:00;False;137,0;0,8425361040272762;0,8425979332073603;0,03816911993479656;0,0035123243325611746;0,05926486592038469;0,024113398395022523;0,7212446950449682;0,0011743662283677117;0,43194877295951145;0,8425361040272762;0,05926486592038469;0,03816911993479656;0,0011743662283677117;0,0;0,0
SC7 14.11.2018 09:00 Autumn day with fog in lower regions;FS3_GIS_SENSOR_TIME;15;2018-11-14 09:15:00;False;137,0;0,7785078648573799;0,782792699075312;0,04472168316531589;0,004524247259879138;0,06726252492940729;0,02742458868267012;0,46169614046278507;0,00935537117731961;0,3843131409733323;0,7785078648573799;0,06726252492940729;0,04472168316531589;0,00935537117731961;0,0;0,0
SC7 14.11.2018 09:00 Autumn day with fog in lower regions;FS3_GIS_SENSOR_TIME;30;2018-11-14 09:30:00;False;137,0;0,4576897483765272;0,4694918719932303;0,0626712933365582;0,008802151863799788;0,0938197839679872;0,034121526357455086;0,4787999284445012;0,013840462439003642;0,4048184055074127;0,4576897483765272;0,0938197839679872;0,0626712933365582;0,013840462439003642;0,0;0,0
SC7 14.11.2018 09:00 Autumn day with fog in lower regions;FS3_GIS_SENSOR_TIME;45;2018-11-14 09:45:00;False;138,0;0,47227701207547457;0,538322195387498;0,06006086370011315;0,00818869910740089;0,09049143112693538;0,03687899684249865;0,5401824293125714;0,032012900535202685;0,36969925148004606;0,47227701207547457;0,09049143112693538;0,06006086370011315;0,032012900535202685;0,0;0,0
SC7 14.11.2018 09:00 Autumn day with fog in lower regions;FS3_GIS_SENSOR_TIME;60;2018-11-14 10:00:00;False;138,0;0,5211721961777752;0,5944244943582417;0,0655407432157674;0,00920789779390442;0,09595779173107528;0,043270726039358755;0,4457394605957552;0,037531955446889;0,3951062632045812;0,5211721961777752;0,09595779173107528;0,0655407432157674;0,037531955446889;0,0;0,0
SC7 14.11.2018 09:00 Autumn day with fog in lower regions;FS3_GIS_SENSOR_TIME;75;2018-11-14 10:15:00;False;138,0;0,3467620312265396;0,43045774531990966;0,07410671049044329;0,013065053465926936;0,11430246482874697;0,04820557278795638;0,4922541962431017;0,04091395803423231;0,42434291795324214;0,3467620312265396;0,11430246482874697;0,07410671049044329;0,04091395803423231;0,0;0,0
SC7 14.11.2018 09:00 Autumn day with fog in lower regions;FS3_GIS_SENSOR_TIME;90;2018-11-14 10:30:00;False;138,0;0,45541611729575626;0,5718811056590914;0,0762453952519697;0,013196967133772683;0,11487805331643065;0,05069822459623401;0,4694328889781414;0,053125419126015906;0,4129292582541005;0,45541611729575626;0,11487805331643065;0,0762453952519697;0,053125419126015906;0,0;0,0
SC7 14.11.2018 09:00 Autumn day with fog in lower regions;FS3_GIS_SENSOR_TIME;105;2018-11-14 10:45:00;False;138,0;0,4460981082930924;0,607110813000764;0,07936657963751091;0,013772101174102972;0,11735459587976507;0,05377636723410373;0,46545853989679264;0,06327231880232422;0,40912376813476686;0,4460981082930924;0,11735459587976507;0,07936657963751091;0,06327231880232422;0,0;0,0
SC7 14.11.2018 09:00 Autumn day with fog in lower regions;FS3_GIS_SENSOR_TIME;120;2018-11-14 11:00:00;False;138,0;0,3122703199128607;0,5419573704769713;0,09528689640458984;0,019419120620486542;0,13935250489491224;0,061635900012686186;0,49205565001518603;0,0805330507697079;0,43001591511727316;0,3122703199128607;0,13935250489491224;0,09528689640458984;0,0805330507697079;0,0;0,0
SC7 14.11.2018 09:00 Autumn day with fog in lower regions;FS3_GIS_SENSOR_TIME;135;2018-11-14 11:15:00;False;138,0;0,3287658959221127;0,5208080414328764;0,09677731302444974;0,020375621453717085;0,14274320107702884;0,052711111005496226;0,5011019984203751;0,07635134630866301;0,4383061380368387;0,3287658959221127;0,14274320107702884;0,09677731302444974;0,07635134630866301;0,0;0,0
SC7 14.11.2018 09:00 Autumn day with fog in lower regions;FS3_GIS_SENSOR_TIME;150;2018-11-14 11:30:00;False;138,0;0,3994129093006522;0,5174598985950343;0,09189678472867444;0,01933166129952873;0,13903834470939566;0,04470372489805424;0,5493209750547757;0,06164162084378068;0,47485761039425134;0,3994129093006522;0,13903834470939566;0,09189678472867444;0,06164162084378068;0,0;0,0
SC7 14.11.2018 09:00 Autumn day with fog in lower regions;FS3_GIS_SENSOR_TIME;165;2018-11-14 11:45:00;False;138,0;0,42765566315400905;0,5319274362904947;0,0875754321307372;0,017078867500594497;0,1306861411955931;0,04720591122627327;0,5623187028249654;0,055780733269364446;0,47541426205805754;0,42765566315400905;0,1306861411955931;0,0875754321307372;0,055780733269364446;0,0;0,0
SC7 14.11.2018 09:00 Autumn day with fog in lower regions;FS3_GIS_SENSOR_TIME;180;2018-11-14 12:00:00;False;138,0;0,39520124998159756;0,4777365541286943;0,0838070508928289;0,01685838114304941;0,1298398288009092;0,05271191354903362;0,594240534442572;0,04796477038152955;0,49072128711735585;0,39520124998159756;0,1298398288009092;0,0838070508928289;0,04796477038152955;0,0;0,0
SC7 14.11.2018 09:00 Autumn day with fog in lower regions;FS4_SEV4_TIME;0;2018-11-14 09:00:00;True;137,0;-0,19235609841911372;-0,09302640892600089;0,1307961286394478;0,02659620042857699;0,16308341555344305;0,11749653033591961;3,6106687121839656;-0,0470702330823543;0,9567538871125522;-0,19235609841911372;0,16308341555344305;0,1307961286394478;-0,0470702330823543;0,0;0,0
SC7 14.11.2018 09:00 Autumn day with fog in lower regions;FS4_SEV4_TIME;15;2018-11-14 09:15:00;True;137,0;-0,13714877138390658;-0,008237881580120954;0,12221523913109816;0,023227651896966166;0,15240620688464812;0,11597086617543928;2,1682463211019436;-0,05131434789429052;0,8786505249976684;-0,1122837060483528;0,15073072872507462;0,11604681503071868;-0,04167911597777655;0,03016738116920027;0,02050991965131494
SC7 14.11.2018 09:00 Autumn day with fog in lower regions;FS4_SEV4_TIME;30;2018-11-14 09:30:00;True;137,0;-0,17166985112572664;-0,010246189992518806;0,11187336844369328;0,019017187915903205;0,13790282055093436;0,09592647173432953;2,3327590090672965;-0,05118634481646829;0,7601444707464003;-0,0765930190593116;0,13218929949978211;0,11080638372596649;-0,05896781792046055;0,047594499604765785;0,03810817299641832
SC7 14.11.2018 09:00 Autumn day with fog in lower regions;FS4_SEV4_TIME;45;2018-11-14 09:45:00;True;138,0;-0,1709168937332557;-0,0027629594112115186;0,1118127052696627;0,018169165152846146;0,13479304563977382;0,11150198269462952;2,2123459808487587;-0,051080832519153616;0,7077516574910214;-0,15080388810596257;0,1336303514361843;0,11432701212750199;-0,06890752801119257;0,056150591074613274;0,045824047162001814
SC7 14.11.2018 09:00 Autumn day with fog in lower regions;FS4_SEV4_TIME;60;2018-11-14 10:00:00;True;138,0;-0,15581062422486847;-0,021100315079387366;0,11906360366168996;0,022226332748469108;0,14908498498664816;0,09489959606602397;1,2970769632006287;-0,05089685896434183;0,7043084203155212;0,05326386488743917;0,13492891920844463;0,10987965743034066;-0,06589706624819988;0,06242401953701796;0,05037282257293607
SC7 14.11.2018 09:00 Autumn day with fog in lower regions;FS4_SEV4_TIME;75;2018-11-14 10:15:00;True;138,0;-0,18670011231464434;-0,01899342231947898;0,13299529407526478;0,023734536503632327;0,15406017169804898;0,12276591539878923;1,5477415050122434;-0,0579155359308237;0,777198977322939;0,16990159229654378;0,1288500751564935;0,11183410861885683;-0,07265763192687577;0,08418463556397868;0,07095784721035592
SC7 14.11.2018 09:00 Autumn day with fog in lower regions;FS4_SEV4_TIME;90;2018-11-14 10:30:00;True;138,0;-0,09403650269367247;-0,01517741808118167;0,14130639757064825;0,026511918967379852;0,16282481066280977;0,12105626049616663;1,2812439292214934;-0,04371500589896744;0,7737482324784825;0,14070831030868203;0,14430287421134222;0,1298497796158751;-0,08545609987562004;0,08498441964411045;0,061185478345841926
SC7 14.11.2018 09:00 Autumn day with fog in lower regions;FS4_SEV4_TIME;105;2018-11-14 10:45:00;True;138,0;0,00990936548439958;0,058911871052862885;0,1308948350397091;0,024617407151401878;0,1568993535722881;0,10717095454510128;1,042930152171503;-0,03490541625367506;0,6940456733828992;0,1720167038125492;0,14348102342336644;0,12766776771702462;-0,08480745122097597;0,08819657140031317;0,06576689213271374
SC7 14.11.2018 09:00 Autumn day with fog in lower regions;FS4_SEV4_TIME;120;2018-11-14 11:00:00;True;138,0;0,04562686508390823;0,051275687819880233;0,12972092356777215;0,02694821462633286;0,1641591137474032;0,1067731464836589;0,8962436005212162;-0,0126294625430138;0,6264761174521781;0,3540983688664746;0,13504828911033423;0,11281589185998689;-0,05493907256933546;0,08411898089942328;0,06034286808162637
SC7 14.11.2018 09:00 Autumn day with fog in lower regions;FS4_SEV4_TIME;135;2018-11-14 11:15:00;True;138,0;0,08068044489710369;0,08547393708323547;0,13613464803870942;0,02790636997729583;0,16705199782491628;0,11114693805923434;1,0380055531042425;-0,012062697489347149;0,6878419287635329;0,4287143952171458;0,13168765532271268;0,11540270982783082;-0,05176523558506716;0,07599772462411354;0,05065668859722369
SC7 14.11.2018 09:00 Autumn day with fog in lower regions;FS4_SEV4_TIME;150;2018-11-14 11:30:00;True;138,0;0,07074939263480406;0,08879793329522734;0,14442665303890947;0,029910662886622103;0,17294699444229178;0,12486118922399038;1,5239905216575307;-0,024102807837428995;0,7874349866819564;0,28489250911735353;0,15171630459748417;0,13516290528567823;-0,07605635473937786;0,0830952659645356;0,060595320875122066
SC7 14.11.2018 09:00 Autumn day with fog in lower regions;FS4_SEV4_TIME;165;2018-11-14 11:45:00;True;138,0;0,06281829627481184;0,08940842427456241;0,1405178523910312;0,027965686233759075;0,16722944188676547;0,13315708469847842;1,5687069135020775;-0,028168326992600457;0,7910324585819507;0,22757956413944314;0,15181955611297038;0,13414596066175016;-0,08397002506508996;0,08830596315537569;0,06579849433214606
SC7 14.11.2018 09:00 Autumn day with fog in lower regions;FS4_SEV4_TIME;180;2018-11-14 12:00:00;True;138,0;0,07836826887405124;0,11767133084953196;0,13621822430327524;0,025689899320024922;0,16028068916755045;0,12923142962455755;1,5734903153133093;-0,03309906187943567;0,8083441919063218;0,1725529106135456;0,15187021509686566;0,1341199957579569;-0,09045052862352104;0,08756347584767347;0,0641673081115806
SC7 14.11.2018 09:00 Autumn day with fog in lower regions;FS5_SEV4_GIS_TIME;0;2018-11-14 09:00:00;True;137,0;0,4044379699702336;0,40854553525022463;0,08476248799499653;0,013284359546047458;0,11525779603153731;0,06156155601472894;2,079484441372689;-0,009571919709576321;0,7778602715653599;0,4044379699702336;0,11525779603153731;0,08476248799499653;-0,009571919709576321;0,0;0,0
SC7 14.11.2018 09:00 Autumn day with fog in lower regions;FS5_SEV4_GIS_TIME;15;2018-11-14 09:15:00;True;137,0;0,4173506483884548;0,45473272322486225;0,08770035424345271;0,01190132431023576;0,10909319094350371;0,07621529326442747;1,4816385063214141;-0,02763285209504936;0,7546597281455868;0,4408334718507917;0,10687216182418785;0,08173401124786055;-0,02661117803497696;0,02922482324315956;0,019798501334357056
SC7 14.11.2018 09:00 Autumn day with fog in lower regions;FS5_SEV4_GIS_TIME;30;2018-11-14 09:30:00;True;137,0;0,3921088849608051;0,438445277998494;0,08235755732869762;0,00986658447855531;0,09933068246294953;0,0724874198607253;1,5575456957881493;-0,02742405261502106;0,6661865499598023;0,4303750800181395;0,09615348107525683;0,07951345856724926;-0,0347076414014062;0,046950231200013424;0,03748525438123267
SC7 14.11.2018 09:00 Autumn day with fog in lower regions;FS5_SEV4_GIS_TIME;45;2018-11-14 09:45:00;True;138,0;0,3605355689033507;0,42074259796431657;0,08431255573211101;0,009922595634368413;0,09961222632974535;0,081787172993854;1,6040772213868468;-0,03056525680030656;0,6221650091383216;0,44596403390669326;0,09272000141206359;0,07472028436149644;-0,029729194597889617;0,05895372191425063;0,044222184146918524
SC7 14.11.2018 09:00 Autumn day with fog in lower regions;FS5_SEV4_GIS_TIME;60;2018-11-14 10:00:00;True;138,0;0,3876735351461347;0,44653548953413147;0,08384944054541688;0,011775087954104098;0,10851307734141585;0,06416654405575475;0,8444732276275629;-0,03364402164815475;0,5452003023147999;0,6274540653612455;0,08464094024116073;0,062084934991422765;-0,024966385471540443;0,08044056269698321;0,06425479352533264
SC7 14.11.2018 09:00 Autumn day with fog in lower regions;FS5_SEV4_GIS_TIME;75;2018-11-14 10:15:00;True;138,0;0,4495606995958181;0,5050418963366007;0,08318491782409491;0,011009033818152167;0,10492394301660687;0,06726316577854843;0,9236803436518364;-0,03331139313630992;0,5527434309488494;0,7003605784923008;0,07741397373259641;0,05937726997286829;-0,03512727660609065;0,08362429731577185;0,06291986058765717
SC7 14.11.2018 09:00 Autumn day with fog in lower regions;FS5_SEV4_GIS_TIME;90;2018-11-14 10:30:00;True;138,0;0,38228018885063675;0,4278402784231594;0,10093363312680345;0,014969278938513266;0,12234900464864136;0,08482444781943191;0,8654579355076143;-0,03322744594730107;0,5975748434669766;0,6794612045758321;0,08813430331221622;0,07174505633459732;-0,04110250439297564;0,08962324935545682;0,06269695097243116
SC7 14.11.2018 09:00 Autumn day with fog in lower regions;FS5_SEV4_GIS_TIME;105;2018-11-14 10:45:00;True;138,0;0,4792267540309092;0,48708690327616777;0,08566775031177623;0,012948397432170905;0,11379102527076072;0,0629810099757314;0,6104692236743096;-0,01397973935306506;0,4542339635436716;0,7006708846269373;0,08626967444727895;0,06810461651516783;-0,03729736967071181;0,08447162120437922;0,059852923346836076
SC7 14.11.2018 09:00 Autumn day with fog in lower regions;FS5_SEV4_GIS_TIME;120;2018-11-14 11:00:00;True;138,0;0,46884219017867;0,4688449249596759;0,09002604397889845;0,01499806955565294;0,1224666058795333;0,06850427696949392;0,5695336283055561;0,00027788632376312593;0,4415268560312608;0,7582075539720893;0,08262800370289018;0,05842485018799828;-0,016605296380037698;0,08472797482599209;0,0605716117846685
SC7 14.11.2018 09:00 Autumn day with fog in lower regions;FS5_SEV4_GIS_TIME;135;2018-11-14 11:15:00;True;138,0;0,47399897377604017;0,4760460061040329;0,10157605859176412;0,015967004253053405;0,12636061195267062;0,08285258056132952;0,7419218757272602;-0,007882804855739145;0,5430565541789482;0,7650796284097633;0,08444593804812756;0,06911255331554654;-0,02788527767225177;0,08215030720759212;0,06098244171880651
SC7 14.11.2018 09:00 Autumn day with fog in lower regions;FS5_SEV4_GIS_TIME;150;2018-11-14 11:30:00;True;138,0;0,4189202126977756;0,4481422628720547;0,11523194330017124;0,018703761386293472;0,13676169561062582;0,11205751529679009;1,2493070127137227;-0,030669163675801865;0,6952746471323794;0,6514191131120545;0,10592497678417205;0,09021342678751847;-0,055168066223879396;0,0858182754338174;0,06635207706131041
SC7 14.11.2018 09:00 Autumn day with fog in lower regions;FS5_SEV4_GIS_TIME;165;2018-11-14 11:45:00;True;138,0;0,4164926089804264;0,44722282883257114;0,11106727035977829;0,017411975231131676;0,1319544437718248;0,104967107829665;1,2577013001054578;-0,030281938513496105;0,703563223198163;0,5900600839442902;0,11060148129699891;0,09151794327105682;-0,057780710446882676;0,08189454412937064;0,06179654011688451
SC7 14.11.2018 09:00 Autumn day with fog in lower regions;FS5_SEV4_GIS_TIME;180;2018-11-14 12:00:00;True;138,0;0,40690950744248744;0,44730746096177443;0,10702332208341749;0,01653202090042221;0,12857690655954596;0,09958974234874435;1,2404135449687084;-0,0335569263176294;0,7164650534229744;0,5528378537604783;0,11164390222142394;0,0943204983422469;-0,0630419285742927;0,07953772249058302;0,05663929754350186
SC7 14.11.2018 09:00 Autumn day with fog in lower regions;FS6_SEV4_GIS_SENSOR_TIME;0;2018-11-14 09:00:00;True;137,0;0,8518033921050985;0,8530554165645461;0,04021143391140722;0,003305612049650129;0,05749445233803109;0,02851383838995527;0,8461707066284118;-0,0052846133381322605;0,4967214044464337;0,8518033921050985;0,05749445233803109;0,04021143391140722;-0,0052846133381322605;0,0;0,0
SC7 14.11.2018 09:00 Autumn day with fog in lower regions;FS6_SEV4_GIS_SENSOR_TIME;15;2018-11-14 09:15:00;True;137,0;0,8303862517424704;0,8307536429789589;0,03883016133576016;0,003464567874149757;0,058860579967833795;0,02258754626834565;0,4614595295551955;-0,002739418646319957;0,3693006995199284;0,81137250192526;0,062072110696536696;0,04030610394046775;0,002027627644993182;0,015872163054177504;0,009424040190889126
SC7 14.11.2018 09:00 Autumn day with fog in lower regions;FS6_SEV4_GIS_SENSOR_TIME;30;2018-11-14 09:30:00;True;137,0;0,607859427582885;0,6083421793919177;0,05638153474878873;0,006364771567640094;0,07977951847209967;0,0299759929023537;0,512029293729301;0,0027991906345048194;0,42309079820936896;0,624092896269767;0,07811074642211654;0,054351801344037776;0,002217508816068613;0,016174519550226793;0,011203335932911422
SC7 14.11.2018 09:00 Autumn day with fog in lower regions;FS6_SEV4_GIS_SENSOR_TIME;45;2018-11-14 09:45:00;True;138,0;0,7184017600652102;0,7425039713034285;0,04560082916453458;0,004369571363697096;0,06610273340563987;0,025806264700932453;0,4886280004312387;0,01933895017589642;0,30800387777152155;0,7629939589829927;0,06064348601487902;0,04455002589060684;0,015078898443580459;0,02391096071833092;0,015376210043989662
SC7 14.11.2018 09:00 Autumn day with fog in lower regions;FS6_SEV4_GIS_SENSOR_TIME;60;2018-11-14 10:00:00;True;138,0;0,7490016319701576;0,7688013922011726;0,04782619022233666;0,0048267191270155805;0,06947459339222922;0,029667227594364506;0,3247856529105017;0,01951284210816111;0,2930761248004;0,7734104724011653;0,0660101138539424;0,04760574547626952;0,015321836087261844;0,026438244503058372;0,01930060341576303
SC7 14.11.2018 09:00 Autumn day with fog in lower regions;FS6_SEV4_GIS_SENSOR_TIME;75;2018-11-14 10:15:00;True;138,0;0,6676225975034094;0,6866545981532219;0,05540620947664145;0,006647697687624526;0,08153341454658039;0,03367079414323;0,41327962225723225;0,019510217356101266;0,351134088074702;0,7407881963929737;0,07200244975259867;0,0539015576793914;0,0103498984616815;0,0351409741740226;0,023586178282815694
SC7 14.11.2018 09:00 Autumn day with fog in lower regions;FS6_SEV4_GIS_SENSOR_TIME;90;2018-11-14 10:30:00;True;138,0;0,7342779423652184;0,7689325808698408;0,05327332668061532;0,006439274779692881;0,08024509193522605;0,03217890054730611;0,3336187065169498;0,028979131262022784;0,3057717975512816;0,8390374464451603;0,06245498410524478;0,046978022852715115;0,012559781415518428;0,05214780605638729;0,032680902023550014
SC7 14.11.2018 09:00 Autumn day with fog in lower regions;FS6_SEV4_GIS_SENSOR_TIME;105;2018-11-14 10:45:00;True;138,0;0,7293825927384869;0,788277885927302;0,055561419508635315;0,006728574803732718;0,0820278904015745;0,03552616200539163;0,32408434855549206;0,038266960854961694;0,29576055690612757;0,8627899524967105;0,058408578304700656;0,040877210902114734;0,01433320874573256;0,0565719926807322;0,03596783416561675
SC7 14.11.2018 09:00 Autumn day with fog in lower regions;FS6_SEV4_GIS_SENSOR_TIME;120;2018-11-14 11:00:00;True;138,0;0,5706139238179817;0,6758919820862642;0,07145841733886894;0,01212438585619793;0,11011078900906092;0,04165903408504413;0,3646982616785229;0,05452238298597332;0,3262173957703433;0,7531759893227844;0,08348329817892158;0,053726585690546516;0,035305500050450626;0,05751430600918117;0,03491492413551263
SC7 14.11.2018 09:00 Autumn day with fog in lower regions;FS6_SEV4_GIS_SENSOR_TIME;135;2018-11-14 11:15:00;True;138,0;0,5702265963991106;0,6638605459678503;0,07764693433158905;0,013045970294785825;0,11421895768560412;0,04088163410014604;0,41390426040829775;0,05331324238859284;0,36787088130219925;0,7667513180018732;0,08414494365471109;0,05696261055484231;0,038316422576328286;0,051111760070600275;0,030994775981736788
SC7 14.11.2018 09:00 Autumn day with fog in lower regions;FS6_SEV4_GIS_SENSOR_TIME;150;2018-11-14 11:30:00;True;138,0;0,6007793102051036;0,6528162919602245;0,0779385042456098;0,012850091649310145;0,11335824473460299;0,04606723978365377;0,5164836629279378;0,04092631490440995;0,43673389216228414;0,7895591603966774;0,0823022304648414;0,05582972079541025;0,023848268268077965;0,05106108719431045;0,03492323060492999
SC7 14.11.2018 09:00 Autumn day with fog in lower regions;FS6_SEV4_GIS_SENSOR_TIME;165;2018-11-14 11:45:00;True;138,0;0,6136567344276141;0,6581656616448353;0,07597097105128205;0,01152855897695948;0,10737112729667822;0,051303798106204654;0,5382908400467193;0,03644386280280303;0,442435647290598;0,810975424018737;0,07510346528858752;0,05142268206382435;0,015224117037693547;0,060531752241061075;0,04080459702189715
SC7 14.11.2018 09:00 Autumn day with fog in lower regions;FS6_SEV4_GIS_SENSOR_TIME;180;2018-11-14 12:00:00;True;138,0;0,5664574691736023;0,600827896705483;0,0729943976376195;0,012084722771287594;0,10993053611843978;0,05018023954208791;0,5637686952546173;0,030952444881350953;0,44946895810881937;0,781338670732811;0,07807077376001785;0,05074904970972009;0,010842171758374515;0,058716010756965066;0,038515889939541616
SC7 14.11.2018 09:00 Autumn day with fog in lower regions;FS7_SEV12_TIME;0;2018-11-14 09:00:00;True;137,0;0,2113250169462536;0,21174739164072653;0,08547106570373458;0,017591856954573156;0,13263429780631086;0,06134001057198714;2,106203267559432;0,0030694160183493413;0,7207355062237227;0,2113250169462536;0,13263429780631086;0,08547106570373458;0,0030694160183493413;0,0;0,0
SC7 14.11.2018 09:00 Autumn day with fog in lower regions;FS7_SEV12_TIME;15;2018-11-14 09:15:00;True;137,0;0,3056435397916434;0,3056436088451089;0,0767620241328835;0,014183078376368724;0,11909273015750678;0,053726982879638674;1,15716725766764;3,755664168829113e-05;0,6318899481618344;0,21232984550364375;0,12684291269282078;0,07862839129944986;0,0005893918625256466;0,027242847128452635;0,021569794293724163
SC7 14.11.2018 09:00 Autumn day with fog in lower regions;FS7_SEV12_TIME;30;2018-11-14 09:30:00;True;137,0;0,33349885397079926;0,33824852174580056;0,08040908281706383;0,010817874615467989;0,10400901218388717;0,07117694456592888;1,4020802785221975;-0,008780154095238538;0,6376354334622591;0,35265597933966686;0,1025033577282411;0,07847586114542633;-0,018147993131659556;0,039056128368288055;0,03166444743320645
SC7 14.11.2018 09:00 Autumn day with fog in lower regions;FS7_SEV12_TIME;45;2018-11-14 09:45:00;True;138,0;0,35213639997890966;0,35300381605817954;0,07907744811138853;0,010052925880820204;0,10026428018402268;0,0656819693168648;1,463669560262673;-0,0036687505567562684;0,5658249636059736;0,4040326688672474;0,09616469914578285;0,0749998315894168;-0,009880297154002723;0,048986413622732525;0,039773286337140897
SC7 14.11.2018 09:00 Autumn day with fog in lower regions;FS7_SEV12_TIME;60;2018-11-14 10:00:00;True;138,0;0,3721535421115454;0,37293174045751853;0,07278898240604867;0,012073538688342713;0,10987965547972342;0,0503403318460105;0,6770773091286232;-0,003868438674956481;0,4614005949627627;0,48521806655172683;0,09949521920438752;0,06213950848513235;-0,012888803287649185;0,06891830185221136;0,05203640573555553
SC7 14.11.2018 09:00 Autumn day with fog in lower regions;FS7_SEV12_TIME;75;2018-11-14 10:15:00;True;138,0;0,3974260172388593;0,4022304629749863;0,08108070504920653;0,012051750936542757;0,10978046700821943;0,058001367810856;0,8499186968661668;-0,009802605658907447;0,5090980687600065;0,6348693607560271;0,0854562880554494;0,05965669064937221;-0,023619817631335527;0,07853994153821588;0,05912694976617838
SC7 14.11.2018 09:00 Autumn day with fog in lower regions;FS7_SEV12_TIME;90;2018-11-14 10:30:00;True;138,0;0,34053849537152736;0,3424802138385301;0,09464883404118235;0,015980810448069503;0,12641523028523702;0,07054657787719394;0,7432630306821493;-0,006859584432956912;0,5405828880699219;0,6895307033556957;0,08673891881855196;0,06211655600463856;-0,016357776204283848;0,09040263322526851;0,06950357645088671
SC7 14.11.2018 09:00 Autumn day with fog in lower regions;FS7_SEV12_TIME;105;2018-11-14 10:45:00;True;138,0;0,35637626757830754;0,3565561419417822;0,0913655919042599;0,016002926319045076;0,1265026731695622;0,07016388290112587;0,6345976225702358;-0,0021147951859403318;0,4931221058816919;0,6696139715924565;0,09063470274177639;0,0606115093944474;-0,011682680204447538;0,10708906627155916;0,08743072079791539
SC7 14.11.2018 09:00 Autumn day with fog in lower regions;FS7_SEV12_TIME;120;2018-11-14 11:00:00;True;138,0;0,3154995833081592;0,3194578258822991;0,09668236245556815;0,01932793732971934;0,13902495218384123;0,06826397797919556;0,5974585442103107;0,01057199864495496;0,46880340845821605;0,6705066903660882;0,09645598853581319;0,06579943678709745;-0,0018832968969491528;0,11005474198033319;0,09092674049400333
SC7 14.11.2018 09:00 Autumn day with fog in lower regions;FS7_SEV12_TIME;135;2018-11-14 11:15:00;True;138,0;0,3359373015705196;0,3381843939449024;0,1058164781696086;0,020157930120849363;0,14197862557740643;0,08237702662732171;0,7211661937240845;0,008259027034925571;0,5521319697393716;0,7475816225056734;0,08753443042086118;0,05954669857170512;0,0010298270471939927;0,10693889804126808;0,0870549362460725
SC7 14.11.2018 09:00 Autumn day with fog in lower regions;FS7_SEV12_TIME;150;2018-11-14 11:30:00;True;138,0;0,32559966212266545;0,32608061160864643;0,11516578340034297;0,021707557678189913;0,14733484882467526;0,09245550295697649;1,0796872827770112;-0,003934561379022956;0,6810940724215672;0,7178547111216009;0,0952978260904715;0,06862198300953347;-0,007750308437527909;0,11340734723593031;0,09375712767148903
SC7 14.11.2018 09:00 Autumn day with fog in lower regions;FS7_SEV12_TIME;165;2018-11-14 11:45:00;True;138,0;0,32133874680575003;0,32343055537831233;0,11319298185980047;0,020251385180056224;0,14230736165095684;0,09191445999683753;1,1293445839519634;-0,007900631552688508;0,7003600171381569;0,6457570785035993;0,10281380452400046;0,07028491078220338;-0,002691121749733293;0,11601947747572765;0,09621615605968711
SC7 14.11.2018 09:00 Autumn day with fog in lower regions;FS7_SEV12_TIME;180;2018-11-14 12:00:00;True;138,0;0,3037122549326491;0,31152776413808236;0,10860657722948508;0,019408578789593494;0,1393146754279444;0,08247182432382257;1,173347095490314;-0,014759822379890484;0,6922979667847213;0,6698092282817913;0,09593674014052393;0,06457547595455045;-0,0019221348220033613;0,11507389121211965;0,09442581479653608
SC7 14.11.2018 09:00 Autumn day with fog in lower regions;FS8_SEV12_GIS_TIME;0;2018-11-14 09:00:00;True;137,0;0,5632736657961278;0,5636704939052845;0,06897888903383885;0,009741436415114567;0,09869871536709364;0,049886681757057044;1,5995921276181073;-0,0029751442252081007;0,6660019345342237;0,5632736657961278;0,09869871536709364;0,06897888903383885;-0,0029751442252081007;0,0;0,0
SC7 14.11.2018 09:00 Autumn day with fog in lower regions;FS8_SEV12_GIS_TIME;15;2018-11-14 09:15:00;True;137,0;0,6636395526896479;0,669970496139247;0,06285723907380833;0,00687057276817391;0,08288891824709688;0,05222082857172295;1,0457467155864721;-0,011371774216487697;0,5842174972194093;0,6240092334048705;0,0876360109807366;0,0620333870883777;-0,00984561337272216;0,028947381210297708;0,020065556577726327
SC7 14.11.2018 09:00 Autumn day with fog in lower regions;FS8_SEV12_GIS_TIME;30;2018-11-14 09:30:00;True;137,0;0,5835133469100235;0,5858458297405159;0,06902388054073405;0,006759928949838422;0,08221878708566809;0,06082905489563573;1,1358659202640324;-0,006152898476700291;0,6059002303893364;0,6337173437716397;0,07710431779387146;0,06316299308453552;-0,014290498582228053;0,04194346060626059;0,03396946246511418
SC7 14.11.2018 09:00 Autumn day with fog in lower regions;FS8_SEV12_GIS_TIME;45;2018-11-14 09:45:00;True;138,0;0,5623959723289338;0,5721213814782791;0,06739059813964461;0,006790319528960128;0,08240339513005594;0,060330290436355766;1,112591645445527;-0,012284525634454504;0,5295745515965764;0,6085480296816713;0,07793700131775148;0,06312736171407451;-0,023078541905541757;0,054109549874939794;0,040626262431032956
SC7 14.11.2018 09:00 Autumn day with fog in lower regions;FS8_SEV12_GIS_TIME;60;2018-11-14 10:00:00;True;138,0;0,6070185731362773;0,6337861649419798;0,06629169371527624;0,00755706495023698;0,08693138069901443;0,05339186418635355;0,653819796276195;-0,022687947850806352;0,4662788533299359;0,6698901629961598;0,07967458277149755;0,05980047080701284;-0,014339997638951994;0,08742366870841965;0,071289798996472
SC7 14.11.2018 09:00 Autumn day with fog in lower regions;FS8_SEV12_GIS_TIME;75;2018-11-14 10:15:00;True;138,0;0,5888791250274343;0,6159668613445215;0,07148166699403678;0,008222602587783718;0,09067856741139947;0,05897631546978693;0,7929227055173435;-0,023275887122805792;0,49477619754221164;0,809306626652561;0,061757212679173806;0,04449026897538314;-0,014347626801407588;0,08696186899281581;0,06954060477943605
SC7 14.11.2018 09:00 Autumn day with fog in lower regions;FS8_SEV12_GIS_TIME;90;2018-11-14 10:30:00;True;138,0;0,5181845251355369;0,530076084891133;0,08564761265901558;0,011675892710513093;0,10805504481750537;0,06933557247070786;0,6966280621274915;-0,01697555909667321;0,5215358750410969;0,8049646120577916;0,06874820840360872;0,05265636027931139;-0,018005149545118802;0,09296719495325803;0,06709797141155686
SC7 14.11.2018 09:00 Autumn day with fog in lower regions;FS8_SEV12_GIS_TIME;105;2018-11-14 10:45:00;True;138,0;0,5744264598660341;0,5747387842033749;0,07696540416101584;0,010581371790742084;0,10286579504744074;0,05572493303185711;0,527969213318795;-0,002786676733920879;0,42585131873950605;0,8094960190442714;0,0688233337740496;0,05137218295598257;-0,01613328272042609;0,09179108735738793;0,06391861240305277
SC7 14.11.2018 09:00 Autumn day with fog in lower regions;FS8_SEV12_GIS_TIME;120;2018-11-14 11:00:00;True;138,0;0,5367442339464287;0,5385602024043743;0,0828217242091109;0,01308074939849964;0,11437110386150709;0,05866824911703949;0,5125166928269792;0,007160775304924523;0,4124512963845212;0,8337735124655168;0,06851032220078888;0,05131040133146438;-0,004263615697864538;0,09960932866527528;0,07340979639759651
SC7 14.11.2018 09:00 Autumn day with fog in lower regions;FS8_SEV12_GIS_TIME;135;2018-11-14 11:15:00;True;138,0;0,5310039302975684;0,5313489417708639;0,09223834891490831;0,014236592451847484;0,1193171926079703;0,074646675182864;0,6408382431229998;0,003236198808158249;0,4953020850620806;0,8508211031391034;0,0672933455867694;0,05294521652703341;-0,001532762062326963;0,10099335047044279;0,07796801513725676
SC7 14.11.2018 09:00 Autumn day with fog in lower regions;FS8_SEV12_GIS_TIME;150;2018-11-14 11:30:00;True;138,0;0,4834306649141402;0,49030726859345275;0,10507233193623544;0,01662730281460818;0,12894689920509209;0,09043403162182756;1,0623821959544637;-0,014877624384045121;0,6458612908873649;0,8373973511842208;0,07234531304780292;0,05381930782573055;-0,016753859884941016;0,10310147122036113;0,08266144463846432
SC7 14.11.2018 09:00 Autumn day with fog in lower regions;FS8_SEV12_GIS_TIME;165;2018-11-14 11:45:00;True;138,0;0,47069812338666484;0,47795184079020103;0,10305133286510561;0,015794472027645237;0,12567605988272085;0,08768501138693582;1,092574838514281;-0,014712319768621335;0,6640997031037701;0,7640946172818854;0,08390150764665;0,05956263515380448;-0,008439779340402428;0,1015109184263721;0,07976042833705424
SC7 14.11.2018 09:00 Autumn day with fog in lower regions;FS8_SEV12_GIS_TIME;180;2018-11-14 12:00:00;True;138,0;0,44225905632311413;0,4599158705003563;0,10063219133490629;0,015546674670380685;0,12468630506346992;0,0843484458219167;1,1213251608564638;-0,022184960763801925;0,6774647047846015;0,7637958385768265;0,08114210388638585;0,058678798353376346;-0,018139048983901396;0,09495278344276856;0,07150164989044255
SC7 14.11.2018 09:00 Autumn day with fog in lower regions;FS9_SEV12_GIS_SENSOR_TIME;0;2018-11-14 09:00:00;True;137,0;0,853682365864704;0,8537378312608115;0,037772346643392574;0,0032637004405454612;0,05712880569857435;0,0243929823239645;0,7839059418785269;0,0011122895815602926;0,45830848281472714;0,853682365864704;0,05712880569857435;0,037772346643392574;0,0011122895815602926;0,0;0,0
SC7 14.11.2018 09:00 Autumn day with fog in lower regions;FS9_SEV12_GIS_SENSOR_TIME;15;2018-11-14 09:15:00;True;137,0;0,8505608644534528;0,8517369115346892;0,03595757462423857;0,0030524767801792525;0,05524922424956981;0,0226113273441991;0,4219177269452113;0,004901244470857173;0,34031270990789125;0,8172209925829187;0,061102245169473254;0,03893492340936266;0,0077166581292691695;0,0141595646418359;0,00785983967965292
SC7 14.11.2018 09:00 Autumn day with fog in lower regions;FS9_SEV12_GIS_SENSOR_TIME;30;2018-11-14 09:30:00;True;137,0;0,6412813764689265;0,6446284615895677;0,053188793357794396;0,0058223052048921795;0,07630403138034175;0,027357102539522494;0,4525927569442267;0,007370617942684148;0,38580712737122425;0,6475504495795965;0,0756343365901089;0,052249184816964944;0,005794216157402968;0,015840154381562416;0,011053919595883765
SC7 14.11.2018 09:00 Autumn day with fog in lower regions;FS9_SEV12_GIS_SENSOR_TIME;45;2018-11-14 09:45:00;True;138,0;0,6864416351859743;0,7206650607638843;0,048374734508399346;0,004865497923766618;0,06975312124748696;0,028517755204343624;0,5208877624288935;0,0230444416125958;0,3266471951106411;0,7588966381535242;0,06116543705644758;0,04455053330747029;0,016345709034440662;0,024344340398367678;0,01589906749828462
SC7 14.11.2018 09:00 Autumn day with fog in lower regions;FS9_SEV12_GIS_SENSOR_TIME;60;2018-11-14 10:00:00;True;138,0;0,7521635551850868;0,777551685421158;0,047669990384887735;0,00476591508522261;0,06903560737201209;0,028186769372938257;0,3338871883681244;0,022095606327437827;0,29965838152172786;0,7763248980881794;0,06558422437524909;0,047271447295289856;0,014059792821932954;0,033949070574287046;0,02214330377435123
SC7 14.11.2018 09:00 Autumn day with fog in lower regions;FS9_SEV12_GIS_SENSOR_TIME;75;2018-11-14 10:15:00;True;138,0;0,6528713663341572;0,6793952379010708;0,05596793783812348;0,006942728952075358;0,08332303974337085;0,0344554660320015;0,4226081389323973;0,023032354905564115;0,3577207465082887;0,7577825579348653;0,06960213997144934;0,051149062100590684;0,01087445110359037;0,04294556886857409;0,02799519860064206
SC7 14.11.2018 09:00 Autumn day with fog in lower regions;FS9_SEV12_GIS_SENSOR_TIME;90;2018-11-14 10:30:00;True;138,0;0,7045502725047256;0,7487851219794184;0,0558698032463412;0,007159669000991624;0,08461482731171661;0,031777373680220225;0,35024038279784014;0,03274062400921536;0,317040849137426;0,8445655632276721;0,06137313350804803;0,04662544171162169;0,015868582012134026;0,05788583848677263;0,03434393826561669
SC7 14.11.2018 09:00 Autumn day with fog in lower regions;FS9_SEV12_GIS_SENSOR_TIME;105;2018-11-14 10:45:00;True;138,0;0,6944291429074172;0,7748165370890969;0,05913645893100957;0,00759765009425753;0,08716450019507672;0,03483600190084704;0,3456943066937912;0,044707218792001714;0,3113027161857378;0,8666467801190392;0,05758182579194244;0,04305229266826952;0,01998054520249527;0,0655848510899345;0,039325102239145315
SC7 14.11.2018 09:00 Autumn day with fog in lower regions;FS9_SEV12_GIS_SENSOR_TIME;120;2018-11-14 11:00:00;True;138,0;0,5274704447806065;0,6686812967496462;0,07697662267491534;0,013342609306010462;0,11551021299439483;0,04681121668224042;0,3985235623322307;0,06314514030838132;0,3529583660616952;0,7686109721420689;0,08083087436653202;0,05326491486856391;0,03730596919796177;0,07060615325602898;0,04106272342133983
SC7 14.11.2018 09:00 Autumn day with fog in lower regions;FS9_SEV12_GIS_SENSOR_TIME;135;2018-11-14 11:15:00;True;138,0;0,5241255826372706;0,6462939760364214;0,082194520196107;0,01444538787404347;0,12018896735575803;0,04763506995155425;0,4356437691306537;0,0608972745221654;0,3829263595833263;0,7718502436428398;0,08322013757649788;0,05554394437612332;0,038927108260925;0,06191653946212654;0,03695371563789313
SC7 14.11.2018 09:00 Autumn day with fog in lower regions;FS9_SEV12_GIS_SENSOR_TIME;150;2018-11-14 11:30:00;True;138,0;0,5797026129468952;0,642525906628673;0,08073927246142282;0,01352850711813739;0,11631211079736017;0,04563140083339126;0,5373894735122404;0,044968349022805734;0,4515991992634367;0,8219145980656877;0,07571130860002412;0,051493162288558776;0,025090561093669483;0,0611199516148209;0,04117655684577598
SC7 14.11.2018 09:00 Autumn day with fog in lower regions;FS9_SEV12_GIS_SENSOR_TIME;165;2018-11-14 11:45:00;True;138,0;0,6002286612439908;0,6525189596716914;0,07829916565442517;0,011929255319925306;0,10922113037286012;0,05037553960299505;0,5584125821874188;0,039501301019947005;0,45483385210345245;0,8241963113068818;0,07242939060374486;0,04894291885241019;0,017741234276533284;0,06768178550423569;0,04324785595510047
SC7 14.11.2018 09:00 Autumn day with fog in lower regions;FS9_SEV12_GIS_SENSOR_TIME;180;2018-11-14 12:00:00;True;138,0;0,5641905105702256;0,601246558916816;0,07589405811255308;0,012147912802963547;0,11021757030058114;0,05504661670448875;0,6071914651545993;0,03213897663465047;0,4761152711787428;0,7975587257066659;0,07511938486122181;0,05020495976930508;0,012025055823576021;0,06500142259867582;0,039731031933721773
SC8 16.12.2018 11:00 Winter day with snow and clouds;FS1_TIME;0;2018-12-16 11:00:00;False;46,0;-109,16639045278536;0,0;0,15535867291451172;0,024357413845053275;0,15606861902718713;0,1606838679926795;88,81668677700118;-0,15535867291451172;1,500577511320356;-109,16639045278536;0,15606861902718713;0,15535867291451172;-0,15535867291451172;0,0;0,0
SC8 16.12.2018 11:00 Winter day with snow and clouds;FS1_TIME;15;2018-12-16 11:15:00;False;39,0;-131,61869999469144;1,1102230246251565e-16;0,15564025238878476;0,024407934109734512;0,1562303879203227;0,16110072439318307;72,2448007530968;-0,15564025238878476;1,5042030526970838;-131,61869999469144;0,1562303879203227;0,15564025238878476;-0,15564025238878476;0,0;0,0
SC8 16.12.2018 11:00 Winter day with snow and clouds;FS1_TIME;30;2018-12-16 11:30:00;False;47,0;-165,91971858531687;2,220446049250313e-16;0,1560927954664885;0,02451180868782614;0,156562475350341;0,16017239900897537;109,33901874780672;-0,1560927954664885;1,5089095652184505;-165,91971858531687;0,156562475350341;0,1560927954664885;-0,1560927954664885;0,0;0,0
SC8 16.12.2018 11:00 Winter day with snow and clouds;FS1_TIME;45;2018-12-16 11:45:00;False;53,0;-223,98519416423483;1,1102230246251565e-16;0,15708143144204834;0,02478473774289642;0,15743169230779558;0,16129185333183435;130,09241437999881;-0,15708143144204834;1,5172291507131273;-223,98519416423483;0,15743169230779558;0,15708143144204834;-0,15708143144204834;0,0;0,0
SC8 16.12.2018 11:00 Winter day with snow and clouds;FS1_TIME;60;2018-12-16 12:00:00;False;48,0;-201,32983925839252;1,1102230246251565e-16;0,15652893467617138;0,02462300473826032;0,1569171907034418;0,16081768943436253;109,63879358210492;-0,15652893467617138;1,5129936035581915;-201,32983925839252;0,1569171907034418;0,15652893467617138;-0,15652893467617138;0,0;0,0
SC8 16.12.2018 11:00 Winter day with snow and clouds;FS1_TIME;75;2018-12-16 12:15:00;False;58,0;-248,09592068347197;0,0;0,15527246084967525;0,02420671538738816;0,1555850744364258;0,1597346067865274;117,08693674121635;-0,15527246084967525;1,520604872894622;-248,09592068347197;0,1555850744364258;0,15527246084967525;-0,15527246084967525;0,0;0,0
SC8 16.12.2018 11:00 Winter day with snow and clouds;FS1_TIME;90;2018-12-16 12:30:00;False;61,0;-274,4997474336502;-2,220446049250313e-16;0,15470697522009128;0,02402144042292872;0,15498851706797095;0,1582944677734249;105,8026153761792;-0,15470697522009128;1,5175685992892611;-274,4997474336502;0,15498851706797095;0,15470697522009128;-0,15470697522009128;0,0;0,0
SC8 16.12.2018 11:00 Winter day with snow and clouds;FS1_TIME;105;2018-12-16 12:45:00;False;62,0;-189,63274582594045;-2,220446049250313e-16;0,14793630786487996;0,022000559265134424;0,14832585501231546;0,15235341306208752;86,07490264996412;-0,14793630786487996;1,508119260414034;-189,63274582594045;0,14832585501231546;0,14793630786487996;-0,14793630786487996;0,0;0,0
SC8 16.12.2018 11:00 Winter day with snow and clouds;FS1_TIME;120;2018-12-16 13:00:00;False;67,0;-175,4987153231213;0,0;0,13455729634861957;0,018208832943880062;0,1349401087293176;0,13856293557141836;90,81422878569037;-0,13455729634861957;1,5092092360680802;-175,4987153231213;0,1349401087293176;0,13455729634861957;-0,13455729634861957;0,0;0,0
SC8 16.12.2018 11:00 Winter day with snow and clouds;FS1_TIME;135;2018-12-16 13:15:00;False;65,0;-154,25938959321186;0,0;0,1191802676375978;0,014296014454245706;0,11956594186575752;0,12226649889286823;90,37037086667596;-0,1191802676375978;1,5018618480022663;-154,25938959321186;0,11956594186575752;0,1191802676375978;-0,1191802676375978;0,0;0,0
SC8 16.12.2018 11:00 Winter day with snow and clouds;FS1_TIME;150;2018-12-16 13:30:00;False;72,0;-106,0785643178963;0,0;0,11223086042318152;0,012714506005914608;0,11275861832212475;0,11659457488633806;74,42157783861565;-0,11223086042318152;1,4884267031107459;-106,0785643178963;0,11275861832212475;0,11223086042318152;-0,11223086042318152;0,0;0,0
SC8 16.12.2018 11:00 Winter day with snow and clouds;FS1_TIME;165;2018-12-16 13:45:00;False;80,0;-42,21461035507899;0,0;0,09452500244930259;0,009146632100328494;0,09563802643472152;0,10045275007482908;52,6159054531125;-0,09452500244930259;1,4522504912279557;-42,21461035507899;0,09563802643472152;0,09452500244930259;-0,09452500244930259;0,0;0,0
SC8 16.12.2018 11:00 Winter day with snow and clouds;FS1_TIME;180;2018-12-16 14:00:00;False;84,0;-55,81463626347307;1,1102230246251565e-16;0,07822309380354399;0,006228480502020163;0,07892072289342111;0,08257458980029675;52,600653188079335;-0,07822309380354399;1,4522770389746646;-55,81463626347307;0,07892072289342111;0,07822309380354399;-0,07822309380354399;0,0;0,0
SC8 16.12.2018 11:00 Winter day with snow and clouds;FS2_GIS_TIME;0;2018-12-16 11:00:00;False;46,0;-109,75138749958134;-4,341049395197103;0,15266259156642423;0,02448675470035751;0,15648244214721826;0,1557352324768123;84,81280785780757;-0,15266259156642423;1,493756859331993;-109,75138749958134;0,15648244214721826;0,15266259156642423;-0,15266259156642423;0,0;0,0
SC8 16.12.2018 11:00 Winter day with snow and clouds;FS2_GIS_TIME;15;2018-12-16 11:15:00;False;39,0;-139,57309323022525;-3,586503106431926;0,15820170869769984;0,02587190793833937;0,16084746792641583;0,15871544339142635;71,24830216542232;-0,15820170869769984;1,511832083114405;-139,57309323022525;0,16084746792641583;0,15820170869769984;-0,15820170869769984;0,0;0,0
SC8 16.12.2018 11:00 Winter day with snow and clouds;FS2_GIS_TIME;30;2018-12-16 11:30:00;False;47,0;-177,89032239877105;-4,258914239790395;0,15967907235660403;0,026269666615217596;0,16207919858889233;0,15863167833297628;109,22382320594672;-0,15967907235660403;1,5142264953538822;-177,89032239877105;0,16207919858889233;0,15967907235660403;-0,15967907235660403;0,0;0,0
SC8 16.12.2018 11:00 Winter day with snow and clouds;FS2_GIS_TIME;45;2018-12-16 11:45:00;False;53,0;-236,58451214524803;-5,230270961547622;0,15964448753876412;0,026172699262136744;0,16177978632121118;0,15956656708648828;128,53478192026935;-0,15964448753876412;1,5211212240479366;-236,58451214524803;0,16177978632121118;0,15964448753876412;-0,15964448753876412;0,0;0,0
SC8 16.12.2018 11:00 Winter day with snow and clouds;FS2_GIS_TIME;60;2018-12-16 12:00:00;False;48,0;-203,97599001456965;-4,1183750816860405;0,15595557571199642;0,024945034266116023;0,15793997045116864;0,1558455632131683;105,55299622234485;-0,15595557571199642;1,517048137165543;-203,97599001456965;0,15793997045116864;0,15595557571199642;-0,15595557571199642;0,0;0,0
SC8 16.12.2018 11:00 Winter day with snow and clouds;FS2_GIS_TIME;75;2018-12-16 12:15:00;False;58,0;-240,92671712706078;-4,468251717856218;0,1515870347542389;0,023510024451751283;0,15332978983795445;0,15276183875326263;111,81884115562434;-0,1515870347542389;1,5214660795746817;-240,92671712706078;0,15332978983795445;0,1515870347542389;-0,1515870347542389;0,0;0,0
SC8 16.12.2018 11:00 Winter day with snow and clouds;FS2_GIS_TIME;90;2018-12-16 12:30:00;False;61,0;-242,7204315188072;-3,4302677102211243;0,14444461109542578;0,021250530645184982;0,14577561745773873;0,14693063078549382;97,43400410443743;-0,14444461109542578;1,5137218672954482;-242,7204315188072;0,14577561745773873;0,14444461109542578;-0,14444461109542578;0,0;0,0
SC8 16.12.2018 11:00 Winter day with snow and clouds;FS2_GIS_TIME;105;2018-12-16 12:45:00;False;62,0;-159,87521831895947;-1,9623450648745284;0,13499785768416486;0,018566300136857648;0,13625821126397356;0,13983361229252683;77,99021566603187;-0,13499785768416486;1,4977464103776559;-159,87521831895947;0,13625821126397356;0,13499785768416486;-0,13499785768416486;0,0;0,0
SC8 16.12.2018 11:00 Winter day with snow and clouds;FS2_GIS_TIME;120;2018-12-16 13:00:00;False;67,0;-136,109478484684;-2,220623647595672;0,1175283109981851;0,0141451657831023;0,11893345106866403;0,12369379312437771;78,57595204824295;-0,1175283109981851;1,4932119971450348;-136,109478484684;0,11893345106866403;0,1175283109981851;-0,1175283109981851;0,0;0,0
SC8 16.12.2018 11:00 Winter day with snow and clouds;FS2_GIS_TIME;135;2018-12-16 13:15:00;False;65,0;-137,9256789141923;-2,1175079393227523;0,11182566828553146;0,012792034794332496;0,11310187794343866;0,11713175082521196;85,60341406118862;-0,11182566828553146;1,4885931100014786;-137,9256789141923;0,11310187794343866;0,11182566828553146;-0,11182566828553146;0,0;0,0
SC8 16.12.2018 11:00 Winter day with snow and clouds;FS2_GIS_TIME;150;2018-12-16 13:30:00;False;72,0;-78,68100552999795;-1,8109859087540703;0,09553818177213344;0,009461320571694957;0,09726931978632809;0,09796789764739852;63,33781375379507;-0,09553818177213344;1,46228133053803;-78,68100552999795;0,09726931978632809;0,09553818177213344;-0,09553818177213344;0,0;0,0
SC8 16.12.2018 11:00 Winter day with snow and clouds;FS2_GIS_TIME;165;2018-12-16 13:45:00;False;80,0;-25,656617847880923;-0,6522553779789428;0,0727483584019529;0,005642033434763142;0,07511347039488418;0,07864140648719595;41,358526973925116;-0,0727483584019529;1,4034469836648995;-25,656617847880923;0,07511347039488418;0,0727483584019529;-0,0727483584019529;0,0;0,0
SC8 16.12.2018 11:00 Winter day with snow and clouds;FS2_GIS_TIME;180;2018-12-16 14:00:00;False;84,0;-43,95558631865138;-0,8633914534402516;0,06873220027071153;0,004928395414591849;0,07020253139732106;0,07512191612318486;47,370846416536445;-0,06873220027071153;1,4248079773318802;-43,95558631865138;0,07020253139732106;0,06873220027071153;-0,06873220027071153;0,0;0,0
SC8 16.12.2018 11:00 Winter day with snow and clouds;FS3_GIS_SENSOR_TIME;0;2018-12-16 11:00:00;False;46,0;-21,442567299484562;-5,688866373973371;0,059390015511879224;0,004961975219595517;0,07044128916761473;0,05157037754206742;27,358589958015713;-0,059017706139146246;1,3879776074643113;-21,442567299484562;0,07044128916761473;0,059390015511879224;-0,059017706139146246;0,0;0,0
SC8 16.12.2018 11:00 Winter day with snow and clouds;FS3_GIS_SENSOR_TIME;15;2018-12-16 11:15:00;False;39,0;-28,573510638612078;-7,266369119786589;0,06298739901746359;0,00544288474468284;0,07377590897225761;0,05285458079251385;23,84614612018023;-0,06262182542295819;1,397185743948915;-28,573510638612078;0,07377590897225761;0,06298739901746359;-0,06262182542295819;0,0;0,0
SC8 16.12.2018 11:00 Winter day with snow and clouds;FS3_GIS_SENSOR_TIME;30;2018-12-16 11:30:00;False;47,0;-38,55942943005004;-9,10700202586966;0,06624527664910565;0,005809218792166374;0,07621823136341051;0,060773301700511095;46,53580818176269;-0,06576493638309978;1,4063127118261896;-38,55942943005004;0,07621823136341051;0,06624527664910565;-0,06576493638309978;0,0;0,0
SC8 16.12.2018 11:00 Winter day with snow and clouds;FS3_GIS_SENSOR_TIME;45;2018-12-16 11:45:00;False;53,0;-55,148965257349296;-11,777832357139745;0,06968948403290244;0,006185462041660113;0,07864770843235111;0,07216097031939778;60,425759381396624;-0,06912188572484274;1,4125125939045813;-55,148965257349296;0,07864770843235111;0,06968948403290244;-0,06912188572484274;0,0;0,0
SC8 16.12.2018 11:00 Winter day with snow and clouds;FS3_GIS_SENSOR_TIME;60;2018-12-16 12:00:00;False;48,0;-46,86271595906051;-9,152636956230129;0,06828375786635692;0,005824765571730024;0,07632015180625641;0,06606899905620249;51,47668423269565;-0,06774375679728144;1,4149367514020372;-46,86271595906051;0,07632015180625641;0,06828375786635692;-0,06774375679728144;0,0;0,0
SC8 16.12.2018 11:00 Winter day with snow and clouds;FS3_GIS_SENSOR_TIME;75;2018-12-16 12:15:00;False;58,0;-82,41902221916583;-15,301381866373227;0,08116552241837484;0,008106517855503126;0,09003620302691093;0,08670243474221072;70,61431826546293;-0,08076123733687723;1,435187749580123;-82,41902221916583;0,09003620302691093;0,08116552241837484;-0,08076123733687723;0,0;0,0
SC8 16.12.2018 11:00 Winter day with snow and clouds;FS3_GIS_SENSOR_TIME;90;2018-12-16 12:30:00;False;61,0;-74,1245967913202;-14,001348258932634;0,07296045822688463;0,006550281961887642;0,08093381222880609;0,07971286449627868;53,188828329177454;-0,0724035965024381;1,4201252796973824;-74,1245967913202;0,08093381222880609;0,07296045822688463;-0,0724035965024381;0,0;0,0
SC8 16.12.2018 11:00 Winter day with snow and clouds;FS3_GIS_SENSOR_TIME;105;2018-12-16 12:45:00;False;62,0;-52,122870959482896;-9,061814103505867;0,07111436609797668;0,006130808564995007;0,0782994799790842;0,07560709730019124;44,669205056500275;-0,07049534675101948;1,4006297116814779;-52,122870959482896;0,0782994799790842;0,07111436609797668;-0,07049534675101948;0,0;0,0
SC8 16.12.2018 11:00 Winter day with snow and clouds;FS3_GIS_SENSOR_TIME;120;2018-12-16 13:00:00;False;67,0;-45,19674902222819;-7,343826578451591;0,06300370817833226;0,004765977383779361;0,0690360585765103;0,06304886801242829;41,65641939163415;-0,0624913618097783;1,4120703922587228;-45,19674902222819;0,0690360585765103;0,06300370817833226;-0,0624913618097783;0,0;0,0
SC8 16.12.2018 11:00 Winter day with snow and clouds;FS3_GIS_SENSOR_TIME;135;2018-12-16 13:15:00;False;65,0;-47,27948392102461;-8,494384546506009;0,0601971509742932;0,004445490876827893;0,06667451444763503;0,06179383875985953;45,963273334486686;-0,05976005745722351;1,408201329031676;-47,27948392102461;0,06667451444763503;0,0601971509742932;-0,05976005745722351;0,0;0,0
SC8 16.12.2018 11:00 Winter day with snow and clouds;FS3_GIS_SENSOR_TIME;150;2018-12-16 13:30:00;False;72,0;-33,20530879291872;-5,531714706939864;0,05781272843736648;0,004061537496810109;0,06373019297640727;0,05915840189391462;38,41109487524336;-0,05732330990529796;1,389056951924562;-33,20530879291872;0,06373019297640727;0,05781272843736648;-0,05732330990529796;0,0;0,0
SC8 16.12.2018 11:00 Winter day with snow and clouds;FS3_GIS_SENSOR_TIME;165;2018-12-16 13:45:00;False;80,0;-16,052596906836587;-2,642576664979856;0,053818798908479515;0,00360928466045286;0,06007732234756189;0,05933157159731943;30,10156711727775;-0,05327580510035031;1,3505754692364462;-16,052596906836587;0,06007732234756189;0,053818798908479515;-0,05327580510035031;0,0;0,0
SC8 16.12.2018 11:00 Winter day with snow and clouds;FS3_GIS_SENSOR_TIME;180;2018-12-16 14:00:00;False;84,0;-19,59212146539322;-5,117986754215117;0,04053621096616117;0,002257475106373094;0,047512894106474864;0,03459924266662376;25,069515117162528;-0,039834305014742846;1,3387336679457265;-19,59212146539322;0,047512894106474864;0,04053621096616117;-0,039834305014742846;0,0;0,0
SC8 16.12.2018 11:00 Winter day with snow and clouds;FS4_SEV4_TIME;0;2018-12-16 11:00:00;True;46,0;-34,950605477264475;-1,6222191473142966;0,0858416725386293;0,00794855646981788;0,08915467721784359;0,09214613659293566;56,3631253624439;-0,0858416725386293;1,4175431133552794;-34,950605477264475;0,08915467721784359;0,0858416725386293;-0,0858416725386293;0,0;0,0
SC8 16.12.2018 11:00 Winter day with snow and clouds;FS4_SEV4_TIME;15;2018-12-16 11:15:00;True;39,0;-41,547011323652875;-1,6685460195033244;0,0856707060523907;0,007830604952359032;0,08849070545746052;0,08814534050157176;41,877727940019085;-0,0856707060523907;1,4289729479734008;-39,55290307114178;0,08639211429534507;0,08507265215076723;-0,08507265215076723;0,01700693707048068;0,014988713539563693
SC8 16.12.2018 11:00 Winter day with snow and clouds;FS4_SEV4_TIME;30;2018-12-16 11:30:00;True;47,0;-53,95679311396942;-2,4370528822801916;0,08698025760181359;0,008070289180469276;0,08983478825304414;0,08844740010962505;66,8325322152988;-0,08698025760181359;1,437308569968543;-39,65404302320643;0,0772655194125506;0,075778468672899;-0,075778468672899;0,020352197786185418;0,0171544223706773
SC8 16.12.2018 11:00 Winter day with snow and clouds;FS4_SEV4_TIME;45;2018-12-16 11:45:00;True;53,0;-74,87322449820053;-2,4910693449264603;0,0892957829184118;0,008358318767958912;0,09142384135420537;0,09500944328692171;77,1227497401616;-0,0892957829184118;1,4597946307871283;-74,60925252048672;0,09126466557348649;0,08943307968726605;-0,08943307968726605;0,009362912609352793;0,0072781772546048435
SC8 16.12.2018 11:00 Winter day with snow and clouds;FS4_SEV4_TIME;60;2018-12-16 12:00:00;True;48,0;-68,2962327113172;-2,4847505883435814;0,08949347910903001;0,008433167706001514;0,09183228030492063;0,09587946303347597;66,79643809702372;-0,08949347910903001;1,4491146837266289;-85,59050082432431;0,10265395394544753;0,09968356787658834;-0,09968356787658834;0,024580621348901925;0,014450893271714449
SC8 16.12.2018 11:00 Winter day with snow and clouds;FS4_SEV4_TIME;75;2018-12-16 12:15:00;True;58,0;-86,74325614318772;-3,069701336104635;0,09017346004734741;0,008526739509796289;0,09234034605629486;0,09571075607727345;69,28008021101466;-0,09017346004734741;1,4705659295424154;-106,1654923199723;0,10204978780699003;0,10013134984881676;-0,10013134984881676;0,024766638723166503;0,017692623467280948
SC8 16.12.2018 11:00 Winter day with snow and clouds;FS4_SEV4_TIME;90;2018-12-16 12:30:00;True;61,0;-94,18664123470931;-2,660427031961621;0,08933294880919895;0,008299536579535095;0,09110179240572105;0,09312079833759065;62,242640314730664;-0,08933294880919895;1,4712648584701626;-106,19282296419206;0,09667669043015725;0,09541828819319977;-0,09541828819319977;0,018211876677689837;0,011367491278492037
SC8 16.12.2018 11:00 Winter day with snow and clouds;FS4_SEV4_TIME;105;2018-12-16 12:45:00;True;62,0;-66,75512971076022;-2,173132144609435;0,08633240625750502;0,007819489460008657;0,08842787716556728;0,09129203217355185;52,60942346297489;-0,08633240625750502;1,450342854012238;-98,52383803012576;0,10717208174363439;0,10419274483003792;-0,10419274483003792;0,029864499113548847;0,020137548206313964
SC8 16.12.2018 11:00 Winter day with snow and clouds;FS4_SEV4_TIME;120;2018-12-16 13:00:00;True;67,0;-71,83838441244643;-1,715129037578825;0,08505528735093723;0,007514513469632089;0,08668629343576809;0,08869772244940753;59,48452347098832;-0,08505528735093723;1,4668242184733238;-100,77432368569053;0,10246826764387572;0,10060452223004308;-0,10060452223004308;0,020898060453133603;0,016526692338399034
SC8 16.12.2018 11:00 Winter day with snow and clouds;FS4_SEV4_TIME;135;2018-12-16 13:15:00;True;65,0;-70,97752970372333;-1,9715493932130435;0,07971167167892476;0,00662756569970643;0,08140986242284426;0,08000483702628988;63,17562018158431;-0,07971167167892476;1,4598986502134699;-107,78765927755771;0,10008485591760082;0,09757543153588241;-0,09757543153588241;0,02369773085882327;0,01850499166892125
SC8 16.12.2018 11:00 Winter day with snow and clouds;FS4_SEV4_TIME;150;2018-12-16 13:30:00;True;72,0;-42,707312480713945;-0,7823018072353802;0,0705561811744843;0,005189805173224065;0,07204030242318576;0,07308189204147258;48,713547511515145;-0,0705561811744843;1,433312076806841;-70,15513577086368;0,09191821915792141;0,09108395036505401;-0,09108395036505401;0,0229797721999584;0,020527769190569718
SC8 16.12.2018 11:00 Winter day with snow and clouds;FS4_SEV4_TIME;165;2018-12-16 13:45:00;True;80,0;-16,993160746557994;0,0013599222608144945;0,05997493205919735;0,0038083606520704248;0,06171191661316658;0,06454363141637623;35,63701755541202;-0,05997493205919735;1,3885327880338436;-32,12865637598697;0,08373696496168989;0,08228589160695546;-0,08228589160695546;0,02487278368365812;0,0223109595477581
SC8 16.12.2018 11:00 Winter day with snow and clouds;FS4_SEV4_TIME;180;2018-12-16 14:00:00;True;84,0;-25,642328533876714;-0,2576881371916655;0,05275291310048304;0,0029207477987208815;0,05404394321957717;0,057257252938696726;36,94031100602661;-0,05275291310048304;1,3909192103664565;-47,48604808586305;0,07290701764964044;0,07199232722900226;-0,07199232722900226;0,020100534586099936;0,01923941412851924
SC8 16.12.2018 11:00 Winter day with snow and clouds;FS5_SEV4_GIS_TIME;0;2018-12-16 11:00:00;True;46,0;-21,085604322285366;-4,082159923948489;0,06320925346498785;0,004883051920690399;0,06987883743087316;0,06061307915894114;39,49606057184885;-0,061313976096486866;1,3937123355605272;-21,085604322285366;0,06987883743087316;0,06320925346498785;-0,061313976096486866;0,0;0,0
SC8 16.12.2018 11:00 Winter day with snow and clouds;FS5_SEV4_GIS_TIME;15;2018-12-16 11:15:00;True;39,0;-30,384378540785697;-3,8936611030863997;0,07000837808644587;0,005776167640982201;0,07600110289319624;0,06537832850569486;31,839077693837243;-0,06982484624702988;1,402973766832547;-31,278397129833245;0,07707598937428833;0,06848716921366606;-0,0677144630363739;0,02099899574918048;0,017961153473991614
SC8 16.12.2018 11:00 Winter day with snow and clouds;FS5_SEV4_GIS_TIME;30;2018-12-16 11:30:00;True;47,0;-40,07003083764165;-7,018239399330691;0,07016946633936837;0,00603104742344052;0,07765981859005672;0,06482656636031892;52,14247056205879;-0,06966768171717463;1,4121993688445909;-33,051572295218776;0,07071351770650147;0,06365748592925792;-0,0629351926555337;0,019707363770834308;0,01806141580752236
SC8 16.12.2018 11:00 Winter day with snow and clouds;FS5_SEV4_GIS_TIME;45;2018-12-16 11:45:00;True;53,0;-49,59129952040423;-8,01814215789113;0,06848606393536694;0,005573220474989226;0,07465400508337933;0,06520678040942529;55,00614687291773;-0,06767397693367407;1,4342232157684953;-61,94203493607631;0,08326942855214874;0,07884502252832161;-0,07770623066014745;0,01544975720617237;0,013045648358902841
SC8 16.12.2018 11:00 Winter day with snow and clouds;FS5_SEV4_GIS_TIME;60;2018-12-16 12:00:00;True;48,0;-43,36851666844888;-7,548223733683079;0,06691520076944199;0,0053995307867644796;0,07348149962245246;0,06617560990832072;44,46070455046794;-0,06602450025078758;1,4197968014265865;-68,21516054000249;0,09177854562916268;0,08705704009083426;-0,08590027064671968;0,031895832204292554;0,024613314269421
SC8 16.12.2018 11:00 Winter day with snow and clouds;FS5_SEV4_GIS_TIME;75;2018-12-16 12:15:00;True;58,0;-49,58244292103211;-9,085084393837372;0,06360873039764131;0,004915515260260442;0,07011073569903857;0,06188088963012388;47,14452315491734;-0,062733276765192;1,4312429458670068;-74,10422552708114;0,08543125972948266;0,0769562352757409;-0,0769562352757409;0,03257894444515253;0,026625787164887477
SC8 16.12.2018 11:00 Winter day with snow and clouds;FS5_SEV4_GIS_TIME;90;2018-12-16 12:30:00;True;61,0;-39,17917549582406;-7,468345691791734;0,05376790690504602;0,003503312360196553;0,059188785763829896;0,0530398462082005;37,79403329703242;-0,05258268080131078;1,3901454551637042;-53,11852521280109;0,06869290722188587;0,06343135052049234;-0,06251522082253684;0,021874336572759504;0,014808845843692294
SC8 16.12.2018 11:00 Winter day with snow and clouds;FS5_SEV4_GIS_TIME;105;2018-12-16 12:45:00;True;62,0;-21,0505112719796;-5,178786883184044;0,04514647521112644;0,002544807178660952;0,050446081896029865;0,044271716072914316;26,234078534934334;-0,04279865938336488;1,3484756656365249;-46,81347238496246;0,07428365275892677;0,06606375835132944;-0,0652226968014227;0,03059583488914316;0,023491836363269437
SC8 16.12.2018 11:00 Winter day with snow and clouds;FS5_SEV4_GIS_TIME;120;2018-12-16 13:00:00;True;67,0;-18,245743833751416;-4,973761554564035;0,03929474410877573;0,0019855245615126665;0,04455922532442262;0,038940688775431734;26,97879572709267;-0,03700310584727126;1,340633311470897;-47,45331594091419;0,07070205439005131;0,06430650600167594;-0,06415463954168087;0,031726232921175705;0,02715153369440961
SC8 16.12.2018 11:00 Winter day with snow and clouds;FS5_SEV4_GIS_TIME;135;2018-12-16 13:15:00;True;65,0;-15,51476378482971;-4,485806713198038;0,03430942889824736;0,0015206507148776104;0,03899552172849609;0,036666173034525934;28,898144734400425;-0,03186733715909831;1,2954646196033095;-52,38150633859312;0,07010903097253374;0,0625468624344434;-0,061318753420019356;0,03650592142880141;0,029589728380625065
SC8 16.12.2018 11:00 Winter day with snow and clouds;FS5_SEV4_GIS_TIME;150;2018-12-16 13:30:00;True;72,0;-4,004341623721405;-2,422278401173259;0,019820684594079263;0,0005942153972251197;0,02437653374097966;0,017603922632877904;13,197575764194228;-0,013705989451342894;1,1273393351608738;-21,820824944426924;0,052055203140076174;0,04743905244576016;-0,04603867170906803;0,034375360399963494;0,032332682257725134
SC8 16.12.2018 11:00 Winter day with snow and clouds;FS5_SEV4_GIS_TIME;165;2018-12-16 13:45:00;True;80,0;-0,5750856556133397;-0,5748983929460736;0,013692139241658222;0,0003333763488788858;0,018258596574733936;0,010684578113983852;5,223134612786363;0,0001990860854101918;1,0519876001990198;-10,662300388384011;0,04968295476627976;0,046257390515812236;-0,04541623801320664;0,046924089544708746;0,045615324098616836
SC8 16.12.2018 11:00 Winter day with snow and clouds;FS5_SEV4_GIS_TIME;180;2018-12-16 14:00:00;True;84,0;-1,6216568153929436;-1,5825481741004017;0,013397288558052037;0,0002874072498139239;0,016953089683415346;0,011539015224811053;7,171820994656372;-0,002070605214257196;1,0573537820379972;-25,555031059006662;0,05395532914000435;0,04959931821794853;-0,048891098629255246;0,047948104077636555;0,046820493414998055
SC8 16.12.2018 11:00 Winter day with snow and clouds;FS6_SEV4_GIS_SENSOR_TIME;0;2018-12-16 11:00:00;True;46,0;-7,92012648097632;-1,0616556574452982;0,03983846203213518;0,001972209594544864;0,044409566475533895;0,040276534226280455;20,81938992524372;-0,03894078258090072;1,322958465897426;-7,92012648097632;0,044409566475533895;0,03983846203213518;-0,03894078258090072;0,0;0,0
SC8 16.12.2018 11:00 Winter day with snow and clouds;FS6_SEV4_GIS_SENSOR_TIME;15;2018-12-16 11:15:00;True;39,0;-11,796542416896987;-1,6613571285449513;0,04393166403193166;0,0023551517557972366;0,048529905788052344;0,04298225812117262;19,151888582932102;-0,04318957935881181;1,3283538522392857;-13,171575587377015;0,05107074540833741;0,04418438390496875;-0,04323137520555528;0,010193386230209933;0,0062431402695484655
SC8 16.12.2018 11:00 Winter day with snow and clouds;FS6_SEV4_GIS_SENSOR_TIME;30;2018-12-16 11:30:00;True;47,0;-13,500324832182574;-2,7336872954032816;0,04064374425959673;0,0021293421245263187;0,04614479520516175;0,03740159760921377;23,175620408608896;-0,039762520273314665;1,3368309722018898;-13,892483518504397;0,046764621250054386;0,040617717817017;-0,03967301391223596;0,004554123722230251;0,003715241050466578
SC8 16.12.2018 11:00 Winter day with snow and clouds;FS6_SEV4_GIS_SENSOR_TIME;45;2018-12-16 11:45:00;True;53,0;-17,80349508962446;-4,5604514744588585;0,039464434697590985;0,0020714238382548095;0,045512897493510666;0,033506087279319766;24,942760101101566;-0,038195227321925214;1,352327355218869;-20,26557959094007;0,0484009411304099;0,042170701777808024;-0,04117317068610458;0,00569235638118506;0,0045724440858049215
SC8 16.12.2018 11:00 Winter day with snow and clouds;FS6_SEV4_GIS_SENSOR_TIME;60;2018-12-16 12:00:00;True;48,0;-16,736356842299383;-3,702569812139644;0,04095045170010319;0,002158467580304266;0,0464593110183983;0,03672250948018578;23,277092660210737;-0,03982684155426527;1,3460917833100468;-22,121401685366642;0,053045388615343206;0,04656567086350114;-0,04565498775613413;0,013578813741438182;0,008243711975713571
SC8 16.12.2018 11:00 Winter day with snow and clouds;FS6_SEV4_GIS_SENSOR_TIME;75;2018-12-16 12:15:00;True;58,0;-16,183539148161387;-4,763843037377065;0,03426561163821057;0,0016698669346582545;0,040864005367294266;0,027800930567820445;19,4914645412192;-0,03331285832518096;1,3428556005498518;-24,19999082617143;0,0494862808581677;0,04129210608676549;-0,040617025122087196;0,013277360434779435;0,008926834911108017
SC8 16.12.2018 11:00 Winter day with snow and clouds;FS6_SEV4_GIS_SENSOR_TIME;90;2018-12-16 12:30:00;True;61,0;-16,31196961959679;-5,037139558068571;0,03249050032160862;0,001509469430351653;0,03885189094949759;0,028757696795463562;17,858231216924594;-0,031354069942745304;1,3064800054670531;-23,489178389840657;0,0462089422994861;0,03848977855950511;-0,037708080194447165;0,01172641125175166;0,008157029259400289
SC8 16.12.2018 11:00 Winter day with snow and clouds;FS6_SEV4_GIS_SENSOR_TIME;105;2018-12-16 12:45:00;True;62,0;-9,827715710155115;-3,403565407708289;0,028927573424895135;0,0012496058856792658;0,03534976500175448;0,02559885075122722;13,10753559938897;-0,02722864034202659;1,2510766002620468;-19,704517156419925;0,04888219084184095;0,039065639516699315;-0,038094069878496124;0,017193238747743093;0,011261765815077289
SC8 16.12.2018 11:00 Winter day with snow and clouds;FS6_SEV4_GIS_SENSOR_TIME;120;2018-12-16 13:00:00;True;67,0;-9,238486517082006;-2,979941536976813;0,026751825223538615;0,0010562733572672767;0,03250035934058694;0,02096661037145813;13,776071977044031;-0,025410134880868098;1,2720397108964385;-17,329968014033906;0,04348616756519952;0,03655193887904783;-0,035951563373008505;0,016356959622933737;0,010583514709081223
SC8 16.12.2018 11:00 Winter day with snow and clouds;FS6_SEV4_GIS_SENSOR_TIME;135;2018-12-16 13:15:00;True;65,0;-8,946195641898669;-2,913073355956252;0,024785964194727214;0,0009158283890841457;0,030262656675912405;0,019258680909107907;14,602302019906606;-0,023569459113796144;1,244831462876337;-22,87899346520567;0,04689068319665014;0,038769452454430905;-0,03803703560379489;0,02239352981956994;0,014467576489998744
SC8 16.12.2018 11:00 Winter day with snow and clouds;FS6_SEV4_GIS_SENSOR_TIME;150;2018-12-16 13:30:00;True;72,0;-5,36655786500861;-2,0096744128450674;0,022343783158834687;0,0007559649190974994;0,027494816222289966;0,01738851820954343;10,421803777065897;-0,019964875551860273;1,1973752948660699;-11,936572819532595;0,039192962733551925;0,031373733653529606;-0,03044186149815791;0,015451413667086876;0,010476985946297646
SC8 16.12.2018 11:00 Winter day with snow and clouds;FS6_SEV4_GIS_SENSOR_TIME;165;2018-12-16 13:45:00;True;80,0;-2,0565533736224215;-0,9600793310995681;0,020347849270178974;0,0006469378984058433;0,02543497392186285;0,015347184921084594;8,102509827716313;-0,015234018623380589;1,179546197860498;-6,047845673159081;0,03862277709332805;0,03291731767280942;-0,03197723184108607;0,02149878859012124;0,016748813819140194
SC8 16.12.2018 11:00 Winter day with snow and clouds;FS6_SEV4_GIS_SENSOR_TIME;180;2018-12-16 14:00:00;True;84,0;-4,985457064665931;-2,2471669720343974;0,020633987925794222;0,0006561742725952927;0,025615898824661466;0,017558525128608636;10,685767738810968;-0,017326094024342313;1,1872834132172165;-16,341236008323122;0,04360145315785826;0,03622782941716174;-0,03557744914090833;0,021959626558268157;0,01825135511656602
SC8 16.12.2018 11:00 Winter day with snow and clouds;FS7_SEV12_TIME;0;2018-12-16 11:00:00;True;46,0;-21,73587400955457;-2,152478898817514;0,06685179489585683;0,005026824334569182;0,07090010108997859;0,0722366603229955;43,846913865709034;-0,06580138283730229;1,3827346433795018;-21,73587400955457;0,07090010108997859;0,06685179489585683;-0,06580138283730229;0,0;0,0
SC8 16.12.2018 11:00 Winter day with snow and clouds;FS7_SEV12_TIME;15;2018-12-16 11:15:00;True;39,0;-26,833337522186476;-2,313015099405278;0,06788559849970487;0,005122612937110095;0,07157243140420824;0,07113097595446044;35,02844162307877;-0,06717786792337158;1,380883207871441;-19,614083423551996;0,06159495504068156;0,05960700935618263;-0,05960700935618263;0,02444765325128515;0,022214888380124018
SC8 16.12.2018 11:00 Winter day with snow and clouds;FS7_SEV12_TIME;30;2018-12-16 11:30:00;True;47,0;-36,78474168591703;-2,5976310571495187;0,07085411141844458;0,005548609639254438;0,0744889900539297;0,07399586061737498;54,681329245029914;-0,07085411141844458;1,3948761163408092;-18,048119381559335;0,052888336749147044;0,04953968162549254;-0,04953968162549254;0,03081358784595726;0,024972278704034522
SC8 16.12.2018 11:00 Winter day with snow and clouds;FS7_SEV12_TIME;45;2018-12-16 11:45:00;True;53,0;-45,63656962242305;-2,3130214841183627;0,06908395668166895;0,0051375609475720375;0,0716767810910342;0,07318753681182862;62,45891895764027;-0,06908395668166895;1,4198297439070815;-42,74365200006136;0,06941809851012715;0,06629089961557925;-0,06629089961557925;0,01352570886906519;0,010115080565776466
SC8 16.12.2018 11:00 Winter day with snow and clouds;FS7_SEV12_TIME;60;2018-12-16 12:00:00;True;48,0;-36,889040855790526;-2,1561676853058973;0,06501460245621309;0,004610995767800824;0,06790431332250423;0,0663276407245277;49,896492675315294;-0,06501460245621309;1,3978861138759784;-45,08193780683034;0,0748869120360164;0,07207511207361328;-0,07184111838660741;0,01711122991487465;0,013395428967972597
SC8 16.12.2018 11:00 Winter day with snow and clouds;FS7_SEV12_TIME;75;2018-12-16 12:15:00;True;58,0;-42,31177202075066;-1,4552814888571532;0,06301082325653745;0,00420896390174935;0,0648765281265062;0,06648929228300499;49,90054291151693;-0,06301082325653745;1,4237433267577568;-52,69916001324084;0,07223844194616655;0,06990699227774928;-0,06990699227774928;0,021497771534756918;0,01524907658840048
SC8 16.12.2018 11:00 Winter day with snow and clouds;FS7_SEV12_TIME;90;2018-12-16 12:30:00;True;61,0;-36,083174271854475;-2,1764363990352846;0,05437282838139504;0,003233365074786388;0,05686268613762797;0,055866177098370384;41,93450150189241;-0,05437282838139504;1,383640602977049;-33,83605741655335;0,05511291971926422;0,053564225419057476;-0,053564225419057476;0,02245110343387824;0,018473490828373393
SC8 16.12.2018 11:00 Winter day with snow and clouds;FS7_SEV12_TIME;105;2018-12-16 12:45:00;True;62,0;-24,84004509283512;-2,046381841627499;0,051323676909245435;0,002982150002695427;0,05460906520620388;0,053403315874563345;34,646929699613615;-0,051289111145156656;1,348782814385454;-25,791879165388483;0,05560574921631735;0,05388160627703381;-0,05388160627703381;0,021211489733794373;0,016684850617762533
SC8 16.12.2018 11:00 Winter day with snow and clouds;FS7_SEV12_TIME;120;2018-12-16 13:00:00;True;67,0;-22,681692805085596;-1,863752686440344;0,04634353510882046;0,0024431678572087653;0,049428411437236836;0,04925875343900903;34,47540890253192;-0,04634353510882046;1,3560512989997802;-28,935283901356875;0,05557276072700018;0,05257376197961346;-0,05257376197961346;0,022177785169347868;0,01629992007319607
SC8 16.12.2018 11:00 Winter day with snow and clouds;FS7_SEV12_TIME;135;2018-12-16 13:15:00;True;65,0;-21,74362927073191;-2,433071560399895;0,04226367514257049;0,0020941938110685754;0,045762362385136715;0,047114144673041286;37,46766258675136;-0,04216731619476926;1,3250051071257003;-40,89950169219257;0,06211306797993122;0,05820700657009732;-0,05820700657009732;0,02780495337882486;0,020857095947632423
SC8 16.12.2018 11:00 Winter day with snow and clouds;FS7_SEV12_TIME;150;2018-12-16 13:30:00;True;72,0;-10,153417569384477;-1,44740748624038;0,0327870244267061;0,0013243565187464076;0,036391709478209563;0,033948091871490796;26,697285083602196;-0,03215200485236188;1,2599031492795005;-17,251212532987672;0,04655264237772187;0,04460964327715086;-0,04458920461217636;0,022665720035984455;0,018205930582351156
SC8 16.12.2018 11:00 Winter day with snow and clouds;FS7_SEV12_TIME;165;2018-12-16 13:45:00;True;80,0;-3,8939216549108986;-0,6930975661362093;0,028851048915426725;0,0010358279419275108;0,03218428097577311;0,030528513508030364;19,37887865620049;-0,02602832423850767;1,228225690657196;-8,169303792400532;0,04405381114222919;0,04113863072941628;-0,04103774609371893;0,026054190039498035;0,020747416839003562
SC8 16.12.2018 11:00 Winter day with snow and clouds;FS7_SEV12_TIME;180;2018-12-16 14:00:00;True;84,0;-4,891900534974502;-1,457135619346135;0,021343801261975034;0,0006459178482063827;0,02541491389334976;0,021101359546476864;18,731149183559275;-0,019404812397096;1,0878345188659986;-20,36313748214888;0,048394215828757935;0,04661018702114396;-0,04661018702114396;0,03318929653969094;0,02889128313178108
SC8 16.12.2018 11:00 Winter day with snow and clouds;FS8_SEV12_GIS_TIME;0;2018-12-16 11:00:00;True;46,0;-20,20127879029345;-2,781807273352576;0,06293226051338707;0,004687530556434524;0,06846554284042831;0,05648823710823509;39,96067126325117;-0,062059534676263135;1,3865948239882158;-20,20127879029345;0,06846554284042831;0,06293226051338707;-0,062059534676263135;0,0;0,0
SC8 16.12.2018 11:00 Winter day with snow and clouds;FS8_SEV12_GIS_TIME;15;2018-12-16 11:15:00;True;39,0;-20,829959701657693;-2,0582229499446774;0,058778074570535355;0,004017715586395802;0,06338545248237802;0,05605191499810258;26,917765198037767;-0,058778074570535355;1,3764441569958532;-25,331358916991658;0,06961450900286692;0,060687110692240184;-0,05991581362988349;0,02547811230643744;0,022907026553860843
SC8 16.12.2018 11:00 Winter day with snow and clouds;FS8_SEV12_GIS_TIME;30;2018-12-16 11:30:00;True;47,0;-25,915405170670777;-4,966344610476811;0,05624117649371913;0,003952470492343875;0,06286867655950676;0,05199484120815176;39,484731424858836;-0,0554646316820632;1,388650156834138;-20,71696922186989;0,05647203852608902;0,04841271123052237;-0,04718629645540311;0,019903783917831083;0,017105882670334045
SC8 16.12.2018 11:00 Winter day with snow and clouds;FS8_SEV12_GIS_TIME;45;2018-12-16 11:45:00;True;53,0;-28,521546017931986;-5,042245347230035;0,05159632889822231;0,0032521418955470346;0,05702755382748794;0,04804768655452906;38,62434386722344;-0,050857823830504655;1,396434504504688;-39,53023981997084;0,0668197399589155;0,06189648156972813;-0,0609767356464876;0,016273873859308337;0,013215657077589125
SC8 16.12.2018 11:00 Winter day with snow and clouds;FS8_SEV12_GIS_TIME;60;2018-12-16 12:00:00;True;48,0;-24,13455099054521;-4,548450189305177;0,04980983912079301;0,003058808183719591;0,05530649314248365;0,04674928151598541;32,92898376185013;-0,04882188559941555;1,374368602427608;-41,95199409844629;0,07229898856456025;0,06835874486171967;-0,06805109759913985;0,029941231095923327;0,022941789434601862
SC8 16.12.2018 11:00 Winter day with snow and clouds;FS8_SEV12_GIS_TIME;75;2018-12-16 12:15:00;True;58,0;-25,343905538109077;-4,767891677534885;0,04587873961137869;0,0025600556677263875;0,050596992674727094;0,04329412594064776;31,92992091448056;-0,04471623668130063;1,3889971564288563;-48,64953884710133;0,0694611923197801;0,06398168067432237;-0,06363499115000473;0,03022821079367158;0,022664005386418308
SC8 16.12.2018 11:00 Winter day with snow and clouds;FS8_SEV12_GIS_TIME;90;2018-12-16 12:30:00;True;61,0;-20,778653171093083;-5,072855407505572;0,0383960693858977;0,0018989295798430225;0,043576709144255286;0,03877754373550415;26,486162651987247;-0,03700572532065705;1,3134270447645948;-39,254086073644224;0,05924393624131241;0,0512439362347334;-0,0512439362347334;0,02613297777298531;0,018526181761847168
SC8 16.12.2018 11:00 Winter day with snow and clouds;FS8_SEV12_GIS_TIME;105;2018-12-16 12:45:00;True;62,0;-11,629022335578064;-3,5247027364425456;0,03320059199673354;0,0014574912256065482;0,03817710342085356;0,03255145938879659;18,31202043671163;-0,030582739710883388;1,2753171949448727;-31,334674619727352;0,061087500600164844;0,05377794808696124;-0,05248827938839182;0,031453863319242464;0,02285191723175587
SC8 16.12.2018 11:00 Winter day with snow and clouds;FS8_SEV12_GIS_TIME;120;2018-12-16 13:00:00;True;67,0;-7,048231261867647;-2,5241784860102214;0,024875527177119803;0,0008303114176937193;0,02881512480788031;0,023645142564715286;15,945113678328463;-0,021603997220322014;1,2469253368853888;-27,51577935318196;0,054239153659366345;0,04855332220588431;-0,04777112762387627;0,03120083719034122;0,026569276269692094
SC8 16.12.2018 11:00 Winter day with snow and clouds;FS8_SEV12_GIS_TIME;135;2018-12-16 13:15:00;True;65,0;-6,923787057551963;-3,002402417967577;0,02302131046782296;0,0007296085254742017;0,02701126663957471;0,022582044867837457;17,11025403386599;-0,019001954496912058;1,2026688061619253;-39,0419514594565;0,06072061610725768;0,05508398870204163;-0,054317429135484166;0,04014766899927144;0,035315474638572104
SC8 16.12.2018 11:00 Winter day with snow and clouds;FS8_SEV12_GIS_TIME;150;2018-12-16 13:30:00;True;72,0;-1,9624098063262805;-1,9334634211944115;0,01417401426273836;0,00035175646511932814;0,018755171689945366;0,010308666315532782;6,448900780538864;0,0018539398682110115;1,0661857012896852;-16,948167247841504;0,04616454183560272;0,0420673002264009;-0,04084196987032964;0,04478494477108232;0,04269590973854065
SC8 16.12.2018 11:00 Winter day with snow and clouds;FS8_SEV12_GIS_TIME;165;2018-12-16 13:45:00;True;80,0;-0,7624341016386975;-0,39259423726858866;0,0142584334086297;0,0003730297738729353;0,019313978716798238;0,010900408029374396;4,466509447699352;0,008847532473952844;1,058749733364776;-11,128924335880246;0,05066714673507144;0,04805206942874939;-0,046703944302647044;0,056958506610964334;0,055551476776599884
SC8 16.12.2018 11:00 Winter day with snow and clouds;FS8_SEV12_GIS_TIME;180;2018-12-16 14:00:00;True;84,0;-2,182576527628852;-1,5049036978607622;0,013960818725042769;0,0003488998108972771;0,01867885999993782;0,010449561908118351;5,992301145585854;0,008619279742136728;1,0812669712844067;-28,18622205256737;0,056565272086651866;0,05322520635278015;-0,05285553305145305;0,06263686185056813;0,061474812793589774
SC8 16.12.2018 11:00 Winter day with snow and clouds;FS9_SEV12_GIS_SENSOR_TIME;0;2018-12-16 11:00:00;True;46,0;-6,499437631228226;-0,6392060085950826;0,03635121681193012;0,0016581001268919538;0,04071977562428302;0,037130609749375355;20,130382878776626;-0,03599551721262569;1,2927339034403809;-6,499437631228226;0,04071977562428302;0,03635121681193012;-0,03599551721262569;0,0;0,0
SC8 16.12.2018 11:00 Winter day with snow and clouds;FS9_SEV12_GIS_SENSOR_TIME;15;2018-12-16 11:15:00;True;39,0;-8,623554193800057;-0,9345579541527183;0,03784781182641064;0,0017711761363452773;0,042085343486126824;0,0376701929427641;16,697793363027294;-0,03761819489831369;1,288750686323852;-9,246853468891697;0,0434268562197019;0,038305046889144316;-0,03789709057139305;0,0062752403638709296;0,004365227352350186
SC8 16.12.2018 11:00 Winter day with snow and clouds;FS9_SEV12_GIS_SENSOR_TIME;30;2018-12-16 11:30:00;True;47,0;-10,462348853302021;-2,080684632648171;0,03547977347973139;0,0016832217582589274;0,041027085666166044;0,036278234029052274;18,98313481124046;-0,035083182812370675;1,3107371046703924;-10,19612078278957;0,040547832587005186;0,03396829955771208;-0,03341581864876902;0,0050817315707197466;0,004104737588699827
SC8 16.12.2018 11:00 Winter day with snow and clouds;FS9_SEV12_GIS_SENSOR_TIME;45;2018-12-16 11:45:00;True;53,0;-12,765486343452539;-3,8318961587371065;0,03215793272536551;0,0015164285374123017;0,03894134740108901;0,030578390502244514;18,276388371123534;-0,0313709887798093;1,2937102417918958;-13,35771425205033;0,039770206618685744;0,03266983755285336;-0,03142149556279089;0,006056378312417889;0,004127231127810928
SC8 16.12.2018 11:00 Winter day with snow and clouds;FS9_SEV12_GIS_SENSOR_TIME;60;2018-12-16 12:00:00;True;48,0;-11,78346954426554;-3,109612431493857;0,03299962617201896;0,001555714334146591;0,039442544721995196;0,031249516897718266;15,922923644987742;-0,032489773812364585;1,267446872651736;-14,111832357187307;0,04288437841768727;0,03509236542873871;-0,03438606050607667;0,011947292468245701;0,0068511127804716425
SC8 16.12.2018 11:00 Winter day with snow and clouds;FS9_SEV12_GIS_SENSOR_TIME;75;2018-12-16 12:15:00;True;58,0;-11,621022309055153;-3,8356195931243073;0,02812214221521542;0,0012264893543615788;0,03502127002782136;0,020902047196911452;14,987982387973114;-0,027505856025362464;1,2679189027448878;-15,257278706760776;0,03974738393562284;0,0317903439412603;-0,03161045319822291;0,011342315899878323;0,006870827926643963
SC8 16.12.2018 11:00 Winter day with snow and clouds;FS9_SEV12_GIS_SENSOR_TIME;90;2018-12-16 12:30:00;True;61,0;-12,623675322636712;-4,147844777888596;0,027914648495968333;0,001187878784472779;0,034465617424801476;0,021607948780059817;15,629677377082459;-0,02718504480496907;1,2295234781147348;-15,781222540478609;0,03825169804105755;0,030707286566773545;-0,03019988144853201;0,007806718891467104;0,00541097707435733
SC8 16.12.2018 11:00 Winter day with snow and clouds;FS9_SEV12_GIS_SENSOR_TIME;105;2018-12-16 12:45:00;True;62,0;-7,340933739977029;-2,6434219059358353;0,024812144998713752;0,0009626111520235648;0,031025975440323626;0,017880151535401193;9,988862929913331;-0,023283702961935753;1,198136565527255;-13,093972858870174;0,04033061310520833;0,029810027750818903;-0,028854070962031644;0,014412565390890029;0,007876887977603943
SC8 16.12.2018 11:00 Winter day with snow and clouds;FS9_SEV12_GIS_SENSOR_TIME;120;2018-12-16 13:00:00;True;67,0;-7,618738958552036;-2,7596860973638146;0,023763364081318954;0,0008891689528497443;0,029818936145505664;0,01904056040445967;11,918063160922662;-0,022389587550488612;1,2329431812837592;-11,938412120753608;0,036535139643171684;0,029011472836895057;-0,02797672789890882;0,013950685324156402;0,008117721819165927
SC8 16.12.2018 11:00 Winter day with snow and clouds;FS9_SEV12_GIS_SENSOR_TIME;135;2018-12-16 13:15:00;True;65,0;-8,69043309535049;-3,172236390538057;0,02369707877450018;0,000892278218805315;0,02987102641030795;0,019409990259334826;11,948312259332566;-0,022541205631857852;1,2224614966241831;-17,153542383717046;0,04088455205714468;0,03283105017765819;-0,032111733052452;0,016827858619351793;0,010851107079249162
SC8 16.12.2018 11:00 Winter day with snow and clouds;FS9_SEV12_GIS_SENSOR_TIME;150;2018-12-16 13:30:00;True;72,0;-4,967529407230757;-2,5852865186938017;0,0202722186480266;0,0007085842901614854;0,026619246611455503;0,016806507887755815;7,054133157523014;-0,016818664038645632;1,101089551134814;-10,35057099464545;0,036711939630747197;0,02902691244564452;-0,027664376735158168;0,013191724343909212;0,011327094294958644
SC8 16.12.2018 11:00 Winter day with snow and clouds;FS9_SEV12_GIS_SENSOR_TIME;165;2018-12-16 13:45:00;True;80,0;-1,927214143910211;-1,152156952744754;0,018486792143862688;0,0006195624728125769;0,024891011888080742;0,014106710688739678;5,921522949923736;-0,012808025389461441;1,05027385815612;-5,007537722542758;0,03565854004333503;0,029084193513082984;-0,028108326479344293;0,018019909700878415;0,01530030108988285
SC8 16.12.2018 11:00 Winter day with snow and clouds;FS9_SEV12_GIS_SENSOR_TIME;180;2018-12-16 14:00:00;True;84,0;-3,636254298018719;-2,3520449317388255;0,01665549529014358;0,000508263739711418;0,02254470535871822;0,012866662343487724;6,929238809514392;-0,011865303621509827;1,0288378490353771;-12,452554458983464;0,038402837866319574;0,02919426333397783;-0,02808794591266968;0,02052190815632151;0,016225706608522506
SC1 29.01.2018 07:00 Clear winter morning with shadows;FS1_TIME;ALL;;False;133,76923076923077;-1,455563464531807;0,0;0,13783649243101273;0,03670842486201742;0,17363451000396088;0,12701277463654503;0,7762894917990505;0,12925454524221033;0,5322303618949769;-1,455563464531807;0,17363451000396088;0,13783649243101273;0,12925454524221033;0,0;0,0
SC1 29.01.2018 07:00 Clear winter morning with shadows;FS2_GIS_TIME;ALL;;False;133,76923076923077;-0,9678823373751739;0,23366508533929214;0,12683869089236163;0,030087600899382914;0,15532787307263426;0,11912361454134975;0,9698280970306921;0,11434471081433134;0,5657912340624339;-0,9678823373751739;0,15532787307263426;0,12683869089236163;0,11434471081433134;0,0;0,0
SC1 29.01.2018 07:00 Clear winter morning with shadows;FS3_GIS_SENSOR_TIME;ALL;;False;133,76923076923077;-3,5338860528524028;0,1697270107135997;0,20727544186881924;0,07219396018775473;0,2343948585523454;0,20306558304841252;0,9805238350896428;0,20700713822349895;0,7236283000309675;-3,5338860528524028;0,2343948585523454;0,20727544186881924;0,20700713822349895;0,0;0,0
SC1 29.01.2018 07:00 Clear winter morning with shadows;FS4_SEV4_TIME;ALL;;True;133,76923076923077;-0,890206847836853;-0,03433325753762184;0,11707920405284884;0,027377786251410928;0,15229146218729434;0,1105957141822619;1,2400207336168816;0,09491729416809964;0,5585157514015224;-0,17179882413377628;0,11847872969422807;0,08164663109035142;0,03599254467999456;0,06365941788533588;0,05969812983501783
SC1 29.01.2018 07:00 Clear winter morning with shadows;FS5_SEV4_GIS_TIME;ALL;;True;133,76923076923077;0,31301959706555177;0,4344652228589433;0,07159264159894899;0,009604199339198656;0,09185512904886647;0,06162592561824008;1,1111538508564844;0,030399642561482573;0,4633331573064873;0,38422364808922;0,08674566305203119;0,06580702328335189;0,008461661674741732;0,03728907926592571;0,03181517856818494
SC1 29.01.2018 07:00 Clear winter morning with shadows;FS6_SEV4_GIS_SENSOR_TIME;ALL;;True;133,76923076923077;-1,3863602379593234;0,38918366434136126;0,15010879322724743;0,03768606787992184;0,17144102011480347;0,14796751699797578;0,8770549473404986;0,14462980026819872;0,5871786366001456;-0,8072050207536671;0,15014130502010678;0,12633357092852607;0,1215756525189607;0,03495529859198982;0,031026367786875512
SC1 29.01.2018 07:00 Clear winter morning with shadows;FS7_SEV12_TIME;ALL;;True;133,76923076923077;-1,7785517115422194;-0,009088840296834023;0,15021456969850205;0,041713077408842815;0,1847588373343355;0,1417803234527271;0,8803711530789062;0,14391756045360907;0,5953617769568692;-0,1121650167470912;0,11476032413592895;0,07937340945478673;0,03764840296346784;0,10914871443998687;0,1064364865237896
SC1 29.01.2018 07:00 Clear winter morning with shadows;FS8_SEV12_GIS_TIME;ALL;;True;133,76923076923077;0,03568296012078427;0,5169172439664973;0,08980169545172455;0,014799657007484663;0,1089538882212395;0,08357124325113569;0,9100312555543033;0,07141514931008155;0,4571522775202048;0,5100851126577922;0,07768331464162373;0,05978838995617754;0,01880571401182452;0,06382373671584635;0,0598809431497977
SC1 29.01.2018 07:00 Clear winter morning with shadows;FS9_SEV12_GIS_SENSOR_TIME;ALL;;True;133,76923076923077;-1,7984585990761712;0,41446287454781794;0,16390360751283348;0,04465830464217935;0,18477505166024336;0,16248851929601854;0,881685505445438;0,16087808568523845;0,6318886723726794;-0,7270666202386272;0,14679204476078395;0,12439529729444511;0,12022640849309117;0,047219155967792754;0,04234906208545348
SC2 22.03.2018 14:30 Cloudy evening;FS1_TIME;ALL;;False;133,30769230769232;-2,326513247965478;2,5620531337503614e-17;0,0317470590748838;0,0018790893243885885;0,03711052304747322;0,02889762473010257;1,4082236725720276;-0,028181164203491267;0,5281809826918457;-2,326513247965478;0,03711052304747322;0,0317470590748838;-0,028181164203491267;0,0;0,0
SC2 22.03.2018 14:30 Cloudy evening;FS2_GIS_TIME;ALL;;False;133,30769230769232;-5,307605689480299;-0,008750154319114984;0,04708242123521099;0,003769949624052817;0,050733585515036046;0,04566974476843477;2,0298281828507845;-0,045729456060417936;0,6412999838966039;-5,307605689480299;0,050733585515036046;0,04708242123521099;-0,045729456060417936;0,0;0,0
SC2 22.03.2018 14:30 Cloudy evening;FS3_GIS_SENSOR_TIME;ALL;;False;133,30769230769232;-219,82653841031618;-15,67138702613134;0,08856254586784594;0,00998111341807207;0,09786994268181284;0,0840697572400546;8,440237833171606;-0,08427956030404325;0,9379051364842186;-219,82653841031618;0,09786994268181284;0,08856254586784594;-0,08427956030404325;0,0;0,0
SC2 22.03.2018 14:30 Cloudy evening;FS4_SEV4_TIME;ALL;;True;133,30769230769232;-7,445065520922162;-0,11627511517814716;0,02270867603262395;0,0009361415533054785;0,02858805628395581;0,019555009748983;2,223136366765751;-0,008750395667466373;0,4919222019006184;-1,4497826486452494;0,02731878623052233;0,021549488742955366;-0,00922348119433046;0,00928132382095111;0,008443802819483566
SC2 22.03.2018 14:30 Cloudy evening;FS5_SEV4_GIS_TIME;ALL;;True;133,30769230769232;-3,6042769935285013;-0,31876141316788775;0,02200701543740388;0,000958831327330116;0,026747873412423573;0,019576374305831437;1,4411979657188898;0,012054548161344167;0,3948136453449791;-1,0148730713532044;0,024636239851319283;0,01960680376197912;0,008437406816463681;0,01641516249680033;0,014293319329225191
SC2 22.03.2018 14:30 Cloudy evening;FS6_SEV4_GIS_SENSOR_TIME;ALL;;True;133,30769230769232;-184,85470576501862;-16,666740401830218;0,07480540643239676;0,00730180460329446;0,08318045891054247;0,07183078002306828;7,497365434728258;-0,06793039889968161;0,8750917150380718;-123,92272692863675;0,08100952060202318;0,07260800664495758;-0,06569496585658333;0,015403408258254299;0,011999295775356427
SC2 22.03.2018 14:30 Cloudy evening;FS7_SEV12_TIME;ALL;;True;133,30769230769232;-4,543693533358408;-1,4287935497301292;0,027826601937671665;0,0014345187670360626;0,034600934892391376;0,024383798345116225;1,2877812999334397;0,020537182594673353;0,5043602902195782;-2,0906870348007143;0,026236419309521548;0,02025581555628979;0,008754670420538697;0,01835578498255612;0,015808220171998465
SC2 22.03.2018 14:30 Cloudy evening;FS8_SEV12_GIS_TIME;ALL;;True;133,30769230769232;-11,5265029639383;-1,4160404643072024;0,024492874036421163;0,0011768079328109361;0,029482691915023323;0,02219262942189771;2,1322728313461004;0,010973574216161937;0,4149594978963797;-1,2599120592032673;0,025348287384495936;0,02033924610327063;0,005453259498972542;0,02092564527031337;0,018242910495299993
SC2 22.03.2018 14:30 Cloudy evening;FS9_SEV12_GIS_SENSOR_TIME;ALL;;True;133,30769230769232;-173,81931427983875;-15,407030429503752;0,0735332198499512;0,006981393807253492;0,08150614563556749;0,07041282684037932;7,273786235485318;-0,06677415586284488;0,8747608411197091;-92,11104888923934;0,07326975164236685;0,06535757919174508;-0,058122588772554676;0,01573221299949747;0,013121819166428069
SC3 11.08.2018 07:30 Cloudy morning;FS1_TIME;ALL;;False;137,84615384615384;-0,23127244693229454;0,0;0,08182140824278519;0,011945037004188972;0,10813281018445059;0,06685100260372025;0,3154238266668402;-0,025215970948761678;0,21689577131872184;-0,23127244693229454;0,10813281018445059;0,08182140824278519;-0,025215970948761678;0,0;0,0
SC3 11.08.2018 07:30 Cloudy morning;FS2_GIS_TIME;ALL;;False;137,84615384615384;-0,04416978196364756;0,1100121845273572;0,07617081626253214;0,010097273520608104;0,09979287179931383;0,06221979744777144;0,26926808510453554;-0,003537713104083536;0,20014823233613244;-0,04416978196364756;0,09979287179931383;0,07617081626253214;-0,003537713104083536;0,0;0,0
SC3 11.08.2018 07:30 Cloudy morning;FS3_GIS_SENSOR_TIME;ALL;;False;137,84615384615384;-1,373752648882048;0,21230650420368594;0,12937332348068892;0,02302553658073085;0,1483093016894536;0,1258512002878067;0,3459093038336506;0,11228388168623392;0,2981004470206288;-1,373752648882048;0,1483093016894536;0,12937332348068892;0,11228388168623392;0,0;0,0
SC3 11.08.2018 07:30 Cloudy morning;FS4_SEV4_TIME;ALL;;True;137,84615384615384;-1,0111405722191855;-0,2719916707698983;0,11160640022026778;0,01951437396967935;0,13563947654385042;0,10008012008173767;0,38483473114797434;-0,06259502630623179;0,28184231251225095;-0,3292062666246276;0,11200527269840672;0,08907111785371538;0,04338207459072485;0,117348196270337;0,10886005790924183
SC3 11.08.2018 07:30 Cloudy morning;FS5_SEV4_GIS_TIME;ALL;;True;137,84615384615384;-0,961614755189395;0,2288780600930019;0,11183326193717533;0,019005384479277247;0,13153373920935912;0,10799450777832767;0,37040206805104464;-0,08836900422905344;0,28499031912880246;0,22105656066043536;0,08572869843739192;0,06677818170517144;-0,004025062873393718;0,09486481403794192;0,08713045019556928
SC3 11.08.2018 07:30 Cloudy morning;FS6_SEV4_GIS_SENSOR_TIME;ALL;;True;137,84615384615384;0,13635690698533046;0,3435676342996066;0,07159974909629724;0,008424579512836643;0,09022452178732239;0,06357197266680847;0,2167945710687125;0,033667428629431694;0,18026608994517332;-0,7865601775815727;0,12838009010976134;0,11074484871518801;0,0917311372485189;0,07043017076183283;0,05909191504203031
SC3 11.08.2018 07:30 Cloudy morning;FS7_SEV12_TIME;ALL;;True;137,84615384615384;-0,7068293926928063;-0,14219902322833614;0,09878843776009347;0,016495358878729053;0,1256632492591086;0,08394968260075418;0,36830460508107227;-0,05837376646816109;0,25725989039788266;-0,1643119160926876;0,10511990585225864;0,07904856432709992;-0,03434477147917157;0,04494268283021505;0,03834022102087402
SC3 11.08.2018 07:30 Cloudy morning;FS8_SEV12_GIS_TIME;ALL;;True;137,84615384615384;-0,01987383045206314;0,35449951455095213;0,07771120353937004;0,009867209067556098;0,09708638640330124;0,06829220299641549;0,26730066141692477;-0,045354123299200286;0,2097073422920176;0,3579230524960479;0,07770939617510976;0,06099985905998059;-0,0159460663384446;0,04887729608304165;0,041154205566711934
SC3 11.08.2018 07:30 Cloudy morning;FS9_SEV12_GIS_SENSOR_TIME;ALL;;True;137,84615384615384;0,05456973580322447;0,36051360684730527;0,07590378737900619;0,009181059026516376;0,0945549008854367;0,07035073859213778;0,2235340517426795;0,0469107112002181;0,18631896531670097;-0,7669642023203735;0,12763236003481723;0,1097760603445588;0,09151956970379528;0,05661104171815546;0,04691591680863168
SC4 12.08.2018 12:00 Sunny Summerday;FS1_TIME;ALL;;False;138,0;-1,0440097740239342;-4,2700885562506023e-17;0,13989908636369502;0,0259030419784904;0,16075566971089592;0,1352456966741875;0,3808415267276002;0,11407211766435778;0,24171165235011405;-1,0440097740239342;0,16075566971089592;0,13989908636369502;0,11407211766435778;0,0;0,0
SC4 12.08.2018 12:00 Sunny Summerday;FS2_GIS_TIME;ALL;;False;138,0;-1,3122165278784867;0,18965163222947634;0,15394325895845612;0,029146805986157355;0,17055970832537232;0,15486664211720708;0,35383771124034824;0,13673770646212452;0,2656820525692955;-1,3122165278784867;0,17055970832537232;0,15394325895845612;0,13673770646212452;0,0;0,0
SC4 12.08.2018 12:00 Sunny Summerday;FS3_GIS_SENSOR_TIME;ALL;;False;138,0;0,5478671202294005;0,5893019801994431;0,05000626259134351;0,005373645286798982;0,07235271403921163;0,03913893066253872;0,15276202721024248;-0,009231036983514775;0,10801181334493933;0,5478671202294005;0,07235271403921163;0,05000626259134351;-0,009231036983514775;0,0;0,0
SC4 12.08.2018 12:00 Sunny Summerday;FS4_SEV4_TIME;ALL;;True;138,0;-0,015474181446332613;0,0008673636054690609;0,07951892313980621;0,013052665081756188;0,1138303204122716;0,060766217092024316;0,328642842719919;0,012496296067781033;0,15137053058968458;-0,015448084262560672;0,11382780952687213;0,07943953126298742;0,012796645264077637;0,003674305453247561;0,0008945911915073692
SC4 12.08.2018 12:00 Sunny Summerday;FS5_SEV4_GIS_TIME;ALL;;True;138,0;0,44785628738266214;0,45524598413675066;0,057824201486974966;0,007019493626626525;0,08360323029240332;0,042831233826257836;0,22553903494765798;0,0044898076903429245;0,11767104259074158;0,4453378306302757;0,0838589260190985;0,05783997307821598;0,003663765427528475;0,006204955203188371;0,0036173008077070865
SC4 12.08.2018 12:00 Sunny Summerday;FS6_SEV4_GIS_SENSOR_TIME;ALL;;True;138,0;0,5899351641161205;0,7600841132566754;0,04797820478816148;0,004778847002874607;0,06746385913665784;0,04080859061880693;0,14700002452106983;-0,034859618506050946;0,10806984781447043;0,5854087183793587;0,06782761911581786;0,04852271227001221;-0,03591727770193443;0,005013261604215306;0,002547517248586136
SC4 12.08.2018 12:00 Sunny Summerday;FS7_SEV12_TIME;ALL;;True;138,0;-0,10063774659859094;-0,07889346251377344;0,08105213568824861;0,013848446466170457;0,11752980051739423;0,05923063834904585;0,34807760768790763;-0,011168806874335784;0,1592045874121349;0,027244645892212486;0,11147109466332814;0,07682909898411182;-0,004671874053720488;0,02128992204217756;0,0156050074737573
SC4 12.08.2018 12:00 Sunny Summerday;FS8_SEV12_GIS_TIME;ALL;;True;138,0;0,6330834271056177;0,6371751557553982;0,046758982774831;0,004534109090070829;0,0671208758514882;0,036760131241312215;0,15639159684909873;0,0017315642061980956;0,10118089752321846;0,6789856967480224;0,06355044973882187;0,043012935462916166;0,007796406767190089;0,01934581674542205;0,013717530501867284
SC4 12.08.2018 12:00 Sunny Summerday;FS9_SEV12_GIS_SENSOR_TIME;ALL;;True;138,0;0,5735487520546442;0,7708931272331097;0,04963117505573249;0,004929724649829643;0,06801991141911454;0,042732483272014496;0,1535994200549497;-0,03675276311440682;0,11175993829385795;0,5878983961384426;0,06722340333505325;0,04885586188749848;-0,036971776981320245;0,009302822782757517;0,00539148778529005
SC5 14.08.2018 12:00 Rainstorm from north west;FS1_TIME;ALL;;False;137,0;-0,8730535154475711;4,2700885562506023e-17;0,19505056921580285;0,05196196724893401;0,2203155518446341;0,20930231757668796;3,7036822013190998;-0,057359829858220815;0,6165819394391938;-0,8730535154475711;0,2203155518446341;0,19505056921580285;-0,057359829858220815;0,0;0,0
SC5 14.08.2018 12:00 Rainstorm from north west;FS2_GIS_TIME;ALL;;False;137,0;-0,8029658273402126;0,05651310769913766;0,19194978730028803;0,050042987460260493;0,21564045166195187;0,20652748216384348;3,5501366271838632;-0,06115647638650744;0,6150287510287955;-0,8029658273402126;0,21564045166195187;0,19194978730028803;-0,06115647638650744;0,0;0,0
SC5 14.08.2018 12:00 Rainstorm from north west;FS3_GIS_SENSOR_TIME;ALL;;False;137,0;-2,4505072853290075;-0,05179303943400597;0,240427523406029;0,09647395490091887;0,2826848755499317;0,2420858250539955;4,951342960352395;-0,20679997553986282;0,6669237573050609;-2,4505072853290075;0,2826848755499317;0,240427523406029;-0,20679997553986282;0,0;0,0
SC5 14.08.2018 12:00 Rainstorm from north west;FS4_SEV4_TIME;ALL;;True;137,0;-0,2305089350781768;0,10957235672005698;0,1499419458578924;0,03570031024874332;0,18336373401435;0,1291688155925572;2,21179455455348;-0,01678290285522925;0,5404016122189396;0,19589085962357944;0,1487701662890895;0,1195693077942114;0,020682496404146995;0,11605431976724107;0,08861090772259907
SC5 14.08.2018 12:00 Rainstorm from north west;FS5_SEV4_GIS_TIME;ALL;;True;137,0;-0,15381748449702698;0,16665036104784708;0,14166391538165116;0,03501789269610063;0,17653515910640574;0,12113860583530767;1,3838845470555432;0,027662554807279305;0,5055716007690101;0,299030223075585;0,13775320333827287;0,107457442529619;0,04432197203899946;0,12897826640701052;0,10064781688986887
SC5 14.08.2018 12:00 Rainstorm from north west;FS6_SEV4_GIS_SENSOR_TIME;ALL;;True;137,0;-1,15199744088452;0,09619118534023345;0,18702329757488043;0,059505757895918374;0,2220933070403843;0,17352804980697023;3,732316859051041;-0,13771925837493393;0,6024951677772907;-1,1094140845461928;0,22003727816748714;0,18501240579594952;-0,1385016368982105;0,061689520072879006;0,044051987102714005
SC5 14.08.2018 12:00 Rainstorm from north west;FS7_SEV12_TIME;ALL;;True;137,0;-0,2593399808026022;0,031663790931093824;0,14877511997491705;0,03667571515582247;0,18585308048643967;0,12382839218819702;2,046192605110943;-0,018449766119841924;0,5297014053669151;0,2927959113742276;0,1402950556048445;0,11191274323265084;0,006181420956338591;0,11749821491690422;0,08849433881511166
SC5 14.08.2018 12:00 Rainstorm from north west;FS8_SEV12_GIS_TIME;ALL;;True;137,0;-0,13063333198895605;0,14723668359314784;0,141097439080537;0,03394346979773743;0,1744773168588614;0,12098969467208807;1,5133559972913142;0,01725556035197043;0,5096872546569592;0,36519719439271486;0,1325834871689088;0,10527053909432554;0,033212690579305246;0,11834124464674255;0,09273234932978008
SC5 14.08.2018 12:00 Rainstorm from north west;FS9_SEV12_GIS_SENSOR_TIME;ALL;;True;137,0;-1,042838261819154;0,11639483737983772;0,18305061203881842;0,05645302707394665;0,2174384543731354;0,17013877661182908;3,6420585713497897;-0,13168364133462904;0,5994494083373764;-1,0808147351300614;0,21848844325926514;0,1842851820912332;-0,137790250917128;0,06047817608607217;0,04422339856228523
SC6 14.08.2018 12:30 Rainstorm from north west (0.5h later);FS1_TIME;ALL;;False;137,0;-0,8753273690033733;5,978123978750843e-17;0,18871119147396434;0,04963852726479056;0,21250895053606358;0,20264972637716813;3,8439977099981624;-0,08293937702286702;0,6731457531605893;-0,8753273690033733;0,21250895053606358;0,18871119147396434;-0,08293937702286702;0,0;0,0
SC6 14.08.2018 12:30 Rainstorm from north west (0.5h later);FS2_GIS_TIME;ALL;;False;137,0;-0,8442975004600863;0,04428771337060136;0,18751437381642824;0,0483405557096231;0,20986161844175827;0,20165250893490322;3,6823216209177647;-0,08864457028372232;0,6783909819139884;-0,8442975004600863;0,20986161844175827;0,18751437381642824;-0,08864457028372232;0,0;0,0
SC6 14.08.2018 12:30 Rainstorm from north west (0.5h later);FS3_GIS_SENSOR_TIME;ALL;;False;137,0;-2,9832441245364953;-0,4477394195951649;0,24743177008224776;0,09515267665424736;0,28631031588637723;0,2608187340351107;4,98636870253381;-0,19925927298472912;0,7571140662322814;-2,9832441245364953;0,28631031588637723;0,24743177008224776;-0,19925927298472912;0,0;0,0
SC6 14.08.2018 12:30 Rainstorm from north west (0.5h later);FS4_SEV4_TIME;ALL;;True;137,0;-0,4726518922146506;0,1363872389069276;0,1482671279818604;0,03172262362143542;0,1750786796685247;0,1394145522883376;2,161908839781023;-0,05616459132609554;0,6289457268978426;0,13559099653811443;0,14541517466381576;0,11942588318249202;0,003954229761571805;0,1049432152191567;0,08215662368169227
SC6 14.08.2018 12:30 Rainstorm from north west (0.5h later);FS5_SEV4_GIS_TIME;ALL;;True;137,0;-0,15747569464380862;0,08327087909482961;0,12868476506357543;0,02759283453996164;0,1600576858361808;0,11033157349037603;1,0810873680626578;0,002122877641095688;0,5479915673090289;0,26078487596648603;0,1350444511217315;0,10625430057545932;0,0327489748937237;0,10885961179009104;0,08510974588931983
SC6 14.08.2018 12:30 Rainstorm from north west (0.5h later);FS6_SEV4_GIS_SENSOR_TIME;ALL;;True;137,0;-1,7576830777844066;-0,13234485006119653;0,2004734664439019;0,061734109364383324;0,23304867592595185;0,1996317094898944;3,8331522755105474;-0,1482317721189919;0,7075119671769312;-1,708321094646763;0,23218273409370108;0,19770883209956008;-0,14370887451851694;0,0533722476294692;0,03836721491810594
SC6 14.08.2018 12:30 Rainstorm from north west (0.5h later);FS7_SEV12_TIME;ALL;;True;137,0;-0,7011149017442135;-0,022257512670313798;0,15007375350230442;0,034772099123654636;0,18161238757043122;0,1319496537776896;1,8689213977869612;-0,05813479684378601;0,6227542991277077;0,27868093132850824;0,13520211839385826;0,1091802615872779;-0,0032277705976352213;0,11996144999944405;0,09485560701309437
SC6 14.08.2018 12:30 Rainstorm from north west (0.5h later);FS8_SEV12_GIS_TIME;ALL;;True;137,0;-0,4365364778438038;0,018585248025257413;0,1367213764044646;0,030505126263081987;0,16819658394606757;0,11779859670114125;1,2639209126146775;-0,02293022523589651;0,5780466307117305;0,3197010162196957;0,13091128149226805;0,10461273881294447;0,022365140524806086;0,1156506778746861;0,09221305919315236
SC6 14.08.2018 12:30 Rainstorm from north west (0.5h later);FS9_SEV12_GIS_SENSOR_TIME;ALL;;True;137,0;-1,9266355365373224;-0,13824796886784788;0,20332169589577978;0,06285108213627978;0,236032761043323;0,1993646087729011;3,8228039224155186;-0,1523411957996457;0,7132295478950658;-1,7434307793778396;0,2315322706217817;0,1974665138170772;-0,14525277422727553;0,05786179841829342;0,042540058938080834
SC7 14.11.2018 09:00 Autumn day with fog in lower regions;FS1_TIME;ALL;;False;137,76923076923077;-0,0037023257821206736;6,832141690000964e-17;0,11752794921778467;0,024039464481439936;0,1540654927090968;0,0942436912718884;1,3462016094491398;-0,0013394005690816368;0,701063130154875;-0,0037023257821206736;0,1540654927090968;0,11752794921778467;-0,0013394005690816368;0,0;0,0
SC7 14.11.2018 09:00 Autumn day with fog in lower regions;FS2_GIS_TIME;ALL;;False;137,76923076923077;0,12127721092600119;0,13125724255711185;0,10888331539475977;0,02114599259246064;0,14429517165703815;0,08442376092462721;1,1717692056298241;0,004814674038321209;0,6573606808586161;0,12127721092600119;0,14429517165703815;0,10888331539475977;0,004814674038321209;0,0;0,0
SC7 14.11.2018 09:00 Autumn day with fog in lower regions;FS3_GIS_SENSOR_TIME;ALL;;False;137,76923076923077;0,47567424773854255;0,5713052429942675;0,07355583583951963;0,01287177647297879;0,11038396402912089;0,04441984320206483;0,5210650876720379;0,04411525179710774;0,4262766916300592;0,47567424773854255;0,11038396402912089;0,07355583583951963;0,04411525179710774;0,0;0,0
SC7 14.11.2018 09:00 Autumn day with fog in lower regions;FS4_SEV4_TIME;ALL;;True;137,76923076923077;-0,058498940049700715;0,024768814537338472;0,12984429793622396;0,024809325677631573;0,15713254204750166;0,11476602811817836;1,6994961136081699;-0,0383189947770693;0,7656716559410326;0,11320703904818741;0,14256451595803832;0,12175808586914887;-0,06789416621891133;0,06713719449885548;0,05032968154379088
SC7 14.11.2018 09:00 Autumn day with fog in lower regions;FS5_SEV4_GIS_TIME;ALL;;True;137,76923076923077;0,41987213407090324;0,45204109121062047;0,09366871810933683;0,013791499495284697;0,1168454776784124;0,0799429102130173;1,1558233813193175;-0,023959202180283655;0,6208084948497764;0,5959355016923731;0,09559281800999311;0,07581779937615585;-0,0353534422448086;0,06826287161672076;0,050582495116918244
SC7 14.11.2018 09:00 Autumn day with fog in lower regions;FS6_SEV4_GIS_SENSOR_TIME;ALL;;True;137,76923076923077;0,6777284330843345;0,7152987727503881;0,059161563819514526;0,007983116830903365;0,08696214840796929;0,036001436320693525;0,4693231985308014;0,025887808336178923;0,3742758555318468;0,7821607214993855;0,07079243329500995;0,04903635006241184;0,014626201997509943;0,03886089053915798;0,025207117056857988
SC7 14.11.2018 09:00 Autumn day with fog in lower regions;FS7_SEV12_TIME;ALL;;True;137,76923076923077;0,32855274474827606;0,3308863883426827;0,09238983979081332;0,01612370394751065;0,1260414469184072;0,07065083535798151;1,0565369787240617;-0,003057795813572289;0,5888443802823236;0,5470065341301131;0,09988532199269162;0,06853291687513138;-0,007856584199347932;0,0785945913809313;0,06334507354479967
SC7 14.11.2018 09:00 Autumn day with fog in lower regions;FS8_SEV12_GIS_TIME;ALL;;True;137,76923076923077;0,5481128638275332;0,557250786207968;0,08095791642904898;0,011037306235718778;0,10367216649431038;0,06588291953462004;0,9226748705714732;-0,010760641858495571;0,5530242722011257;0,7363913935425112;0,07642861349662923;0,05707217485614813;-0,01247268621238776;0,07571631260989226;0,057831507958861966
SC7 14.11.2018 09:00 Autumn day with fog in lower regions;FS9_SEV12_GIS_SENSOR_TIME;ALL;;True;137,76923076923077;0,6639767993141101;0,7125064265802266;0,0606185598948931;0,0083741243002316;0,08877101146300796;0,036741124782515885;0,4745303890235503;0,030742726088451258;0,37809471205756284;0,7928308535703572;0,06896024955148566;0,0477734717006095;0,01714170559196087;0,0446950185290171;0,027753250265185214
SC8 16.12.2018 11:00 Winter day with snow and clouds;FS1_TIME;ALL;;False;60,15384615384615;-159,8549363270204;1,708035422500241e-17;0,13671802703729974;0,01950062155427777;0,1372256330823956;0,14114618238529425;90,76299270304169;-0,13671802703729974;1,4995562256529877;-159,8549363270204;0,1372256330823956;0,13671802703729974;-0,13671802703729974;0,0;0,0
SC8 16.12.2018 11:00 Winter day with snow and clouds;FS2_GIS_TIME;ALL;;False;60,15384615384615;-148,74046456527918;-3,004672431130511;0,12950351224106404;0,018310912924188148;0,13147024112193917;0,13235210234919415;84,83556350396712;-0,12950351224106404;1,4894815811494515;-148,74046456527918;0,13147024112193917;0,12950351224106404;-0,12950351224106404;0,0;0,0
SC8 16.12.2018 11:00 Winter day with snow and clouds;FS3_GIS_SENSOR_TIME;ALL;;False;60,15384615384615;-43,12153374330205;-8,499056947146435;0,06363114440658281;0,005242436944343381;0,07166952057163699;0,06333711914457837;43,02440072007661;-0,06312424079577356;1,3979619969155501;-43,12153374330205;0,07166952057163699;0,06363114440658281;-0,06312424079577356;0,0;0,0
SC8 16.12.2018 11:00 Winter day with snow and clouds;FS4_SEV4_TIME;ALL;;True;60,15384615384615;-57,65135462233694;-1,7947851498462803;0,08085936143833489;0,007026745801484657;0,08296143279458455;0,08487205430655301;56,6981336207072;-0,08085936143833489;1,440338040902287;-72,58240626359044;0,09259575505816794;0,09069953436654934;-0,09069953436654934;0,019745735777769176;0,015398438174062659
SC8 16.12.2018 11:00 Winter day with snow and clouds;FS5_SEV4_GIS_TIME;ALL;;True;60,15384615384615;-25,71335009936234;-5,102456655594981;0,047832750808479804;0,003334448255253306;0,05342798723314645;0,04590978415658231;31,96819746701113;-0,04438981152166001;1,3158114002747754;-42,11399777073737;0,07058682390863193;0,06445049576848236;-0,0635448990237071;0,02850621332383237;0,02462444331754321
SC8 16.12.2018 11:00 Winter day with snow and clouds;FS6_SEV4_GIS_SENSOR_TIME;ALL;;True;60,15384615384615;-10,821024661705435;-2,9257080753890814;0,03195198860608814;0,0014728243061974404;0,03749468017573207;0,0279666141823451;16,87787987509028;-0,030255007837955226;1,282157747297156;-16,869189939680833;0,04615867081736627;0,03908190251041381;-0,0382367420609936;0,013375077597485966;0,009357570265246381
SC8 16.12.2018 11:00 Winter day with snow and clouds;FS7_SEV12_TIME;ALL;;True;60,15384615384615;-25,72916283972302;-1,9311445286830362;0,05230665210419731;0,0033395805063611834;0,05554404420013069;0,0549683325173211;39,16495806864935;-0,05174620591474192;1,3376458718787112;-28,859169432140522;0,05917938556641071;0,05652742700907592;-0,056419294005519594;0,02176542228822753;0,017392826248185254
SC8 16.12.2018 11:00 Winter day with snow and clouds;FS8_SEV12_GIS_TIME;ALL;;True;60,15384615384615;-15,094904651607136;-3,2400048040072185;0,03747101420246311;0,0021168268600518653;0,04245991738048131;0,03475699339504082;23,431359892647638;-0,03150552705419665;1,2735407838365391;-29,98393729515174;0,06090924449831288;0,05525175082919006;-0,05446512990493056;0,031933913268279;0,027832262333338593
SC8 16.12.2018 11:00 Winter day with snow and clouds;FS9_SEV12_GIS_SENSOR_TIME;ALL;;True;60,15384615384615;-8,350776756983038;-2,5572503348965325;0,02758155735870816;0,001167652142942578;0,03357491432359036;0,02427134793979267;13,414493546256995;-0,02591961904151651;1,2141972070384144;-11,880542329146078;0,03952859644538231;0,0321417166774223;-0,031363807552998064;0,011187256080162081;0,007802225593824378
