SCENARIO;FEATURE_SET;LEADTIME_MIN;MSE_TOTAL;MSE_REG;MSE_CMV;MAE_TOTAL;MAE_REG;MAE_CMV;RMSE_TOTAL;RMSE_REG;RMSE_CMV;DELTA_RMSE;SHARE_REG_PCT;SHARE_CMV_PCT
SC1 29.01.2018 07:00 Clear winter morning with shadows;FS4_SEV4_TIME;0;0,0022775344794255274;0,0022775344794255274;0,0;0,02591337867622456;0,02591337867622456;0,0;0,0477235212387511;0,0477235212387511;0,0;0,0;100,0;0,0
SC1 29.01.2018 07:00 Clear winter morning with shadows;FS4_SEV4_TIME;15;0,003919134934579563;0,003727837957969365;6,444183715016569e-05;0,030486023121387356;0,03002233339365899;0,004749948593010579;0,06260299461351321;0,061056023109676616;0,008027567324548932;0,0015469715038365917;98,30070984653877;1,6992901534612244
SC1 29.01.2018 07:00 Clear winter morning with shadows;FS4_SEV4_TIME;30;0,006590674597756098;0,00606719882371945;0,00019117983290680888;0,046816306921850674;0,04522621776940044;0,0113264218862377;0,08118296987519055;0,07789222569499121;0,013826779556599899;0,00329074418019934;96,94521786877834;3,054782131221656
SC1 29.01.2018 07:00 Clear winter morning with shadows;FS4_SEV4_TIME;45;0,009681041057882372;0,00859181693047611;0,0007222346470064442;0,06121326433984638;0,057287847185145964;0,02264234356915773;0,0983922814954627;0,09269205430065788;0,026874423659056283;0,005700227194804813;92,24575211981323;7,754247880186779
SC1 29.01.2018 07:00 Clear winter morning with shadows;FS4_SEV4_TIME;60;0,013880170527363293;0,011421110603980603;0,00130021394455157;0,0797730460097654;0,06885052421906833;0,032683783057910296;0,11781413551591885;0,10686959625628144;0,0360584795097016;0,010944539259637412;89,7792565578276;10,2207434421724
SC1 29.01.2018 07:00 Clear winter morning with shadows;FS4_SEV4_TIME;75;0,01827882607247964;0,013975476193225962;0,00217144045561336;0,0964059411717395;0,07781892255820443;0,04186444785167922;0,13519920884561284;0,11821791824095855;0,04659871731725413;0,016981290604654295;86,55198077232008;13,448019227679906
SC1 29.01.2018 07:00 Clear winter morning with shadows;FS4_SEV4_TIME;90;0,02319439829642749;0,01669468676329766;0,0034147359321759184;0,11232422010844943;0,08803537853277156;0,05256814245523801;0,15229707251430505;0,1292079206678045;0,05843574190660985;0,02308915184650054;83,01922445071216;16,980775549287845
SC1 29.01.2018 07:00 Clear winter morning with shadows;FS4_SEV4_TIME;105;0,03055192181855898;0,01876737477602364;0,006254318739009307;0,13555494015366343;0,09544778294821553;0,07356828043876744;0,17479108048913417;0,13699406839722528;0,07908425089111805;0,03779701209190889;75,00441472815686;24,995585271843147
SC1 29.01.2018 07:00 Clear winter morning with shadows;FS4_SEV4_TIME;120;0,04044803706203087;0,021098342089398994;0,010102781522616363;0,16502433451478893;0,10352495165564107;0,09467404925806532;0,20111697358013042;0,14525268358759846;0,10051259385080241;0,05586428999253196;67,6204560827872;32,37954391721279
SC1 29.01.2018 07:00 Clear winter morning with shadows;FS4_SEV4_TIME;135;0,04311311638761629;0,02191508353350966;0,011375735831656202;0,1713065998669643;0,108243036402339;0,10289164289915517;0,20763698222526808;0,1480374396344035;0,10665709461473344;0,059599542590864585;65,8292104292293;34,17078957077068
SC1 29.01.2018 07:00 Clear winter morning with shadows;FS4_SEV4_TIME;150;0,050551282864718515;0,023762403977157436;0,012617723080564327;0,18937561449838589;0,11454426070433543;0,1081674144353106;0,2248361244656172;0,15415058863707734;0,11232863873725314;0,07068553582853987;65,31699006838355;34,68300993161646
SC1 29.01.2018 07:00 Clear winter morning with shadows;FS4_SEV4_TIME;165;0,05448080994476254;0,025167684981344318;0,01398896275973327;0,19891884572692295;0,12056248359194952;0,11400185887005272;0,23341124639734595;0,1586432632712285;0,118274945612895;0,07476798312611746;64,27436063415091;35,72563936584908
SC1 29.01.2018 07:00 Clear winter morning with shadows;FS4_SEV4_TIME;180;0,05894427322474086;0,02672773202808734;0,014615165692308724;0,20891713757704616;0,12592908653761356;0,11693735454064696;0,24278441717857607;0,16348618298831047;0,1208931995287937;0,0792982341902656;64,64890828129231;35,351091718707686
SC1 29.01.2018 07:00 Clear winter morning with shadows;FS5_SEV4_GIS_TIME;0;0,0007922466492290599;0,0007922466492290599;0,0;0,021548186425470604;0,021548186425470604;0,0;0,02814687636717545;0,02814687636717545;0,0;0,0;100,0;0,0
SC1 29.01.2018 07:00 Clear winter morning with shadows;FS5_SEV4_GIS_TIME;15;0,001761532173810565;0,0016264768307660325;9,071785837066358e-05;0,028634254674790964;0,029051502044690394;0,0054679692239689645;0,04197061083437511;0,04032960241269473;0,009524592294196303;0,0016410084216803775;94,71708950973571;5,282910490264278
SC1 29.01.2018 07:00 Clear winter morning with shadows;FS5_SEV4_GIS_TIME;30;0,002982076611187372;0,0031166276642265456;0,00024732057262192;0,03930648105656478;0,039608912851494524;0,011468724222547973;0,05460839323022947;0,05582676476589473;0,01572642911222761;-0,001218371535665258;92,6479078984395;7,352092101560509
SC1 29.01.2018 07:00 Clear winter morning with shadows;FS5_SEV4_GIS_TIME;45;0,004507834171715746;0,00458155198688602;0,00034656746709644924;0,04943987625108101;0,049300277251030714;0,015305229803241456;0,06714040640118099;0,06768716264467008;0,018616322598635028;-0,0005467562434890855;92,96755140916108;7,0324485908389285
SC1 29.01.2018 07:00 Clear winter morning with shadows;FS5_SEV4_GIS_TIME;60;0,006370957077543544;0,006295145259205106;0,0005101736347511166;0,06053962361634043;0,05860734447403832;0,017896415902051464;0,07981827533556174;0,07934195144565771;0,022587023592122904;0,0004763238899040262;92,50331038558384;7,496689614416156
SC1 29.01.2018 07:00 Clear winter morning with shadows;FS5_SEV4_GIS_TIME;75;0,007846683691820334;0,008157001274121323;0,0008972219479492622;0,06698895831563605;0,06549071447539537;0,025649082652334846;0,08858150874657947;0,09031611857316126;0,02995366334773198;-0,0017346098265817872;90,09056960554945;9,909430394450546
SC1 29.01.2018 07:00 Clear winter morning with shadows;FS5_SEV4_GIS_TIME;90;0,009342790545235883;0,009600606836817335;0,0012130266051479236;0,07247984083928147;0,07229347497913476;0,029926162584921093;0,09665811163702652;0,09798268641355642;0,034828531481357686;-0,0013245747765299049;88,78243273495436;11,217567265045645
SC1 29.01.2018 07:00 Clear winter morning with shadows;FS5_SEV4_GIS_TIME;105;0,011357330502712168;0,010466592327477214;0,0016682397495584957;0,08253935426603452;0,07673714851597116;0,03430556718289588;0,1065707769640072;0,10230636503892225;0,040844090754459154;0,004264411925084949;86,25246942876517;13,74753057123484
SC1 29.01.2018 07:00 Clear winter morning with shadows;FS5_SEV4_GIS_TIME;120;0,013225018317807324;0,011595729396576257;0,0035636198008304034;0,09005740160394789;0,08149239715846868;0,05408524747332167;0,11500007964261295;0,10768346853893711;0,05969606185361312;0,007316611103675846;76,49226391961446;23,507736080385556
SC1 29.01.2018 07:00 Clear winter morning with shadows;FS5_SEV4_GIS_TIME;135;0,014078585013571452;0,011749259445335359;0,003985613137775825;0,09564019260203577;0,08305712529172268;0,055549135760477146;0,11865321324587653;0,10839400096562245;0,06313171261557717;0,010259212280254087;74,6701912155696;25,329808784430384
SC1 29.01.2018 07:00 Clear winter morning with shadows;FS5_SEV4_GIS_TIME;150;0,017270706379240882;0,013428194817512526;0,00391386799198625;0,10679469638459921;0,09083575206710862;0,05335261581340499;0,13141805956275904;0,11588008809762153;0,06256091425152169;0,01553797146513751;77,4313584549901;22,56864154500989
SC1 29.01.2018 07:00 Clear winter morning with shadows;FS5_SEV4_GIS_TIME;165;0,016200918311880336;0,013167955772743423;0,004014101288627039;0,10389962960390389;0,09100300857763398;0,0547387622498365;0,12728282803222254;0,11475171359393037;0,06335693560003544;0,012531114438292176;76,63783053280775;23,362169467192246
SC1 29.01.2018 07:00 Clear winter morning with shadows;FS5_SEV4_GIS_TIME;180;0,019117911963827863;0,014172145547006658;0,004087269035970256;0,11283584514665022;0,09646545857141485;0,05585240851740228;0,13826753763565713;0,11904682081856137;0,0639317529555561;0,019220716817095765;77,61555269257767;22,38444730742233
SC1 29.01.2018 07:00 Clear winter morning with shadows;FS6_SEV4_GIS_SENSOR_TIME;0;0,000417207770663895;0,000417207770663895;0,0;0,010729115671373359;0,010729115671373359;0,0;0,02042566450972636;0,02042566450972636;0,0;0,0;100,0;0,0
SC1 29.01.2018 07:00 Clear winter morning with shadows;FS6_SEV4_GIS_SENSOR_TIME;15;0,001536882144011889;0,0014225293763251332;1,884637380731436e-05;0,02114841886848829;0,02041489799772933;0,001994045381259201;0,03920308844991539;0,03771643376997795;0,004341241044599385;0,0014866546799374367;98,69247322874811;1,30752677125188
SC1 29.01.2018 07:00 Clear winter morning with shadows;FS6_SEV4_GIS_SENSOR_TIME;30;0,004303659825254021;0,004319615975518539;9,193722542342056e-05;0,0435878511888984;0,04202527882328969;0,004047982144489217;0,06560228521365716;0,06572378546248336;0,009588390137213888;-0,00012150024882620625;97,9159896472791;2,084010352720897
SC1 29.01.2018 07:00 Clear winter morning with shadows;FS6_SEV4_GIS_SENSOR_TIME;45;0,008783055364926589;0,008254008262674993;5,8801609701129666e-05;0,06919908804890032;0,06648301655701255;0,004264126462278081;0,09371795647007349;0,09085157270336597;0,007668220765022983;0,002866383766707517;99,29263858305566;0,7073614169443515
SC1 29.01.2018 07:00 Clear winter morning with shadows;FS6_SEV4_GIS_SENSOR_TIME;60;0,015194740480916987;0,014470821198633115;0,00013443639763371628;0,09791994055058345;0,09367365771995904;0,006474593077410958;0,12326694804738611;0,1202947263957698;0,011594671087776327;0,0029722216516163136;99,07953422425032;0,920465775749678
SC1 29.01.2018 07:00 Clear winter morning with shadows;FS6_SEV4_GIS_SENSOR_TIME;75;0,02290776329363166;0,01990753805586513;0,0004695151553655266;0,12672874531321182;0,11447654335602106;0,01741355365670439;0,15135310797480064;0,1410940751975969;0,021668298395709953;0,010259032777203747;97,69586332970482;2,3041366702951773
SC1 29.01.2018 07:00 Clear winter morning with shadows;FS6_SEV4_GIS_SENSOR_TIME;90;0,035423858496599646;0,028987612824740272;0,0007983769097575002;0,16394169305087633;0,14495546505506973;0,02546410044001888;0,18821226978228503;0,17025748977575192;0,02825556422649352;0,01795478000653311;97,31962269216513;2,6803773078348634
SC1 29.01.2018 07:00 Clear winter morning with shadows;FS6_SEV4_GIS_SENSOR_TIME;105;0,04809785831845555;0,039459109321978623;0,0011058828697241133;0,19752082376941338;0,17426222760347715;0,029916760827929004;0,2193122393266175;0,1986431708415334;0,03325481724087675;0,020669068485084097;97,27379987034655;2,7262001296534533
SC1 29.01.2018 07:00 Clear winter morning with shadows;FS6_SEV4_GIS_SENSOR_TIME;120;0,05878829261301429;0,047949810415292754;0,0014636755774298268;0,22068629654041294;0,19470836133889105;0,0338066258505091;0,24246297163281302;0,2189744515127113;0,038258013244676294;0,02348852012010172;97,03790261297212;2,962097387027888
SC1 29.01.2018 07:00 Clear winter morning with shadows;FS6_SEV4_GIS_SENSOR_TIME;135;0,07016139761066355;0,050601905141304845;0,0033724084936610776;0,24379513086635704;0,19949196837834135;0,05317893413715621;0,26487996830765353;0,22494867223725692;0,058072441774572194;0,03993129607039661;93,75182699595027;6,248173004049738
SC1 29.01.2018 07:00 Clear winter morning with shadows;FS6_SEV4_GIS_SENSOR_TIME;150;0,07398684753464094;0,04844460065345839;0,005726984395673664;0,2509514729838661;0,19374304393621586;0,0710405493928328;0,2720052343883127;0,22010134178023175;0,07567684187169589;0,051903892608080954;89,42806567229027;10,57193432770973
SC1 29.01.2018 07:00 Clear winter morning with shadows;FS6_SEV4_GIS_SENSOR_TIME;165;0,07424781186931113;0,04975606071578833;0,006114551512827111;0,2509036831441439;0,19556658019782389;0,0729578697568313;0,2724845167515232;0,2230606659987106;0,07819559778419186;0,04942385075281258;89,05587164893211;10,9441283510679
SC1 29.01.2018 07:00 Clear winter morning with shadows;FS6_SEV4_GIS_SENSOR_TIME;180;0,07606950711689374;0,04828782770187797;0,007716706097623253;0,25430205195769134;0,1918062654356347;0,0827836401019625;0,27580701063768076;0,21974491507627195;0,08784478412303859;0,056062095561408815;86,22128321744556;13,778716782554445
SC1 29.01.2018 07:00 Clear winter morning with shadows;FS7_SEV12_TIME;0;0,002400534753496555;0,002400534753496555;0,0;0,019222381092002284;0,019222381092002284;0,0;0,04899525235669835;0,04899525235669835;0,0;0,0;100,0;0,0
SC1 29.01.2018 07:00 Clear winter morning with shadows;FS7_SEV12_TIME;15;0,0044427502294328205;0,003920869099013224;0,00018806454195793542;0,028387979455030764;0,025008504507788017;0,010256748562468622;0,0666539588429136;0,06261684357274186;0,013713662601870276;0,00403711527017174;95,4230328744495;4,576967125550506
SC1 29.01.2018 07:00 Clear winter morning with shadows;FS7_SEV12_TIME;30;0,00791372830857183;0,006255934906468;0,000739660397060321;0,04837773136300584;0,042571867798333766;0,023269947896252818;0,08895913842080436;0,07909446824189413;0,027196698274980384;0,009864670178910226;89,42676977487157;10,573230225128425
SC1 29.01.2018 07:00 Clear winter morning with shadows;FS7_SEV12_TIME;45;0,012435463060787917;0,008367247890841298;0,0030367713115873663;0,07137632060220155;0,05533624784143299;0,05118699716543084;0,11151440741351727;0,09147266198619836;0,055106908020568224;0,020041745427318916;73,37104350946166;26,628956490538343
SC1 29.01.2018 07:00 Clear winter morning with shadows;FS7_SEV12_TIME;60;0,017881647336579192;0,010642182400765757;0,005059744563715006;0,09414300985978265;0,06614299006435477;0,06821263131143442;0,13372227688975083;0,10316095385738616;0,07113188148583591;0,030561323032364668;67,7762826488709;32,223717351129096
SC1 29.01.2018 07:00 Clear winter morning with shadows;FS7_SEV12_TIME;75;0,02390011225020428;0,012634103283505373;0,008397124734512713;0,11630294604493152;0,07522804172005071;0,08847669481452722;0,15459661138008257;0,11240152705148349;0,09163582669738246;0,042195084328599086;60,07306502825872;39,92693497174128
SC1 29.01.2018 07:00 Clear winter morning with shadows;FS7_SEV12_TIME;90;0,034090117980141506;0,015494811120927654;0,012421356684816457;0,14811820758140662;0,08612804895071798;0,10874599351811765;0,18463509411848417;0,12447815519571157;0,11145114034776162;0,0601569389227726;55,50479288113248;44,495207118867526
SC1 29.01.2018 07:00 Clear winter morning with shadows;FS7_SEV12_TIME;105;0,04752893231102255;0,016963956259351768;0,01798109121617616;0,18389752346336805;0,0943043361081904;0,13168062235941327;0,21801131234645268;0,1302457533255951;0,1340935912569134;0,08776555902085759;48,54466508088636;51,45533491911364
SC1 29.01.2018 07:00 Clear winter morning with shadows;FS7_SEV12_TIME;120;0,057650553683451254;0,019235620921510196;0,024164477150007666;0,20779201482518314;0,1012443176068237;0,152741426727109;0,24010529707495262;0,1386925409728663;0,15544927516719936;0,10141275610208633;44,3216070383351;55,678392961664905
SC1 29.01.2018 07:00 Clear winter morning with shadows;FS7_SEV12_TIME;135;0,07100606212569542;0,021106770615733;0,028536042061935843;0,23433319595894206;0,11211974562565942;0,16700251816785824;0,26646962702284743;0,14528169401453508;0,16892614380828044;0,12118793300831235;42,51727385549127;57,482726144508725
SC1 29.01.2018 07:00 Clear winter morning with shadows;FS7_SEV12_TIME;150;0,08440174579219652;0,02227897505967902;0,035500723684594504;0,26100809730476904;0,11622242644214416;0,18667025240086046;0,29051978554342306;0,1492614319229151;0,18841635726389178;0,14125835362050795;38,558482553332915;61,44151744666709
SC1 29.01.2018 07:00 Clear winter morning with shadows;FS7_SEV12_TIME;165;0,08824019282478758;0,024185031526566207;0,03688697965322898;0,26788475368130005;0,12084608082165227;0,18944884720605923;0,2970525085313834;0,1555153739235006;0,19205983352390207;0,14153713460788278;39,60084342951438;60,39915657048562
SC1 29.01.2018 07:00 Clear winter morning with shadows;FS7_SEV12_TIME;180;0,09037816565858917;0,022700712836474648;0,04399588861316463;0,2719452448486033;0,11747933433307692;0,20598164467973315;0,30062961540505145;0,15066755734555018;0,20975196927124337;0,14996205805950127;34,035786446503295;65,96421355349669
SC1 29.01.2018 07:00 Clear winter morning with shadows;FS8_SEV12_GIS_TIME;0;0,00046918534707811094;0,00046918534707811094;0,0;0,014345454208622458;0,014345454208622458;0,0;0,021660686671435673;0,021660686671435673;0,0;0,0;100,0;0,0
SC1 29.01.2018 07:00 Clear winter morning with shadows;FS8_SEV12_GIS_TIME;15;0,0012527047230604929;0,0010918387963818707;7,302370347587568e-05;0,02296195090748855;0,02239843433582816;0,005928097754940951;0,03539356895059458;0,0330429840719913;0,008545390773737364;0,002350584878603283;93,731131057546;6,268868942454013
SC1 29.01.2018 07:00 Clear winter morning with shadows;FS8_SEV12_GIS_TIME;30;0,002728281118259145;0,002466329663293599;0,0004950193883899284;0,03645753837931988;0,03362649797668676;0,01681643638954456;0,05223295050309857;0,0496621552421318;0,022249031178681204;0,0025707952609667697;83,28399051410337;16,71600948589663
SC1 29.01.2018 07:00 Clear winter morning with shadows;FS8_SEV12_GIS_TIME;45;0,003846953019391246;0,003754781889680611;0,0013346254486827588;0,04443909401677945;0,04609933767988327;0,03322515423920478;0,06202381010056739;0,06127627509632591;0,036532525900665;0,0007475350042414827;73,77640735056703;26,223592649432977
SC1 29.01.2018 07:00 Clear winter morning with shadows;FS8_SEV12_GIS_TIME;60;0,006363940988507678;0,005040015651054728;0,0022802595771339164;0,06152142812669527;0,053461405598961786;0,044663082697053456;0,07977431283632394;0,07099306762673893;0,04775206359031949;0,008781245209585009;68,85008410130294;31,14991589869705
SC1 29.01.2018 07:00 Clear winter morning with shadows;FS8_SEV12_GIS_TIME;75;0,008438353281306212;0,006477965599831295;0,003344529726090057;0,0718580948321106;0,061300298519792316;0,054787690809679414;0,09186050991207381;0,08048580992840475;0,057831909237807955;0,011374699983669065;65,95030473301509;34,04969526698491
SC1 29.01.2018 07:00 Clear winter morning with shadows;FS8_SEV12_GIS_TIME;90;0,011346507830816218;0,007616205036927734;0,004463828735549771;0,08483980052740515;0,06744205594932623;0,0634258059948099;0,10651998794036835;0,08727087164070114;0,06681189067486244;0,019249116299667204;63,047878676300414;36,95212132369958
SC1 29.01.2018 07:00 Clear winter morning with shadows;FS8_SEV12_GIS_TIME;105;0,01610338603293588;0,008177188190010497;0,005109794030166313;0,10464234994582652;0,0698184217568034;0,06712637884227851;0,12689911754199035;0,0904278065088969;0,07148282332257389;0,03647131103309345;61,542854912480514;38,45714508751948
SC1 29.01.2018 07:00 Clear winter morning with shadows;FS8_SEV12_GIS_TIME;120;0,021794675366053205;0,00888903950549503;0,009171846959794618;0,125967183048827;0,07342438504933495;0,09147148942375041;0,14763019801535593;0,09428170291999943;0,09576976015316431;0,053348495095356496;49,217072055562994;50,78292794443702
SC1 29.01.2018 07:00 Clear winter morning with shadows;FS8_SEV12_GIS_TIME;135;0,027277334153326484;0,00954072258549835;0,010459079121493482;0,14275316609260588;0,07710492945920451;0,09698401189516924;0,16515851220365993;0,09767662251275046;0,10226963929482435;0,06748188969090947;47,70408589682647;52,29591410317354
SC1 29.01.2018 07:00 Clear winter morning with shadows;FS8_SEV12_GIS_TIME;150;0,029988260660912276;0,010655853166694365;0,011786749720777699;0,14973807800888272;0,08230050996382776;0,10264224061784126;0,17317118888808344;0,10322719199268361;0,1085667984274092;0,06994399689539983;47,48046926697031;52,51953073302968
SC1 29.01.2018 07:00 Clear winter morning with shadows;FS8_SEV12_GIS_TIME;165;0,02887484703445321;0,011417366721101213;0,010812245592990629;0,14598144047760583;0,08499534388330597;0,09849584068802843;0,16992600458568197;0,10685207869340312;0,10398194839966517;0,06307392589227885;51,3610699088238;48,638930091176206
SC1 29.01.2018 07:00 Clear winter morning with shadows;FS8_SEV12_GIS_TIME;180;0,033911111541200446;0,012774839928028959;0,011645603271756682;0,1619164623002498;0,09093199504873047;0,10288603159506916;0,1841496987268794;0,11302583743564548;0,10791479635229213;0,07112386129123391;52,31207240391564;47,687927596084364
SC1 29.01.2018 07:00 Clear winter morning with shadows;FS9_SEV12_GIS_SENSOR_TIME;0;0,0003954232437410141;0,0003954232437410141;0,0;0,010714337159588331;0,010714337159588331;0,0;0,01988525191545267;0,01988525191545267;0,0;0,0;100,0;0,0
SC1 29.01.2018 07:00 Clear winter morning with shadows;FS9_SEV12_GIS_SENSOR_TIME;15;0,001651453640714005;0,0014270640235075362;1,8205923929142093e-05;0,02445638383446499;0,022778840718107957;0,0024021770384974944;0,04063808116427257;0,037776500943146336;0,004266840040257203;0,002861580221126231;98,74030979738893;1,2596902026110766
SC1 29.01.2018 07:00 Clear winter morning with shadows;FS9_SEV12_GIS_SENSOR_TIME;30;0,004500974981189407;0,004069664531764219;3,131928261853006e-05;0,045469836045166814;0,04289943979751356;0,0034812825884836824;0,06708930601213138;0,06379392237324978;0,00559636333868076;0,0032953836388815994;99,23629831191508;0,7637016880849118
SC1 29.01.2018 07:00 Clear winter morning with shadows;FS9_SEV12_GIS_SENSOR_TIME;45;0,009027524804537163;0,007707944724052695;0,00012740760379282065;0,07079816501224694;0,06621470244477887;0,006072328273040145;0,09501328751567942;0,08779490146957677;0,011287497676315183;0,007218386046102643;98,37393905900012;1,6260609409998783
SC1 29.01.2018 07:00 Clear winter morning with shadows;FS9_SEV12_GIS_SENSOR_TIME;60;0,015960268568345194;0,013147891805756165;0,00022385941793585736;0,1008936184630644;0,09085788691745676;0,011606679881797798;0,12633395651346155;0,11466425687962298;0,014961932292850992;0,01166969963383857;98,32587808290043;1,6741219170995647
SC1 29.01.2018 07:00 Clear winter morning with shadows;FS9_SEV12_GIS_SENSOR_TIME;75;0,025933907887596093;0,0205955767878269;0,00047388996602021636;0,13609334343117296;0,11959729221212478;0,018414639652386974;0,1610400816181987;0,14351159112708248;0,021769013896366925;0,01752849049111621;97,75082126398054;2,249178736019448
SC1 29.01.2018 07:00 Clear winter morning with shadows;FS9_SEV12_GIS_SENSOR_TIME;90;0,03796269237424289;0,028769952037362052;0,0010008558423284515;0,16984371737622403;0,1463653658425513;0,02631978377171639;0,19484017135653237;0,16961707472233464;0,031636305762975096;0,025223096634197723;96,63813005554603;3,3618699444539777
SC1 29.01.2018 07:00 Clear winter morning with shadows;FS9_SEV12_GIS_SENSOR_TIME;105;0,05450170528548075;0,03842351814592091;0,00209721641304882;0,2109199421398634;0,1727030508495354;0,039945054799318314;0,233456002890225;0,19601917800542096;0,045795375454829715;0,03743682488480404;94,82433762399656;5,17566237600344
SC1 29.01.2018 07:00 Clear winter morning with shadows;FS9_SEV12_GIS_SENSOR_TIME;120;0,0663400125750669;0,04111333924025179;0,004306829020797969;0,23481022654242312;0,1784999260371238;0,0595057293053355;0,25756555005486836;0,20276424546810956;0,06562643538085829;0,0548013045867588;90,51780478653288;9,482195213467111
SC1 29.01.2018 07:00 Clear winter morning with shadows;FS9_SEV12_GIS_SENSOR_TIME;135;0,08161057870561793;0,04793592238018015;0,006417446135083786;0,26472940887528107;0,193953574479224;0,07315587783979474;0,28567565298012;0,2189427376739867;0,08010896413687912;0,06673291530613329;88,19310318682165;11,806896813178358
SC1 29.01.2018 07:00 Clear winter morning with shadows;FS9_SEV12_GIS_SENSOR_TIME;150;0,08798259426705515;0,04646978670498823;0,010327007156813815;0,2767861922451041;0,1894835761740869;0,09353037614525433;0,2966186006761126;0,21556851974485566;0,10162188325756326;0,08105008093125696;81,81762304762925;18,182376952370742
SC1 29.01.2018 07:00 Clear winter morning with shadows;FS9_SEV12_GIS_SENSOR_TIME;165;0,0941363177705611;0,04789892078410163;0,011894534602978842;0,28710895152808646;0,19165922189566087;0,1018876193725802;0,3068164235671896;0,21885822073685426;0,10906206766322947;0,08795820283033531;80,10729681705452;19,89270318294548
SC1 29.01.2018 07:00 Clear winter morning with shadows;FS9_SEV12_GIS_SENSOR_TIME;180;0,10055450624418391;0,04800488923995713;0,014912402615057385;0,29812277501414863;0,19141165030003382;0,11421625844268962;0,31710330531891956;0,21910018083049848;0,12211634868049971;0,09800312448842108;76,29840354632354;23,701596453676455
SC2 22.03.2018 14:30 Cloudy evening;FS4_SEV4_TIME;0;0,0030794170041714315;0,0030794170041714315;0,0;0,04062951246904716;0,04062951246904716;0,0;0,05549249502564677;0,05549249502564677;0,0;0,0;100,0;0,0
SC2 22.03.2018 14:30 Cloudy evening;FS4_SEV4_TIME;15;0,002128256434951209;0,0021814058136580927;2,065031514171726e-05;0,032553768946846424;0,033256294817274164;0,0032609435763672322;0,04613302976123733;0,0467055223036644;0,004544261781820812;-0,0005724925424270694;99,06222575929651;0,9377742407034981
SC2 22.03.2018 14:30 Cloudy evening;FS4_SEV4_TIME;30;0,0013362520732760465;0,0013001990488671466;3,895558276465091e-05;0,025534037440729154;0,02466584328499654;0,005303017137681737;0,03655478181135878;0,03605827296012867;0,006241440760325368;0,0004965088512301069;97,09103177150031;2,9089682284996794
SC2 22.03.2018 14:30 Cloudy evening;FS4_SEV4_TIME;45;0,000809227104038426;0,0009477114514719181;0,00014671741803147753;0,019681749963506436;0,0214900510700287;0,011301585199201809;0,028446917302906934;0,030784922469805215;0,012112696563171947;-0,0023380051668982806;86,59415681367656;13,405843186323432
SC2 22.03.2018 14:30 Cloudy evening;FS4_SEV4_TIME;60;0,0008457676257226839;0,0009201311987595553;0,00016826820794876255;0,022216450734165755;0,02314380246204501;0,01131073534488678;0,02908208427404549;0,03033366444661039;0,012971823616930757;-0,001251580172564902;84,53984751262759;15,460152487372408
SC2 22.03.2018 14:30 Cloudy evening;FS4_SEV4_TIME;75;0,00047134935690800546;0,0006289434829781195;9,832305246695563e-05;0,015870563460411637;0,019524789168154238;0,008765530034347817;0,021710581680553967;0,025078745642039584;0,009915798125564862;-0,0033681639614856172;86,480465183678;13,51953481632199
SC2 22.03.2018 14:30 Cloudy evening;FS4_SEV4_TIME;90;0,0003981148822197005;0,0005877138037533166;0,0001033624575659138;0,014575632554258802;0,019632321122471565;0,009419998085057293;0,019952816398185507;0,024242809320565894;0,01016673288553967;-0,004289992922380387;85,04326318941993;14,956736810580063
SC2 22.03.2018 14:30 Cloudy evening;FS4_SEV4_TIME;105;0,0006102949867256742;0,0009444905967336129;6,530909155620056e-05;0,02183954230163542;0,028408119445969313;0,007696542166062256;0,024704149180363896;0,030732565736261153;0,008081404058466609;-0,006028416555897257;93,53247061634498;6,4675293836550285
SC2 22.03.2018 14:30 Cloudy evening;FS4_SEV4_TIME;120;0,0006607722655054832;0,0007965885224585354;1,681028358231938e-05;0,024389259851116656;0,02696918078321533;0,003674762006159182;0,025705490960210877;0,028223899844963582;0,004100034583063828;-0,002518408884752705;97,93332822012096;2,066671779879038
SC2 22.03.2018 14:30 Cloudy evening;FS4_SEV4_TIME;135;0,0006836815846816901;0,0005691240673069505;1,5099711927955404e-05;0,024833747104942353;0,022331543116447198;0,002705382655805616;0,026147305495627843;0,02385632132804533;0,0038858347787773225;0,0022909841675825132;97,41542325652513;2,58457674347488
SC2 22.03.2018 14:30 Cloudy evening;FS4_SEV4_TIME;150;0,00039816134772268784;9,832152629588382e-05;0,00016427355968166008;0,017844852187507823;0,008500202970440102;0,011086355616797262;0,019953980748780124;0,009915721168724129;0,012816924735741413;0,010038259580055995;37,44225674668257;62,55774325331743
SC2 22.03.2018 14:30 Cloudy evening;FS4_SEV4_TIME;165;0,0002149691940643096;8,471561702267094e-05;0,0002669180657593514;0,012354565196535574;0,007666543936876966;0,01596813126286464;0,01466182778729547;0,009204108703327604;0,016337627298948627;0,005457719083967867;24,09200857904905;75,90799142095095
SC2 22.03.2018 14:30 Cloudy evening;FS4_SEV4_TIME;180;0,0005335763329838735;2,0386778614078872e-05;0,00037957289057660064;0,02288910621340818;0,003925149011453446;0,019276453568054748;0,023099271265212534;0,004515172047007608;0,019482630484013205;0,018584099218204926;5,097208589888981;94,90279141011102
SC2 22.03.2018 14:30 Cloudy evening;FS5_SEV4_GIS_TIME;0;0,0041781735850214595;0,0041781735850214595;0,0;0,054364351930621495;0,054364351930621495;0,0;0,06463879318970504;0,06463879318970504;0,0;0,0;100,0;0,0
SC2 22.03.2018 14:30 Cloudy evening;FS5_SEV4_GIS_TIME;15;0,0020119442194093543;0,002131755145358774;0,00010719377697639075;0,03541032228164158;0,037407062518787594;0,00706077553331852;0,04485470119629997;0,04617093398837383;0,010353442759603723;-0,0013162327920738584;95,21231699807647;4,787683001923531
SC2 22.03.2018 14:30 Cloudy evening;FS5_SEV4_GIS_TIME;30;0,0016524644469444864;0,0012687102433177047;0,00015926503385420981;0,03482219589451339;0,02888862712367366;0,00979498987469603;0,04065051594930237;0,03561895904315151;0,012620025113057811;0,005031556906150862;88,84679333036969;11,153206669630306
SC2 22.03.2018 14:30 Cloudy evening;FS5_SEV4_GIS_TIME;45;0,0007858259192208847;0,0006659473645328354;0,001050977469783984;0,023069119960681318;0,021209794724851884;0,029193107011344505;0,028032586737953467;0,025805955989515975;0,03241878266968062;0,002226630748437493;38,787217193338705;61,2127828066613
SC2 22.03.2018 14:30 Cloudy evening;FS5_SEV4_GIS_TIME;60;0,0014240395723637298;0,0004601306561986611;0,0007947500764665743;0,031137355223514834;0,016813863559266493;0,024458285062401382;0,03773644885735447;0,021450656311606437;0,02819131207422908;0,016285792545748034;36,66728193534311;63,33271806465689
SC2 22.03.2018 14:30 Cloudy evening;FS5_SEV4_GIS_TIME;75;0,00060197128026956;0,0004991029414914029;0,0003435704167540009;0,01992180468031259;0,017038631892314894;0,014368005593617757;0,024535103021376535;0,022340611931892174;0,018535652585058907;0,0021944910894843607;59,22851797885532;40,77148202114468
SC2 22.03.2018 14:30 Cloudy evening;FS5_SEV4_GIS_TIME;90;0,0006575583682988221;0,00039100005168109383;0,00026315261069647923;0,0211684687895415;0,015204783201984488;0,013872993875432898;0,025642900933763757;0,019773721240097773;0,016221979247196663;0,0058691796936659844;59,77198812582542;40,22801187417458
SC2 22.03.2018 14:30 Cloudy evening;FS5_SEV4_GIS_TIME;105;0,0003116775221617213;0,00032964332716589454;0,00019708575037067255;0,013924268600735631;0,01283140964950267;0,012598897872576073;0,01765439101645031;0,01815608237384636;0,014038723245746836;-0,0005016913573960523;62,583088958670544;37,416911041329456
SC2 22.03.2018 14:30 Cloudy evening;FS5_SEV4_GIS_TIME;120;0,00014010334715758183;0,00023569310594464708;0,00017147541526806514;0,008141942405880684;0,010742312082101054;0,011706945851997093;0,011836525975030926;0,015352299695636711;0,013094862170640252;-0,003515773720605785;57,88588598221146;42,11411401778854
SC2 22.03.2018 14:30 Cloudy evening;FS5_SEV4_GIS_TIME;135;0,00012195522300895765;0,0001415116031736495;7,688853267332965e-05;0,008837953379650258;0,007780244679372621;0,00644875440134931;0,011043333872022418;0,011895864961138786;0,008768610646694815;-0,0008525310891163672;64,79464979490618;35,20535020509382
SC2 22.03.2018 14:30 Cloudy evening;FS5_SEV4_GIS_TIME;150;0,0001561887703270442;0,00023045267425925007;0,00028355423903241836;0,01050605022696369;0,012029524351448643;0,01553779629184239;0,012497550573094082;0,015180667780412365;0,01683906882913715;-0,002683117207318283;44,83454761015672;55,165452389843274
SC2 22.03.2018 14:30 Cloudy evening;FS5_SEV4_GIS_TIME;165;0,00013594977443952155;0,0003114985939048007;0,0005037258184077359;0,008946105327229106;0,015555266378455451;0,021685148241804605;0,011659750187697914;0,01764932276051409;0,022443836980510615;-0,005989572572816177;38,21016510302687;61,78983489697314
SC2 22.03.2018 14:30 Cloudy evening;FS5_SEV4_GIS_TIME;180;0,0002869552266683841;3,890327260881463e-05;0,0003948493339444116;0,01584126198496438;0,005022576813347667;0,019087451669546934;0,016939752851455186;0,0062372488012596245;0,019870816136847817;0,010702504050195561;8,969000305947619;91,03099969405238
SC2 22.03.2018 14:30 Cloudy evening;FS6_SEV4_GIS_SENSOR_TIME;0;0,0034986605464998283;0,0034986605464998283;0,0;0,04026519187184807;0,04026519187184807;0,0;0,059149476299455335;0,059149476299455335;0,0;0,0;100,0;0,0
SC2 22.03.2018 14:30 Cloudy evening;FS6_SEV4_GIS_SENSOR_TIME;15;0,002816043893018249;0,0028884300548303616;2,9934732287376006e-05;0,03266232014318749;0,033156713128256514;0,004192637650119345;0,05306641021416701;0,05374411646711072;0,005471264231178751;-0,0006777062529437078;98,97426351840888;1,0257364815911318
SC2 22.03.2018 14:30 Cloudy evening;FS6_SEV4_GIS_SENSOR_TIME;30;0,003304840056221155;0,0038135808624576955;6,575039659300812e-05;0,04513145645410599;0,04849185301409034;0,005847534685231307;0,05748773831193183;0,06175419712422545;0,00810866182504907;-0,004266458812293622;98,30511002535273;1,6948899746472708
SC2 22.03.2018 14:30 Cloudy evening;FS6_SEV4_GIS_SENSOR_TIME;45;0,0042662157103447815;0,005398478401038888;0,00012962735017107047;0,05784084764788697;0,0657237254604023;0,009948171521126129;0,06531627446773722;0,07347433838449237;0,011385400747056313;-0,008158063916755151;97,65512173599976;2,3448782640002577
SC2 22.03.2018 14:30 Cloudy evening;FS6_SEV4_GIS_SENSOR_TIME;60;0,004616082997463512;0,005821667965918559;0,00015298109007228901;0,05908032292294704;0,0667613527197562;0,009718913208969213;0,06794176180717948;0,07629985560876612;0,012368552464710211;-0,008358093801586641;97,43949663589207;2,5605033641079413
SC2 22.03.2018 14:30 Cloudy evening;FS6_SEV4_GIS_SENSOR_TIME;75;0,006672698602227566;0,007453127941213019;0,00015312666142091094;0,07616554083156545;0,08006830118277761;0,007436438604620182;0,08168658765199809;0,08633150028357563;0,012374435802124916;-0,004644912631577541;97,98683229236258;2,013167707637416
SC2 22.03.2018 14:30 Cloudy evening;FS6_SEV4_GIS_SENSOR_TIME;90;0,007229305216525204;0,0078577877421935;0,0002238319607964637;0,0800753659415421;0,08217113662008554;0,010008188153410123;0,08502532103159155;0,08864416361043462;0,014961014698089956;-0,003618842578843068;97,23035766315937;2,7696423368406258
SC2 22.03.2018 14:30 Cloudy evening;FS6_SEV4_GIS_SENSOR_TIME;105;0,008844929394441581;0,00874105665996225;0,0003042557263870875;0,08825852294334731;0,08795706837059286;0,012943418745173891;0,09404748478530184;0,09349361828468428;0,01744292768967089;0,0005538665006175614;96,63631599007843;3,363684009921566
SC2 22.03.2018 14:30 Cloudy evening;FS6_SEV4_GIS_SENSOR_TIME;120;0,010165287763066383;0,009543743462772985;0,00042696654639655623;0,09531090497873994;0,0932906965969134;0,015903336706536788;0,10082305174446161;0,09769208495458057;0,02066316883724653;0,0031309667898810484;95,71779195259018;4,282208047409838
SC2 22.03.2018 14:30 Cloudy evening;FS6_SEV4_GIS_SENSOR_TIME;135;0,010536898751032192;0,009328739004007231;0,00041530111824454607;0,09753601527973585;0,0924106410543231;0,01597522663425154;0,10264939722683321;0,09658539746777062;0,020378938103948058;0,006063999759062591;95,73789605713803;4,262103942861978
SC2 22.03.2018 14:30 Cloudy evening;FS6_SEV4_GIS_SENSOR_TIME;150;0,01051201100142179;0,008775701407201538;0,0004913798436771687;0,0974544648869317;0,08966498349020463;0,01748449708432404;0,10252809859458913;0,09367871373584043;0,02216708920172355;0,008849384858748699;94,69757704314317;5,302422956856842
SC2 22.03.2018 14:30 Cloudy evening;FS6_SEV4_GIS_SENSOR_TIME;165;0,009995815580112229;0,007250730282002133;0,0006045635592716133;0,09563283439067712;0,0811816867128517;0,020312593638229726;0,09997907571143189;0,08515122008522329;0,024587874232466972;0,0148278556262086;92,30374354559368;7,696256454406327
SC2 22.03.2018 14:30 Cloudy evening;FS6_SEV4_GIS_SENSOR_TIME;180;0,01246467033045351;0,007590780526892085;0,0009202109827239672;0,1070564953286429;0,08276073616234622;0,02621988844764125;0,11164528799037383;0,08712508552014216;0,030334979524040677;0,024520202470231678;89,18796967798316;10,81203032201685
SC2 22.03.2018 14:30 Cloudy evening;FS7_SEV12_TIME;0;0,005511433291305383;0,005511433291305383;0,0;0,060423641290909685;0,060423641290909685;0,0;0,07423902808702026;0,07423902808702026;0,0;0,0;100,0;0,0
SC2 22.03.2018 14:30 Cloudy evening;FS7_SEV12_TIME;15;0,002963722918227223;0,002471551206659129;0,00043213359560781244;0,04242155324209339;0,037352801683776235;0,018492194531607803;0,054440085582475185;0,0497146980948203;0,020787823253236797;0,004725387487654886;85,11775123558726;14,882248764412742
SC2 22.03.2018 14:30 Cloudy evening;FS7_SEV12_TIME;30;0,0018476403702880788;0,0012900230324944242;0,0005868221325721084;0,03294981275174407;0,024147550311688925;0,02130628377199173;0,04298418744478112;0,0359168906295412;0,02422441191385476;0,007067296815239925;68,73358849762622;31,266411502373774
SC2 22.03.2018 14:30 Cloudy evening;FS7_SEV12_TIME;45;0,0009356471652298827;0,0009215181787869689;0,00034822500665740035;0,02182580019798272;0,02144843095035074;0,01569778483141871;0,030588350155408558;0,030356517896276723;0,018660787943101446;0,0002318322591318353;72,57516239116237;27,42483760883763
SC2 22.03.2018 14:30 Cloudy evening;FS7_SEV12_TIME;60;0,0013789891605390605;0,0009349296943898596;0,0005682180708554579;0,028843362063443387;0,024219652298781418;0,01958368773813601;0,03713474330783856;0,03057662006157416;0,023837325161507907;0,006558123246264397;62,19812289959907;37,80187710040092
SC2 22.03.2018 14:30 Cloudy evening;FS7_SEV12_TIME;75;0,0010168689432166864;0,0004717668770101926;0,00037371974876870785;0,0253118512660181;0,016786027374818924;0,016607148338247227;0,031888382574484495;0,021720195142083613;0,019331832524846368;0,010168187432400881;55,7982660666666;44,20173393333341
SC2 22.03.2018 14:30 Cloudy evening;FS7_SEV12_TIME;90;0,001249745912128508;0,0004254364775949118;0,00044428824553903814;0,02940145035318374;0,015720643158579434;0,01865568216200228;0,03535174553156475;0,020626111548106004;0,021078146159922085;0,014725633983458743;48,9162221423236;51,0837778576764
SC2 22.03.2018 14:30 Cloudy evening;FS7_SEV12_TIME;105;0,0012172050952716437;0,0002810294635543741;0,0006362280764753392;0,029330252492279458;0,012400916465667822;0,021681194874777723;0,03488846650788257;0,01676393341535256;0,025223561930769;0,01812453309253001;30,638010731999053;69,36198926800094
SC2 22.03.2018 14:30 Cloudy evening;FS7_SEV12_TIME;120;0,0005390750865851879;0,00013695149974561125;0,0004075003143001556;0,017013054868142655;0,008609037328529735;0,01692022195568791;0,02321799058026314;0,011702627899134932;0,020186637023044615;0,011515362681128209;25,154016611302733;74,84598338869726
SC2 22.03.2018 14:30 Cloudy evening;FS7_SEV12_TIME;135;0,0003369118029891081;0,00013786466022734336;0,0003709315083345698;0,014021871299209695;0,009413128642351479;0,017000097281007626;0,018355157394833423;0,011741578268160689;0,0192595822471457;0,0066135791266727344;27,096245755350495;72,9037542446495
SC2 22.03.2018 14:30 Cloudy evening;FS7_SEV12_TIME;150;0,0006182493424729267;9,846297286001762e-05;0,00042785628189686084;0,022192323794921053;0,007718565310682033;0,018093576070977682;0,024864620296174377;0,009922851044937519;0,020684687135580776;0,014941769251236858;18,707841670261597;81,2921583297384
SC2 22.03.2018 14:30 Cloudy evening;FS7_SEV12_TIME;165;0,000887680189489164;0,0002413821434541425;0,00026685724319190456;0,027737749554515044;0,013576151613115517;0,014626534794693563;0,029793962299250566;0,015536477832962737;0,016335765766927014;0,014257484466287829;47,49378930410369;52,50621069589631
SC2 22.03.2018 14:30 Cloudy evening;FS7_SEV12_TIME;180;0,00014557469372596178;0,00015020760210280145;8,126380127761492e-05;0,010273102015288664;0,011509055802515331;0,006842455885431788;0,012065433839110875;0,012255921103809434;0,009014643713293106;-0,00019048726469855955;64,89250935932665;35,10749064067335
SC2 22.03.2018 14:30 Cloudy evening;FS8_SEV12_GIS_TIME;0;0,005620725342626878;0,005620725342626878;0,0;0,06417229562496075;0,06417229562496075;0,0;0,07497149686798896;0,07497149686798896;0,0;0,0;100,0;0,0
SC2 22.03.2018 14:30 Cloudy evening;FS8_SEV12_GIS_TIME;15;0,0024710595061912368;0,002745667985203204;0,00039001168650036627;0,041881926861385144;0,04482880500029786;0,01529001915677838;0,04970975262653433;0,05239912198885783;0,019748713540389568;-0,0026893693623235015;87,56213238170217;12,437867618297837
SC2 22.03.2018 14:30 Cloudy evening;FS8_SEV12_GIS_TIME;30;0,00185248432670097;0,0009281637673624585;0,0011186986242210201;0,03643084244156472;0,020984269406362537;0,028897390988491038;0,04304049635751161;0,030465780268400456;0,03344695239062925;0,012574716089111152;45,34568475042522;54,65431524957477
SC2 22.03.2018 14:30 Cloudy evening;FS8_SEV12_GIS_TIME;45;0,0009076103536950112;0,0008848278093878281;0,00149824328583807;0,024435211635871937;0,02388656958705722;0,03443714944125317;0,030126572219471157;0,02974605535844758;0,038707147735761546;0,00038051686102357624;37,12972773495676;62,87027226504325
SC2 22.03.2018 14:30 Cloudy evening;FS8_SEV12_GIS_TIME;60;0,001133746328538443;0,0004972125027397034;0,0008690852080792784;0,027377370441331577;0,017348174015171084;0,026356835276992233;0,033671149795313535;0,02229826232556482;0,029480251153599056;0,011372887469748714;36,39122709513038;63,608772904869625
SC2 22.03.2018 14:30 Cloudy evening;FS8_SEV12_GIS_TIME;75;0,0007639274463274125;0,00039752784551648496;0,00047519680170025343;0,02239354739765923;0,014521057498664398;0,017874033638724574;0,027639237441134525;0,019938100348741477;0,021799009190792445;0,007701137092393048;45,550202665212474;54,44979733478752
SC2 22.03.2018 14:30 Cloudy evening;FS8_SEV12_GIS_TIME;90;0,0006212952595174688;0,0003121754329582789;0,000333445672167405;0,020439395235094727;0,012887414853570164;0,01637959005656066;0,024925795062895564;0,01766848700252172;0,01826049485001447;0,007257308060373845;48,35273049159496;51,647269508405046
SC2 22.03.2018 14:30 Cloudy evening;FS8_SEV12_GIS_TIME;105;0,0003031847145397317;0,0002450020196108238;0,00020665605692950166;0,013662708633762446;0,01162705729305536;0,012162758676863429;0,017412200163670635;0,015652540356466862;0,014375536752744283;0,0017596598072037728;54,2450212531402;45,75497874685979
SC2 22.03.2018 14:30 Cloudy evening;FS8_SEV12_GIS_TIME;120;0,0001791026318719561;0,0002890530644100109;0,00021339616673191907;0,010003801635543267;0,01433103455368528;0,012479381428824531;0,013382923143766316;0,017001560646305706;0,014608085662807399;-0,0036186375025393895;57,52881017512399;42,471189824876
SC2 22.03.2018 14:30 Cloudy evening;FS8_SEV12_GIS_TIME;135;0,00012696306085168847;0,00015527639565507474;0,00010289363413102737;0,008297339183511028;0,009327409448483552;0,007865497759029047;0,011267788640708898;0,012460994970509969;0,010143649941270025;-0,0011932063298010706;60,145012100639114;39,85498789936087
SC2 22.03.2018 14:30 Cloudy evening;FS8_SEV12_GIS_TIME;150;0,00012400202103678864;0,00011857075228993179;0,00015150523124654136;0,008930157535746518;0,008284931085255543;0,008965513265844601;0,011135619472520989;0,010889019803909432;0,012308746128121311;0,00024659966861155687;43,9027383099094;56,097261690090605
SC2 22.03.2018 14:30 Cloudy evening;FS8_SEV12_GIS_TIME;165;0,0002168669980987213;0,0003259110478167793;0,0006711221181919652;0,011055855117264311;0,015878751759405944;0,02432556517088591;0,014726404792029904;0,018053006614322704;0,025906024746995923;-0,0033266018222928;32,688084903077424;67,31191509692258
SC2 22.03.2018 14:30 Cloudy evening;FS8_SEV12_GIS_TIME;180;0,0009775351365458635;6,373322971713341e-05;0,0011054811334902217;0,029326910729779485;0,006332429216548518;0,03212410157865232;0,03126555831175678;0,007983309446409641;0,03324877642094851;0,02328224886534714;5,4509448158250695;94,54905518417493
SC2 22.03.2018 14:30 Cloudy evening;FS9_SEV12_GIS_SENSOR_TIME;0;0,0034466549696266593;0,0034466549696266593;0,0;0,04046836794505642;0,04046836794505642;0,0;0,05870821892739261;0,05870821892739261;0,0;0,0;100,0;0,0
SC2 22.03.2018 14:30 Cloudy evening;FS9_SEV12_GIS_SENSOR_TIME;15;0,00268421453519507;0,0025448504308100725;3,4239092827758584e-05;0,031535702288435385;0,030787478427204355;0,004256760707060487;0,05180940585641829;0,05044651059102178;0,005851418018545469;0,0013628952653965132;98,67243488394058;1,3275651160594073
SC2 22.03.2018 14:30 Cloudy evening;FS9_SEV12_GIS_SENSOR_TIME;30;0,0033441423977833688;0,003369753936899591;2,4861521066677698e-05;0,045631188019979285;0,04466885608821619;0,0037843139545978323;0,05782856039867644;0,05804958171166775;0,004986132876957623;-0,00022102131299130828;99,26761892843167;0,7323810715683349
SC2 22.03.2018 14:30 Cloudy evening;FS9_SEV12_GIS_SENSOR_TIME;45;0,004391569390765252;0,004700419907346768;5,031781793109053e-05;0,05836693170576414;0,06081048733554244;0,004884455054279362;0,06626891722946175;0,0685596084246896;0,007093505334535989;-0,0022906911952278453;98,94084201568616;1,0591579843138483
SC2 22.03.2018 14:30 Cloudy evening;FS9_SEV12_GIS_SENSOR_TIME;60;0,004758214941346325;0,005401417260492521;8,928641937018189e-05;0,060021708779550556;0,0638526368090224;0,006792604050995713;0,06897981546326667;0,07349433488706814;0,009449149134720114;-0,004514519423801461;98,37386199336085;1,6261380066391513
SC2 22.03.2018 14:30 Cloudy evening;FS9_SEV12_GIS_SENSOR_TIME;75;0,006148367574982851;0,006221491385056735;0,00011149704914964321;0,07303235983200367;0,07368738373458104;0,0067449784044314315;0,07841152705427214;0,07887643111257465;0,010559216313232872;-0,0004649040583025177;98,23942439958655;1,7605756004134487
SC2 22.03.2018 14:30 Cloudy evening;FS9_SEV12_GIS_SENSOR_TIME;90;0,006795997437630236;0,0058426957952758055;0,00023656194951530624;0,07814914805109408;0,07258428695367801;0,011360166152870213;0,0824378398408779;0,07643752870989358;0,015380570519824882;0,006000311130984315;96,10870340679337;3,8912965932066217
SC2 22.03.2018 14:30 Cloudy evening;FS9_SEV12_GIS_SENSOR_TIME;105;0,008276952221305856;0,006765222477127499;0,0003219292445409124;0,08620804816099452;0,07769171979413877;0,013713249165231168;0,09097775673924839;0,08225097249958507;0,017942386812821544;0,008726784239663318;95,45756522247663;4,542434777523373
SC2 22.03.2018 14:30 Cloudy evening;FS9_SEV12_GIS_SENSOR_TIME;120;0,009800278802295061;0,0073791445719066226;0,00043159523195292595;0,09464550896830574;0,0820330340141848;0,017857850950073313;0,09899635752034042;0,0859019474279054;0,020774870203034385;0,013094410092435019;94,47433607070536;5,525663929294639
SC2 22.03.2018 14:30 Cloudy evening;FS9_SEV12_GIS_SENSOR_TIME;135;0,010362969655638632;0,00800579201339237;0,0004311885066263479;0,0973476163966908;0,08518950567480642;0,017624532720491068;0,10179867217031188;0,08947509158079901;0,02076507901806174;0,01232358058951287;94,88930304386443;5,110696956135574
SC2 22.03.2018 14:30 Cloudy evening;FS9_SEV12_GIS_SENSOR_TIME;150;0,009492993704109609;0,007001846715748154;0,0004929527191131047;0,093172380686993;0,07975843307326407;0,018413515191580822;0,0974319952793209;0,08367703816309557;0,022202538573620468;0,01375495711622532;93,42273634675016;6,57726365324985
SC2 22.03.2018 14:30 Cloudy evening;FS9_SEV12_GIS_SENSOR_TIME;165;0,009577724017334758;0,005248978598238622;0,0010152406417068822;0,09372604066539775;0,06795759839838128;0,02935205801709819;0,09786584704244253;0,07244983504631755;0,031862841080275345;0,025416011996124976;83,7930218784023;16,20697812159771
SC2 22.03.2018 14:30 Cloudy evening;FS9_SEV12_GIS_SENSOR_TIME;180;0,011678039846281716;0,005502623777900416;0,0014176024025460503;0,10362685654910027;0,07015874124460983;0,03579916479485529;0,1080649797403475;0,07417967226875848;0,03765106110783666;0,03388530747158902;79,51508569833202;20,484914301667985
SC3 11.08.2018 07:30 Cloudy morning;FS4_SEV4_TIME;0;0,008546290939101423;0,008546290939101423;0,0;0,07516236354711155;0,07516236354711155;0,0;0,09244615156458068;0,09244615156458068;0,0;0,0;100,0;0,0
SC3 11.08.2018 07:30 Cloudy morning;FS4_SEV4_TIME;15;0,009442580046046641;0,009920991542381795;0,0003938106781150128;0,07472903357681411;0,07713106447271725;0,015435811640341243;0,09717293885669323;0,09960417432207244;0,01984466371886943;-0,002431235465379211;96,18208212143455;3,8179178785654417
SC3 11.08.2018 07:30 Cloudy morning;FS4_SEV4_TIME;30;0,01191223325230747;0,01721809933955591;0,0026722370664256975;0,08741101694194393;0,10724453001997035;0,04365422501248996;0,10914317776346569;0,13121775542797517;0,0516936849762686;-0,022074577664509487;86,56514896539369;13,434851034606321
SC3 11.08.2018 07:30 Cloudy morning;FS4_SEV4_TIME;45;0,011211739288121579;0,017188502671621968;0,006093883820026632;0,08180414154740481;0,10882819818485166;0,07184446461336769;0,10588550083992415;0,13110493000502296;0,07806333210942659;-0,02521942916509881;73,82620625161209;26,173793748387908
SC3 11.08.2018 07:30 Cloudy morning;FS4_SEV4_TIME;60;0,015324673687812311;0,014314659858599733;0,01285284496984214;0,10394952198775179;0,0977920151605382;0,10209617493809134;0,12379286606187091;0,1196438876775564;0,11337038841709125;0,004148978384314508;52,69037384549796;47,309626154502034
SC3 11.08.2018 07:30 Cloudy morning;FS4_SEV4_TIME;75;0,01305707805348477;0,01450180895870487;0,015423466468975388;0,09082919682182648;0,09940264187648554;0,11568566095893798;0,1142675721868841;0,12042345684585239;0,12419124956684907;-0,006155884658968283;48,46006845868826;51,53993154131173
SC3 11.08.2018 07:30 Cloudy morning;FS4_SEV4_TIME;90;0,015385454918107945;0,014988982029076616;0,024137840436176578;0,09856997450727384;0,10170951651287402;0,14425441169220468;0,1240381188107428;0,12242949819825537;0,15536357499805603;0,001608620612487427;38,308712756799174;61,69128724320082
SC3 11.08.2018 07:30 Cloudy morning;FS4_SEV4_TIME;105;0,0180905674503348;0,012033592615838945;0,020469693097103128;0,10666991500524871;0,08674921473311999;0,13491185727542726;0,13450118010759163;0,10969773295669763;0,14307233519133994;0,024803447150893998;37,022695865628876;62,977304134371124
SC3 11.08.2018 07:30 Cloudy morning;FS4_SEV4_TIME;120;0,02265694675406718;0,012257954769475346;0,026029528414571106;0,12105179905888809;0,08599932205475941;0,14770310750042182;0,15052224670814338;0,11071564825929235;0,16133669270990747;0,039806598448851024;32,01556683825842;67,98443316174158
SC3 11.08.2018 07:30 Cloudy morning;FS4_SEV4_TIME;135;0,029172710961134274;0,009872584535457344;0,0296583858264862;0,14445461107235977;0,07583698181785536;0,1610492706514787;0,17080020773153137;0,09936088030737925;0,17221610211152208;0,07143932742415213;24,974303552542384;75,02569644745762
SC3 11.08.2018 07:30 Cloudy morning;FS4_SEV4_TIME;150;0,04215183231928597;0,009960047661127115;0,027165351403490398;0,1799636239534041;0,07216110363943232;0,15442149611054987;0,20530911406775387;0,09980003838239299;0,16481914756329252;0,10550907568536089;26,828122827155205;73,1718771728448
SC3 11.08.2018 07:30 Cloudy morning;FS4_SEV4_TIME;165;0,033546165750375175;0,00864507500912765;0,0235250221894559;0,16055981737374464;0,06662118992879115;0,14428096329388412;0,18315612397726475;0,09297889550391342;0,15337868883732153;0,09017722847335133;26,873014886346986;73,12698511365302
SC3 11.08.2018 07:30 Cloudy morning;FS4_SEV4_TIME;180;0,023188588185652004;0,016039081562936822;0,03541046715404873;0,1257281874697095;0,10328639014979332;0,17984330913294916;0,15227799639360903;0,12664549562829633;0,18817669131443654;0,025632500765312705;31,174387264628585;68,82561273537142
SC3 11.08.2018 07:30 Cloudy morning;FS5_SEV4_GIS_TIME;0;0,008001251172108557;0,008001251172108557;0,0;0,07225231705447345;0,07225231705447345;0,0;0,08944971309125903;0,08944971309125903;0,0;0,0;100,0;0,0
SC3 11.08.2018 07:30 Cloudy morning;FS5_SEV4_GIS_TIME;15;0,007070894658199414;0,007499506589980951;0,0003495533043415159;0,06359143815188607;0,06721646004289493;0,011985967367425234;0,08408861194121005;0,08659969162751649;0,01869634467861341;-0,0025110796863064416;95,54655832612053;4,453441673879461
SC3 11.08.2018 07:30 Cloudy morning;FS5_SEV4_GIS_TIME;30;0,00780163007551493;0,010422492580098064;0,0011344119772264281;0,06897698776929043;0,0810400332196699;0,028629664439654003;0,08832683666652469;0,10209060965680469;0,03368103290023078;-0,013763772990280004;90,18411918520634;9,815880814793653
SC3 11.08.2018 07:30 Cloudy morning;FS5_SEV4_GIS_TIME;45;0,007956510559898385;0,00838243288865925;0,0026671093096367763;0,06542074312806377;0,07067018543835936;0,045291805106714586;0,08919927443594138;0,09155562729105869;0,05164406364372169;-0,0023563528551173163;75,86226413934075;24,137735860659244
SC3 11.08.2018 07:30 Cloudy morning;FS5_SEV4_GIS_TIME;60;0,012186932904876595;0,0076593042776905654;0,00578612115162975;0,0882319260837353;0,0679736962218844;0,06644124142231717;0,11039444236408187;0,08751745127510607;0,07606655737990087;0,022876991088975798;56,965875255891795;43,0341247441082
SC3 11.08.2018 07:30 Cloudy morning;FS5_SEV4_GIS_TIME;75;0,010947459078299145;0,005843872074443816;0,005838640221397935;0,08358511907330217;0,055050147449327506;0,07103245979363935;0,10463010598436352;0,07644522270517508;0,07641099542211144;0,028184883279188444;50,02239181484852;49,97760818515148
SC3 11.08.2018 07:30 Cloudy morning;FS5_SEV4_GIS_TIME;90;0,013748588608861122;0,0074975308186552014;0,017707264477478613;0,09624572328969305;0,0674903659288486;0,12170768418497797;0,1172543756491037;0,08658828337976912;0,1330686457339918;0,030666092269334574;29,746445986035262;70,25355401396473
SC3 11.08.2018 07:30 Cloudy morning;FS5_SEV4_GIS_TIME;105;0,02020246843617877;0,004748008858205469;0,014266455100643852;0,12488570457262878;0,0527342243433024;0,11350752069088428;0,1421353876984151;0,06890579698548932;0,11944226680971795;0,07322959071292579;24,970511230192994;75,029488769807
SC3 11.08.2018 07:30 Cloudy morning;FS5_SEV4_GIS_TIME;120;0,024233423751620776;0,006545841860624913;0,021112636013775297;0,13672644140313203;0,06505012866451425;0,13177164549520914;0,1556708827996449;0,08090637713199691;0,14530187890655544;0,07476450566764797;23,666674248489763;76,33332575151024
SC3 11.08.2018 07:30 Cloudy morning;FS5_SEV4_GIS_TIME;135;0,03340203625002954;0,005541376780243548;0,024199740392650503;0,1626459475527985;0,053925902008744815;0,14301033987177778;0,18276223967228444;0,07444042436904527;0,15556265744917866;0,10832181530323917;18,63203977184132;81,3679602281587
SC3 11.08.2018 07:30 Cloudy morning;FS5_SEV4_GIS_TIME;150;0,045161815349148864;0,009714937872635903;0,018606095089274088;0,19063712714663458;0,07819171235405652;0,12643040704500416;0,21251309453572234;0,09856438440246001;0,1364041608209738;0,11394871013326233;34,302907968441275;65,69709203155873
SC3 11.08.2018 07:30 Cloudy morning;FS5_SEV4_GIS_TIME;165;0,03459944007336956;0,007113657765280132;0,01492894414279066;0,1699873776714124;0,06817077595304653;0,11510126684805837;0,18600924727918652;0,08434250272122669;0,12218405846423117;0,10166674455795983;32,27231428915612;67,72768571084387
SC3 11.08.2018 07:30 Cloudy morning;FS5_SEV4_GIS_TIME;180;0,021757547312498557;0,007580661626895255;0,027152422128807308;0,13064555228622854;0,06835041348810598;0,1577858502767386;0,14750439760393097;0,08706699504918758;0,16477992028401794;0,06043740255474339;21,82547821038391;78,1745217896161
SC3 11.08.2018 07:30 Cloudy morning;FS6_SEV4_GIS_SENSOR_TIME;0;0,004831316265343843;0,004831316265343843;0,0;0,04490726538437467;0,04490726538437467;0,0;0,06950767055040646;0,06950767055040646;0,0;0,0;100,0;0,0
SC3 11.08.2018 07:30 Cloudy morning;FS6_SEV4_GIS_SENSOR_TIME;15;0,006278778121428077;0,005828948981505693;6,977830675561991e-05;0,05903734381640176;0,05591535610096127;0,0059785856950321115;0,07923874129129058;0,0763475538672045;0,008353341053471953;0,002891187424086075;98,8170616584618;1,182938341538205
SC3 11.08.2018 07:30 Cloudy morning;FS6_SEV4_GIS_SENSOR_TIME;30;0,014117432782208167;0,017000199154595434;0,0004353349556396613;0,09926764789193401;0,11095025998643987;0,014784144423648959;0,11881680345055647;0,13038481182482656;0,02086468201626043;-0,011568008374270092;97,50317396136371;2,496826038636286
SC3 11.08.2018 07:30 Cloudy morning;FS6_SEV4_GIS_SENSOR_TIME;45;0,014697507517845506;0,020283352750511706;0,0012776965338495018;0,09862335229955026;0,12190487367881928;0,02802551060069717;0,12123327727091067;0,1424196361128328;0,035744881225841296;-0,021186358841922118;94,07405216231174;5,925947837688255
SC3 11.08.2018 07:30 Cloudy morning;FS6_SEV4_GIS_SENSOR_TIME;60;0,00973128726742587;0,016027419462220072;0,002625339768096261;0,07800475130644545;0,1057807236640983;0,04136621006308933;0,09864728717722485;0,12659944495225905;0,05123806951960877;-0,02795215777503421;85,9251935025822;14,074806497417796
SC3 11.08.2018 07:30 Cloudy morning;FS6_SEV4_GIS_SENSOR_TIME;75;0,008592364282128756;0,017474541148856573;0,004031635618269099;0,07086924036057698;0,11573470901913244;0,05229840097719874;0,09269500678099525;0,13219130511821334;0,06349516216428697;-0,039496298337218086;81,25359211018923;18,746407889810776
SC3 11.08.2018 07:30 Cloudy morning;FS6_SEV4_GIS_SENSOR_TIME;90;0,007705422804717613;0,020136953680683606;0,006510931860457764;0,06863662543859496;0,1268949530177547;0,06875653133602759;0,08778053773313087;0,1419047345252568;0,08069034552198773;-0,05412419679212592;75,56679740910171;24,43320259089829
SC3 11.08.2018 07:30 Cloudy morning;FS6_SEV4_GIS_SENSOR_TIME;105;0,005230511433699955;0,017461550318661735;0,00716906162797942;0,05871078610356537;0,12121866204759633;0,07157044555166014;0,07232227481004697;0,13214215950506383;0,08467031137287391;-0,05981988469501687;70,89369259882699;29,10630740117302
SC3 11.08.2018 07:30 Cloudy morning;FS6_SEV4_GIS_SENSOR_TIME;120;0,004200101109820864;0,01801425047226348;0,009520748144961422;0,050816690305324264;0,12024848084666503;0,08168056908407775;0,06480818705858746;0,13421717651725312;0,09757432113502723;-0,06940898945866567;65,42310287604089;34,57689712395913
SC3 11.08.2018 07:30 Cloudy morning;FS6_SEV4_GIS_SENSOR_TIME;135;0,007071592177895521;0,019399527503851367;0,012700682119872847;0,07030698188611562;0,12092910570159465;0,09539323641270724;0,08409275936663942;0,13928218659918923;0,11269730307275701;-0,05518942723254981;60,4342704650558;39,56572953494418
SC3 11.08.2018 07:30 Cloudy morning;FS6_SEV4_GIS_SENSOR_TIME;150;0,008530696737909786;0,013713491550035968;0,013480425135059275;0,0759527554560112;0,10025014743466469;0,09939864326219507;0,0923617709764694;0,11710461797058205;0,11610523302185512;-0,024742846994112652;50,42852675044127;49,57147324955872
SC3 11.08.2018 07:30 Cloudy morning;FS6_SEV4_GIS_SENSOR_TIME;165;0,007291934223731667;0,01804222539379582;0,014031416148062968;0,06732557199378118;0,12097798845181655;0,10092597323523807;0,08539282302238091;0,13432135122085329;0,11845427872416837;-0,048928528198472376;56,25250057823714;43,74749942176287
SC3 11.08.2018 07:30 Cloudy morning;FS6_SEV4_GIS_SENSOR_TIME;180;0,011240588942720734;0,037063381568327336;0,015801568794841292;0,08833772600918835;0,17397050796352648;0,10801664490482189;0,10602164374655174;0,1925185226629566;0,12570429107568798;-0,08649687891640487;70,10955522271642;29,890444777283577
SC3 11.08.2018 07:30 Cloudy morning;FS7_SEV12_TIME;0;0,008573442609078441;0,008573442609078441;0,0;0,07565440513113225;0,07565440513113225;0,0;0,09259288638485379;0,09259288638485379;0,0;0,0;100,0;0,0
SC3 11.08.2018 07:30 Cloudy morning;FS7_SEV12_TIME;15;0,00927556282669933;0,010999597704512719;0,0010877352774413332;0,0757419081964563;0,08491772791158571;0,026556782070955222;0,09630972342759235;0,10487896693099488;0,03298083197012066;-0,008569243503402532;91,00103158351571;8,998968416484285
SC3 11.08.2018 07:30 Cloudy morning;FS7_SEV12_TIME;30;0,01169182600213571;0,012034710599421006;0,0006605091962671165;0,08320806174884263;0,08492666084266136;0,020098767796720284;0,10812874734378324;0,10970282858441256;0,02570037346551829;-0,001574081240629327;94,79718187713885;5,202818122861139
SC3 11.08.2018 07:30 Cloudy morning;FS7_SEV12_TIME;45;0,011174049701756962;0,010176946752945816;0,00119930329368391;0,08032734392387328;0,07687264489308941;0,029418589736240498;0,10570737770731503;0,10088085424373555;0,03463095860186244;0,00482652346357948;89,45783286436105;10,542167135638952
SC3 11.08.2018 07:30 Cloudy morning;FS7_SEV12_TIME;60;0,012304169618138568;0,010816789255958926;0,0008262930420592596;0,08727306342703274;0,07795554190492925;0,024061189451511356;0,1109241615615758;0,1040037944305828;0,02874531339295607;0,006920367130992991;92,9031417891815;7,096858210818506
SC3 11.08.2018 07:30 Cloudy morning;FS7_SEV12_TIME;75;0,011047848452541448;0,009440971926529367;0,00047341361109801903;0,07691566515412883;0,06976613439096217;0,01753021344758462;0,1051087458423011;0,09716466398094199;0,021758070022362255;0,0079440818613591;95,22498283629072;4,775017163709289
SC3 11.08.2018 07:30 Cloudy morning;FS7_SEV12_TIME;90;0,013388017852386512;0,00898343781919063;0,002164936313848906;0,0839684583019173;0,06589504343508112;0,03856382562198501;0,11570660245805557;0,09478099925191036;0,04652887612922653;0,020925603206145213;80,58069914039878;19,41930085960121
SC3 11.08.2018 07:30 Cloudy morning;FS7_SEV12_TIME;105;0,014444007654294494;0,009774235701088364;0,0013911205996705678;0,08832211220768793;0,06886687158695252;0,03212243178184482;0,12018322534486456;0,09886473436513327;0,037297729148978595;0,02131849097973129;87,54074153839578;12,459258461604227
SC3 11.08.2018 07:30 Cloudy morning;FS7_SEV12_TIME;120;0,019604451650354446;0,012064674455337602;0,003315484556219613;0,11006692841496692;0,08230224093250153;0,05061990443779075;0,14001589784861734;0,10983931197589324;0,05758024449600412;0,030176585872724107;78,44310612310161;21,55689387689839
SC3 11.08.2018 07:30 Cloudy morning;FS7_SEV12_TIME;135;0,02384670268195723;0,011777458840834544;0,005307337192764644;0,12414612715785897;0,07944420922164791;0,06211022633141366;0,15442377628447385;0,10852400122016578;0,0728514735112794;0,04589977506430806;68,93532013886988;31,064679861130116
SC3 11.08.2018 07:30 Cloudy morning;FS7_SEV12_TIME;150;0,03142115194556646;0,016219647900655457;0,004131240467609086;0,14860109388458448;0,10005279617893;0,05554584370575089;0,17726012508617514;0,12735638146812847;0,06427472650746237;0,04990374361804667;79,69995022894726;20,30004977105275
SC3 11.08.2018 07:30 Cloudy morning;FS7_SEV12_TIME;165;0,028513178637996316;0,013892678172907924;0,004626041775586339;0,1418479663289429;0,09057510956342446;0,057859464616015335;0,16885845740736918;0,11786720567192524;0,06801501139885473;0,05099125173544394;75,01964612860577;24,980353871394207
SC3 11.08.2018 07:30 Cloudy morning;FS7_SEV12_TIME;180;0,019155255790571774;0,010020439948263057;0,008815570234471604;0,10817655700379065;0,07040195025940114;0,08393563427354979;0,13840251367143508;0,10010214757068431;0,09389126814817023;0,03830036610075077;53,19831456370695;46,80168543629305
SC3 11.08.2018 07:30 Cloudy morning;FS8_SEV12_GIS_TIME;0;0,006022060401692764;0,006022060401692764;0,0;0,06308734344021227;0,06308734344021227;0,0;0,07760193555377833;0,07760193555377833;0,0;0,0;100,0;0,0
SC3 11.08.2018 07:30 Cloudy morning;FS8_SEV12_GIS_TIME;15;0,0058968589785043275;0,006801161625455685;0,0005650862190263055;0,059952909866287186;0,06408059397140752;0,01930088902327375;0,07679100844828336;0,08246915560047699;0,023771542209673847;-0,005678147152193627;92,32871020692566;7,67128979307434
SC3 11.08.2018 07:30 Cloudy morning;FS8_SEV12_GIS_TIME;30;0,006948132891017946;0,0083632780935522;0,0007081412129668568;0,06348409314738929;0,07143715586703431;0,02181145465473874;0,08335546107495265;0,09145096004718704;0,026610922813139284;-0,008095498972234397;92,19371093939004;7,806289060609957
SC3 11.08.2018 07:30 Cloudy morning;FS8_SEV12_GIS_TIME;45;0,006831100245700642;0,006207815313824832;0,0011815512836165676;0,06037947999051414;0,059773897423146365;0,028812239054536472;0,08265047032957915;0,07878969040315384;0,034373700464403995;0,003860779926425306;84,01011415476822;15,98988584523178
SC3 11.08.2018 07:30 Cloudy morning;FS8_SEV12_GIS_TIME;60;0,00796498574760841;0,006788270088292024;0,0011685726918986617;0,06991927663843621;0,06515192006387928;0,026837341683120398;0,08924676883567499;0,08239095877759904;0,03418439251908189;0,006855810058075951;85,31361339942603;14,686386600573965
SC3 11.08.2018 07:30 Cloudy morning;FS8_SEV12_GIS_TIME;75;0,005756422130495166;0,005067751383283631;0,0012789524240234152;0,054770662232865794;0,05140762187238573;0,029680286237187145;0,07587108889751858;0,071188140748889;0,03576244432394709;0,004682948148629573;79,84855662318856;20,15144337681144
SC3 11.08.2018 07:30 Cloudy morning;FS8_SEV12_GIS_TIME;90;0,007149533661817245;0,00487387452094285;0,0031383911962330683;0,06479675191170088;0,05305253143866965;0,045644382013183465;0,08455491506599273;0,06981314003067653;0,05602134589808663;0,014741775035316207;60,83016581058601;39,16983418941398
SC3 11.08.2018 07:30 Cloudy morning;FS8_SEV12_GIS_TIME;105;0,009174362891250563;0,003811515108826234;0,0033352467920863106;0,07865031968442006;0,047537980423750605;0,04958027642282684;0,09578289456500343;0,06173746924539614;0,05775159558043665;0,03404542531960729;53,332056694648735;46,66794330535126
SC3 11.08.2018 07:30 Cloudy morning;FS8_SEV12_GIS_TIME;120;0,011930125543152318;0,004887615613605784;0,005120519663412583;0,09121134725928501;0,057341542068129046;0,05830863807890294;0,10922511406793;0,06991148413247844;0,07155780644634506;0,03931362993545155;48,836426350363105;51,16357364963689
SC3 11.08.2018 07:30 Cloudy morning;FS8_SEV12_GIS_TIME;135;0,01188610853832048;0,004558994669867378;0,005622553924104558;0,08755099624142824;0,051117298127482017;0,06376286133097997;0,1090234311435871;0,06752032782701353;0,07498369105415228;0,04150310331657357;44,77702608586051;55,22297391413949
SC3 11.08.2018 07:30 Cloudy morning;FS8_SEV12_GIS_TIME;150;0,021823326840277688;0,01116273720425025;0,004225909282907167;0,12750312829539678;0,08934872042194374;0,05575806922211811;0,14772720413071416;0,10565385560522744;0,0650069941076125;0,04207334852548672;72,53878509436228;27,461214905637714
SC3 11.08.2018 07:30 Cloudy morning;FS8_SEV12_GIS_TIME;165;0,016591729458946193;0,006945119707639163;0,004146266895044937;0,10777935497590359;0,0675025450996039;0,05598432054419233;0,12880888734457027;0,08333738481401468;0,06439151260100151;0,045471502530555596;62,61723584640404;37,382764153595964
SC3 11.08.2018 07:30 Cloudy morning;FS8_SEV12_GIS_TIME;180;0,010298970549445537;0,004672767970440354;0,008278980116408674;0,08115998232797116;0,05215901756210326;0,07952391410219496;0,10148384378533135;0,06835764749053579;0,09098890106166067;0,03312619629479556;36,07828023759201;63,92171976240799
SC3 11.08.2018 07:30 Cloudy morning;FS9_SEV12_GIS_SENSOR_TIME;0;0,004738486372251312;0,004738486372251312;0,0;0,04395270891601319;0,04395270891601319;0,0;0,06883666444745352;0,06883666444745352;0,0;0,0;100,0;0,0
SC3 11.08.2018 07:30 Cloudy morning;FS9_SEV12_GIS_SENSOR_TIME;15;0,006301648950614925;0,005851577205763158;0,00016296698094234155;0,05921692919572166;0,05481679151957819;0,009834305167216876;0,07938292606483414;0,07649560252565607;0,012765852143211654;0,0028873235391780744;97,29045168040227;2,709548319597725
SC3 11.08.2018 07:30 Cloudy morning;FS9_SEV12_GIS_SENSOR_TIME;30;0,014480713013232453;0,01682334662315731;0,000342033537066165;0,10063974291685919;0,10891973783064741;0,012631355368100323;0,12033583428568753;0,1297048442547822;0,018494148725101273;-0,009369009969094677;98,00742230073796;1,992577699262048
SC3 11.08.2018 07:30 Cloudy morning;FS9_SEV12_GIS_SENSOR_TIME;45;0,014507205278525137;0,01988155714000243;0,0011701836262763925;0,09797899343686117;0,11918854266224575;0,026248645833760933;0,12044586036275857;0,14100197565992623;0,03420794682930258;-0,02055611529716765;94,44139257048604;5,558607429513954
SC3 11.08.2018 07:30 Cloudy morning;FS9_SEV12_GIS_SENSOR_TIME;60;0,010280235502975264;0,015404571136805678;0,0019015615574357607;0,07900808577677222;0,10346338195668597;0,03485846922431728;0,101391496206414;0,12411515272844681;0,04360689804876931;-0,022723656522032815;89,01220976961248;10,987790230387516
SC3 11.08.2018 07:30 Cloudy morning;FS9_SEV12_GIS_SENSOR_TIME;75;0,01008297858428565;0,01764918712323972;0,002544480838441414;0,08054205624758583;0,11597780587563862;0,041108494418237926;0,10041403579323784;0,13285024321859454;0,05044284724756736;-0,0324362074253567;87,39961039633938;12,600389603660615
SC3 11.08.2018 07:30 Cloudy morning;FS9_SEV12_GIS_SENSOR_TIME;90;0,009638993049418667;0,020346756584939073;0,0037729909831380228;0,08070956535496318;0,1273846610273092;0,05228585467386069;0,09817837363400693;0,14264205755996046;0,06142467731407323;-0,044463683925953526;84,35725343936998;15,64274656063002
SC3 11.08.2018 07:30 Cloudy morning;FS9_SEV12_GIS_SENSOR_TIME;105;0,006834670610863354;0,01771374276744846;0,004356450914809207;0,07147254270607721;0,12232423652410186;0,0554047131276541;0,08267206669040852;0,1330929854178967;0,0660034159328834;-0,05042091872748816;80,26093029572559;19,739069704274403
SC3 11.08.2018 07:30 Cloudy morning;FS9_SEV12_GIS_SENSOR_TIME;120;0,005947233899225851;0,017723062281017898;0,005888780236653663;0,06514340607249128;0,12005041439723813;0,0638745959748622;0,07711831105013808;0,13312799210165344;0,07673838828548371;-0,05600968105151535;75,06005627368391;24,93994372631609
SC3 11.08.2018 07:30 Cloudy morning;FS9_SEV12_GIS_SENSOR_TIME;135;0,008311376993820684;0,01891368238403204;0,0072623464339184735;0,07426359941742235;0,11959803865333903;0,07051954900437166;0,09116675377472143;0,13752702419536328;0,08521940174583763;-0,04636027042064185;72,2557364051409;27,74426359485911
SC3 11.08.2018 07:30 Cloudy morning;FS9_SEV12_GIS_SENSOR_TIME;150;0,007703248962278882;0,013346932218076635;0,007355355465943058;0,06862478370189785;0,09867230476084479;0,07241774463108268;0,08776815460221823;0,11552892372941348;0,08576336902164616;-0,027760769127195245;64,47080835602176;35,52919164397822
SC3 11.08.2018 07:30 Cloudy morning;FS9_SEV12_GIS_SENSOR_TIME;165;0,008125276909226275;0,01779322274605798;0,008200940431931897;0,07277307222371734;0,12035791523492242;0,07569323359664691;0,09014031788953418;0,13339123939021624;0,09055904389917054;-0,04325092150068206;68,45083884494537;31,549161155054634
SC3 11.08.2018 07:30 Cloudy morning;FS9_SEV12_GIS_SENSOR_TIME;180;0,012401699217994437;0,03644509137594436;0,0122583765739673;0,09242374996069805;0,17238224512070008;0,0950299574921002;0,11136291670926385;0,19090597522326103;0,11071755314297413;-0,07954305851399718;74,83058786168114;25,169412138318858
SC4 12.08.2018 12:00 Sunny Summerday;FS4_SEV4_TIME;0;0,017104134174427587;0,017104134174427587;0,0;0,09236474375498971;0,09236474375498971;0,0;0,13078277476192188;0,13078277476192188;0,0;0,0;100,0;0,0
SC4 12.08.2018 12:00 Sunny Summerday;FS4_SEV4_TIME;15;0,016794466973385425;0,016784698351966755;6,029649067319204e-08;0,09095425517253206;0,09092563846427412;4,860154096631036e-05;0,1295934680969123;0,1295557731325268;0,0002455534375104369;3,769496438549291e-05;99,99964076641234;0,00035923358766158653
SC4 12.08.2018 12:00 Sunny Summerday;FS4_SEV4_TIME;30;0,015482892497597722;0,015408896535723648;3,5423645865982884e-05;0,08519549807071139;0,0855279226768135;0,0009690307188725126;0,12443027162872274;0,12413257644842327;0,0059517766982627035;0,0002976951802994704;99,77063641876441;0,2293635812355766
SC4 12.08.2018 12:00 Sunny Summerday;FS4_SEV4_TIME;45;0,014375072427836845;0,014162402502939686;6,271076168359909e-05;0,0802246748201452;0,08006336996618064;0,0014689318511797035;0,11989609012739676;0,11900589272359452;0,007919012671008873;0,000890197403802237;99,55915457039238;0,44084542960762024
SC4 12.08.2018 12:00 Sunny Summerday;FS4_SEV4_TIME;60;0,013841160968581723;0,013987467670076907;8,289605462636842e-06;0,07973230378398499;0,07995183935247108;0,00046294841213502747;0,11764846351985105;0,11826862504517802;0,002879167494717326;-0,0006201615253269704;99,94077058283139;0,0592294171686203
SC4 12.08.2018 12:00 Sunny Summerday;FS4_SEV4_TIME;75;0,013358577036626062;0,013429855927917934;8,887720321488542e-06;0,07827024979465995;0,07809300998444887;0,0005404566941053971;0,11557931059071974;0,11588725524369768;0,0029812279888476395;-0,00030794465297794005;99,93386494635119;0,06613505364880519
SC4 12.08.2018 12:00 Sunny Summerday;FS4_SEV4_TIME;90;0,012509346765793194;0,012629176137254906;7,940629244079709e-06;0,07626599909836015;0,07608741256871134;0,0009280795204466667;0,11184519107137864;0,1123796073015692;0,002817912213692916;-0,0005344162301905708;99,93716423302243;0,06283576697756191
SC4 12.08.2018 12:00 Sunny Summerday;FS4_SEV4_TIME;105;0,012198440342965293;0,012164362621552622;1,1459784016559702e-05;0,07650407531039292;0,07601712220736889;0,0010288491629172063;0,11044654971055136;0,11029216935736019;0,0033852302752633684;0,00015438035319116639;99,90588082155898;0,09411917844102287
SC4 12.08.2018 12:00 Sunny Summerday;FS4_SEV4_TIME;120;0,011481678299461109;0,011562977369196144;1,3897624149570426e-05;0,07456884393154577;0,07452174983961359;0,001043755615103072;0,10715259352652697;0,10753128553679689;0,0037279517364861934;-0,0003786920102699237;99,8799535785127;0,12004642148730686
SC4 12.08.2018 12:00 Sunny Summerday;FS4_SEV4_TIME;135;0,011239908535090761;0,01126156903489189;6,015311084468285e-06;0,07563373960086991;0,07566799920610487;0,000802230683789737;0,1060184348832351;0,10612054011779196;0,002452613113491055;-0,00010210523455685128;99,94661401326348;0,05338598673651239
SC4 12.08.2018 12:00 Sunny Summerday;FS4_SEV4_TIME;150;0,010721291699750795;0,010939009117943021;5,391507762183387e-05;0,07474085520261493;0,07512733127977049;0,00133356727335764;0,10354367049583858;0,10458971803166418;0,007342688718843655;-0,0010460475358256005;99,50954744467731;0,4904525553226879
SC4 12.08.2018 12:00 Sunny Summerday;FS4_SEV4_TIME;165;0,010497925759957682;0,010437209395584558;1,397181820027394e-05;0,07540512834671943;0,0751799669418259;0,001252309891624727;0,1024593859046485;0,10216266145507642;0,003737889538265402;0,0002967244495720722;99,8663135016562;0,13368649834379945
SC4 12.08.2018 12:00 Sunny Summerday;FS4_SEV4_TIME;180;0,010079750581356258;0,009811426420823667;1,8705166603226886e-05;0,07388563392995441;0,07318580017626353;0,0017509241250978;0,10039796104182723;0,09905264469373681;0,004324947005828729;0,0013453163480904168;99,80971601003641;0,190283989963588
SC4 12.08.2018 12:00 Sunny Summerday;FS5_SEV4_GIS_TIME;0;0,008838110777245325;0,008838110777245325;0,0;0,06285397795683127;0,06285397795683127;0,0;0,09401122686809978;0,09401122686809978;0,0;0,0;100,0;0,0
SC4 12.08.2018 12:00 Sunny Summerday;FS5_SEV4_GIS_TIME;15;0,008950345234528534;0,009017839832423661;1,7596449994880082e-05;0,06251532707179365;0,06345464859564891;0,0032466900521430416;0,09460626424570698;0,0949623074299675;0,004194812271708959;-0,00035604318426052384;99,8052506880147;0,19474931198529785
SC4 12.08.2018 12:00 Sunny Summerday;FS5_SEV4_GIS_TIME;30;0,00793223652864634;0,00805012275405048;4,930884687044004e-05;0,059735824985440014;0,06028485971332164;0,0038809700720552087;0,08906310419385988;0,08972247630360232;0,007022025838064116;-0,0006593721097424426;99,39120608334005;0,6087939166599485
SC4 12.08.2018 12:00 Sunny Summerday;FS5_SEV4_GIS_TIME;45;0,007132710295782655;0,007172751650826208;9,799326611593718e-05;0,05663576100245048;0,056421675492607105;0,004647513500590256;0,0844553745819806;0,08469209910508894;0,00989915481826288;-0,00023672452310834202;98,65222522265091;1,3477747773490887
SC4 12.08.2018 12:00 Sunny Summerday;FS5_SEV4_GIS_TIME;60;0,0070174945975894085;0,007184725907113467;2,555552282331722e-05;0,05618812917509563;0,05643074813314198;0,003809521973565005;0,08377048762893415;0,08476276250284359;0,005055247058583509;-0,0009922748739094461;99,645568303101;0,35443169689898324
SC4 12.08.2018 12:00 Sunny Summerday;FS5_SEV4_GIS_TIME;75;0,006995340466054034;0,007110445025445331;4,527276517630355e-05;0,05672386896715363;0,05666363635990899;0,004460819065570831;0,08363815197655933;0,08432345477650528;0,006728503932993095;-0,0006853027999459554;99,36732042122122;0,6326795787787852
SC4 12.08.2018 12:00 Sunny Summerday;FS5_SEV4_GIS_TIME;90;0,00646137526663174;0,006550489127066387;3,889499921890635e-05;0,055769110332121806;0,055546502882349504;0,004301463510247244;0,08038268014088445;0,08093509206188863;0,006236585541697184;-0,0005524119210041784;99,40973240482745;0,5902675951725561
SC4 12.08.2018 12:00 Sunny Summerday;FS5_SEV4_GIS_TIME;105;0,006265941638020863;0,006349894349245032;4,294001948971458e-05;0,055527997788805634;0,05527464685351313;0,004318868754890518;0,07915770106578932;0,07968622433799352;0,006552863457276871;-0,0005285232722042066;99,32831015144518;0,6716898485548151
SC4 12.08.2018 12:00 Sunny Summerday;FS5_SEV4_GIS_TIME;120;0,005932208064826457;0,006238417770783752;6,533655031217876e-05;0,05389063906850371;0,05445438089421182;0,004257534178432779;0,07702082877265382;0,0789836550862503;0,008083102765162569;-0,001962826313596483;98,9635295574016;1,0364704425984002
SC4 12.08.2018 12:00 Sunny Summerday;FS5_SEV4_GIS_TIME;135;0,006286276225769455;0,006275518208456518;2,5607291593800186e-05;0,056966700061256426;0,056815255670421776;0,003210554142361102;0,07928604054793917;0,07921816842402074;0,0050603647688482085;6,787212391842767e-05;99,59360765638463;0,40639234361536997
SC4 12.08.2018 12:00 Sunny Summerday;FS5_SEV4_GIS_TIME;150;0,006294425627598529;0,006462788707531691;6,348491927606924e-05;0,05735432497326192;0,0574768298656194;0,0034410385549932285;0,07933741631537121;0,08039147160944182;0,007967742420288776;-0,0010540552940706133;99,02724092021987;0,9727590797801416
SC4 12.08.2018 12:00 Sunny Summerday;FS5_SEV4_GIS_TIME;165;0,006277074890862693;0,006034876017738861;5,6911213486358695e-05;0,05788629146256101;0,0573595691415184;0,003605710308782864;0,07922799310131927;0,07768446445550656;0,00754395211320689;0,0015435286458127112;99,06577148337283;0,9342285166271694
SC4 12.08.2018 12:00 Sunny Summerday;FS5_SEV4_GIS_TIME;180;0,006869877532588789;0,006527449916629737;3,994319196762259e-05;0,059666666485399374;0,05888291845771382;0,003844226386560046;0,08288472436214522;0,08079263528707141;0,0063200626553557675;0,0020920890750738136;99,39179532415481;0,6082046758451698
SC4 12.08.2018 12:00 Sunny Summerday;FS6_SEV4_GIS_SENSOR_TIME;0;0,003418330309555497;0,003418330309555497;0,0;0,027059768400117635;0,027059768400117635;0,0;0,0584664887739592;0,0584664887739592;0,0;0,0;100,0;0,0
SC4 12.08.2018 12:00 Sunny Summerday;FS6_SEV4_GIS_SENSOR_TIME;15;0,00396277592639229;0,0038541903520374994;1,197599301750872e-05;0,029755366780637442;0,02941854712021672;0,0015441719982503116;0,06295058320931023;0,06208212586596483;0,003460634770892288;0,0008684573433453968;99,6902359611912;0,30976403880879383
SC4 12.08.2018 12:00 Sunny Summerday;FS6_SEV4_GIS_SENSOR_TIME;30;0,002835852153278858;0,002880232586203348;2,8415240209197373e-05;0,028646570626179136;0,028365019076786447;0,0016643271606037583;0,05325271967964508;0,05366779841025108;0,005330594733160398;-0,0004150787306059986;99,02307732303763;0,9769226769623749
SC4 12.08.2018 12:00 Sunny Summerday;FS6_SEV4_GIS_SENSOR_TIME;45;0,0029952280054516872;0,0030584916154973514;5,293169257180528e-05;0,03096003076318128;0,030888887537356382;0,002656493281972581;0,054728676262556245;0,05530363112398092;0,007275417003293027;-0,0005749548614246772;98,29879488160506;1,701205118394928
SC4 12.08.2018 12:00 Sunny Summerday;FS6_SEV4_GIS_SENSOR_TIME;60;0,0027438594992481133;0,0027120207417095318;1,766115541967324e-05;0,031726627108960855;0,032130057000794875;0,0021552165457303972;0,052381862311759335;0,05207706540992428;0,004202517747692833;0,0003047969018350541;99,35299584034874;0,6470041596512548
SC4 12.08.2018 12:00 Sunny Summerday;FS6_SEV4_GIS_SENSOR_TIME;75;0,0030765278433142057;0,003072239594321455;1,459432595724491e-05;0,03527670580172214;0,03570412835731447;0,0022531869834747868;0,05546645692050472;0,055427787203905725;0,00382025208032728;3,866971659899354e-05;99,52720728312046;0,47279271687954105
SC4 12.08.2018 12:00 Sunny Summerday;FS6_SEV4_GIS_SENSOR_TIME;90;0,003076185401745027;0,0031983623408490115;1,514188541791503e-05;0,039277923981629874;0,04047255946627921;0,002518896769354309;0,055463369909743376;0,05655406564385103;0,0038912575625259026;-0,0010906957341076523;99,52880455876964;0,47119544123037
SC4 12.08.2018 12:00 Sunny Summerday;FS6_SEV4_GIS_SENSOR_TIME;105;0,003757563023489576;0,0038457857553428963;2,1842528880182808e-05;0,04633786190131232;0,04749244299546094;0,002825810304046541;0,0612989642937756;0,06201439958060463;0,004673599135589488;-0,0007154352868290331;99,43524746239747;0,5647525376025242
SC4 12.08.2018 12:00 Sunny Summerday;FS6_SEV4_GIS_SENSOR_TIME;120;0,005017212137429235;0,005295601397498901;3,556261921758648e-05;0,057308641875009524;0,05905253089787881;0,0030238989038743835;0,07083228174659655;0,0727708828962443;0,005963440216652337;-0,0019386011496477507;99,33292956085997;0,6670704391400402
SC4 12.08.2018 12:00 Sunny Summerday;FS6_SEV4_GIS_SENSOR_TIME;135;0,006040511912147358;0,006100833103474527;2,5279590529880688e-05;0,06421173391623057;0,06486037327005958;0,0029071213245607805;0,07772073025999793;0,07810782997545461;0,005027881316208716;-0,00038709971545668187;99,58734695568657;0,4126530443134303
SC4 12.08.2018 12:00 Sunny Summerday;FS6_SEV4_GIS_SENSOR_TIME;150;0,007581250492579255;0,0076935681443223896;3,9568458726661316e-05;0,07567296364968294;0,07637523051590107;0,0036484049228222475;0,08707037666496714;0,08771298731842617;0,0062903464711143945;-0,0006426106534590248;99,48832587916448;0,5116741208355238
SC4 12.08.2018 12:00 Sunny Summerday;FS6_SEV4_GIS_SENSOR_TIME;165;0,007776846534116739;0,007835395600437911;5,7414217425443185e-05;0,07486484747986252;0,0754997503048894;0,0036153829508069634;0,08818643055548138;0,08851776996986488;0,00757721699738388;-0,0003313394143834997;99,27257568913545;0,7274243108645644
SC4 12.08.2018 12:00 Sunny Summerday;FS6_SEV4_GIS_SENSOR_TIME;180;0,009842867798622045;0,00981213399424982;5,8664000575084806e-05;0,08261761996157298;0,08347596456710318;0,004304813086122706;0,09921122818825522;0,09905621633320051;0,007659242819958433;0,00015501185505470416;99,40568127717899;0,5943187228210056
SC4 12.08.2018 12:00 Sunny Summerday;FS7_SEV12_TIME;0;0,01629803098269905;0,01629803098269905;0,0;0,08490412274429762;0,08490412274429762;0,0;0,12766374184825952;0,12766374184825952;0,0;0,0;100,0;0,0
SC4 12.08.2018 12:00 Sunny Summerday;FS7_SEV12_TIME;15;0,016318572065501507;0,016368876708379446;6,080398989148096e-05;0,08452179862580764;0,0857760307707429;0,006161708330762559;0,1277441664636844;0,12794091100339816;0,0077976913180428575;-0,00019674453971377237;99,62991374568905;0,3700862543109558
SC4 12.08.2018 12:00 Sunny Summerday;FS7_SEV12_TIME;30;0,014923315853194813;0,014940480612339052;0,00012071379544093871;0,08150045205496455;0,0812284728235254;0,007859468676041866;0,12216102428022947;0,12223125873662208;0,01098698299993855;-7,023445639260661e-05;99,19851113947124;0,8014888605287703
SC4 12.08.2018 12:00 Sunny Summerday;FS7_SEV12_TIME;45;0,013820334950305236;0,01369293172032354;0,00012098906752061359;0,07801766869158562;0,07688445099473368;0,008323773093845533;0,11755992068007377;0,11701680101730495;0,010999503057893734;0,0005431196627688206;99,1241511416;0,875848858400002
SC4 12.08.2018 12:00 Sunny Summerday;FS7_SEV12_TIME;60;0,013668497540917469;0,01335425700181913;0,00016542125253352845;0,07800777958195639;0,07757200291770737;0,009706805149714151;0,11691234982206743;0,11556062046311075;0,012861619358911554;0,0013517293589566798;98,77644090768011;1,2235590923199013
SC4 12.08.2018 12:00 Sunny Summerday;FS7_SEV12_TIME;75;0,013313171014986622;0,013090334029362662;0,00010629067854599398;0,0776253338632058;0,07691857956121789;0,006823887427647908;0,11538271540827344;0,11441299764171316;0,010309737074532695;0,0009697177665602824;99,19456163300381;0,8054383669961807
SC4 12.08.2018 12:00 Sunny Summerday;FS7_SEV12_TIME;90;0,01269618534442993;0,012277485902018513;0,00018071866779300044;0,0764892114166006;0,07533219105967127;0,009108564775923023;0,11267735062748827;0,11080381718162291;0,01344316435192996;0,0018735334458653552;98,5494003828536;1,4505996171463944
SC4 12.08.2018 12:00 Sunny Summerday;FS7_SEV12_TIME;105;0,012284242923534926;0,011912378030962931;0,00022175909061202765;0,07597760995512787;0,07473787143684339;0,010264878903610119;0,11083430391144669;0,10914384101250484;0,01489157784158642;0,0016904628989418552;98,17243625656964;1,8275637434303549
SC4 12.08.2018 12:00 Sunny Summerday;FS7_SEV12_TIME;120;0,012153598665416323;0,011404149131922363;0,0003879267420516856;0,07621584468333323;0,07403169968536942;0,013917717056861822;0,11024336109451817;0,10679021084314032;0,019695855961386538;0,003453150251377851;96,71027606845824;3,2897239315417526
SC4 12.08.2018 12:00 Sunny Summerday;FS7_SEV12_TIME;135;0,012276846237795328;0,010673092825786854;0,0008313234521613934;0,07859311366174895;0,07395396473322166;0,02218449504479118;0,11080093067206308;0,10331066172369072;0,028832680280566937;0,007490268948372361;92,77387542247683;7,22612457752316
SC4 12.08.2018 12:00 Sunny Summerday;FS7_SEV12_TIME;150;0,012769073358253853;0,010041143007193037;0,0016112453614039722;0,08205323579558874;0,07224710338539046;0,02934982087733089;0,1130003245935774;0,1002055038767484;0,040140320893136516;0,012794820716828997;86,17240251152072;13,827597488479284
SC4 12.08.2018 12:00 Sunny Summerday;FS7_SEV12_TIME;165;0,014334046771426447;0,009544797090180291;0,0026064590827357473;0,08844137486373439;0,07238351238294913;0,03736824272335439;0,11972487950057184;0,09769747739926703;0,05105349236571135;0,022027402101304813;78,54987957092627;21,450120429073742
SC4 12.08.2018 12:00 Sunny Summerday;FS7_SEV12_TIME;180;0,015173888351754415;0,009282626456730092;0,0031087717969437247;0,0913302180092806;0,07280828429778355;0,04179573509896147;0,12318233782387154;0,09634638787588298;0,05575636104467117;0,02683594994798856;74,91185632725482;25,088143672745183
SC4 12.08.2018 12:00 Sunny Summerday;FS8_SEV12_GIS_TIME;0;0,005109452518061831;0,005109452518061831;0,0;0,04643150785556498;0,04643150785556498;0,0;0,07148043451226238;0,07148043451226238;0,0;0,0;100,0;0,0
SC4 12.08.2018 12:00 Sunny Summerday;FS8_SEV12_GIS_TIME;15;0,005222341207830899;0,005349405894742855;3,598670688517247e-05;0,04527844207564215;0,0461339088286927;0,003795414537940498;0,07226576788376983;0,07313963285895586;0,005998892138151217;-0,0008738649751860311;99,33177189580768;0,6682281041923207
SC4 12.08.2018 12:00 Sunny Summerday;FS8_SEV12_GIS_TIME;30;0,0043117862273382174;0,004420486686028696;8,186133232203985e-05;0,04441833809726527;0,04411200584532444;0,0060769845731556416;0,06566419288575942;0,06648674067833898;0,009047725256772547;-0,0008225477925795643;98,18180798133801;1,818192018662001
SC4 12.08.2018 12:00 Sunny Summerday;FS8_SEV12_GIS_TIME;45;0,0038266467643411823;0,003829654834440889;8,631100937067777e-05;0,040845825892285595;0,04030230671940856;0,0062109217312578385;0,06185989625226656;0,06188420504814527;0,009290371863960978;-2,430879587871082e-05;97,79592027067665;2,2040797293233747
SC4 12.08.2018 12:00 Sunny Summerday;FS8_SEV12_GIS_TIME;60;0,00390764024331353;0,003859468209032168;9,2328382730379e-05;0,04067387315480985;0,04094122462446312;0,007193548625092144;0,06251112095710275;0,062124618381380566;0,009608765931709388;0,0003865025757221821;97,66363524573012;2,3363647542698924
SC4 12.08.2018 12:00 Sunny Summerday;FS8_SEV12_GIS_TIME;75;0,004088963326047022;0,0039662447214874;8,633881738680138e-05;0,042160303730273074;0,041009837293166616;0,0066979912960011025;0,06394500235395274;0,06297812891383325;0,009291868347474655;0,0009668734401194895;97,86953639428772;2,1304636057122734
SC4 12.08.2018 12:00 Sunny Summerday;FS8_SEV12_GIS_TIME;90;0,0036796353215857638;0,003558138488440585;0,0001239536797044895;0,04269004951781034;0,04065222958602641;0,0076940408570395;0,060659997705124945;0,05965013401863054;0,011133448688725766;0,0010098636864944027;96,63360736113965;3,366392638860357
SC4 12.08.2018 12:00 Sunny Summerday;FS8_SEV12_GIS_TIME;105;0,004046800480438069;0,003713652759355734;0,0003072809686579869;0,045788610975409934;0,04219024811381719;0,01161481002750604;0,06361446754031719;0,06093974695841569;0,01752943149842535;0,0026747205819014977;92,35796982881935;7,642030171180634
SC4 12.08.2018 12:00 Sunny Summerday;FS8_SEV12_GIS_TIME;120;0,0040009241491035874;0,0034067276388414845;0,00041835237231284785;0,04550107005555654;0,04057405875102837;0,01377247484481853;0,06325285882158677;0,058367179466216154;0,020453664031484624;0,004885679355370612;89,06291185823855;10,937088141761445
SC4 12.08.2018 12:00 Sunny Summerday;FS8_SEV12_GIS_TIME;135;0,004364307759122632;0,0036092569373333866;0,0007521019392873236;0,04796599708762993;0,04198030283243685;0,01773469660775331;0,06606290758907477;0,06007709161846458;0,02742447701027904;0,005985815970610188;82,75533014907339;17,244669850926623
SC4 12.08.2018 12:00 Sunny Summerday;FS8_SEV12_GIS_TIME;150;0,004653485548012692;0,0034024051118192113;0,0017200112339441837;0,050688093695240584;0,04135275007118578;0,028526292951858562;0,06821646097543241;0,058330138966225784;0,041473018143657975;0,009886322009206625;66,4218775311625;33,578122468837506
SC4 12.08.2018 12:00 Sunny Summerday;FS8_SEV12_GIS_TIME;165;0,0053689051297553065;0,003761186273102602;0,0017946202183467001;0,055997356189201306;0,04424850283652416;0,03194369189441204;0,07327281303290673;0,061328511094780394;0,04236295809249751;0,011944301938126331;67,69829508805388;32,30170491194611
SC4 12.08.2018 12:00 Sunny Summerday;FS8_SEV12_GIS_TIME;180;0,0063625294959700485;0,0048120975750252475;0,002292589843773788;0,05942730774611348;0,049239277660270975;0,03706702857743949;0,07976546555979003;0,06936928408903502;0,04788099668734756;0,010396181470755009;67,73130598669852;32,268694013301484
SC4 12.08.2018 12:00 Sunny Summerday;FS9_SEV12_GIS_SENSOR_TIME;0;0,003496017217273942;0,003496017217273942;0,0;0,027619475778608425;0,027619475778608425;0,0;0,059127127591943295;0,059127127591943295;0,0;0,0;100,0;0,0
SC4 12.08.2018 12:00 Sunny Summerday;FS9_SEV12_GIS_SENSOR_TIME;15;0,0038259487984973126;0,003794644467256838;7,990429923681187e-06;0,029680951136962994;0,02947337034798846;0,0016723949516165085;0,06185425448986765;0,06160068560703556;0,0028267348520300216;0,00025356888283208784;99,7898712303512;0,2101287696487961
SC4 12.08.2018 12:00 Sunny Summerday;FS9_SEV12_GIS_SENSOR_TIME;30;0,002765362520492202;0,0028870394992235532;2,38463062732343e-05;0,028562569578772803;0,02834826539424904;0,0025818032630975695;0,05258671429640952;0,05373117809264518;0,004883267991134042;-0,001144463796235659;99,18078867167499;0,8192113283250066
SC4 12.08.2018 12:00 Sunny Summerday;FS9_SEV12_GIS_SENSOR_TIME;45;0,002736651779248345;0,002725005228247393;4,6451946376488636e-05;0,030386038778203055;0,029147477221330185;0,00372349397967691;0,052313017302085964;0,05220158262205652;0,00681556647509865;0,00011143468002944301;98,32391614051215;1,676083859487841
SC4 12.08.2018 12:00 Sunny Summerday;FS9_SEV12_GIS_SENSOR_TIME;60;0,002579026414369757;0,002534636380425424;2,8296791072376504e-05;0,03126710546001193;0,030879592835591236;0,00320666647799637;0,050784115768316346;0,05034517236464112;0,005319472819027888;0,0004389434036752224;98,89592161875062;1,1040783812493875
SC4 12.08.2018 12:00 Sunny Summerday;FS9_SEV12_GIS_SENSOR_TIME;75;0,0030191272412983567;0,002881052458480088;5,441441515352299e-05;0,03627324271942554;0,03565218866945408;0,003716656074359797;0,054946585347029134;0,05367543626725439;0,007376612715435384;0,0012711490797747416;98,14631138772937;1,853688612270632
SC4 12.08.2018 12:00 Sunny Summerday;FS9_SEV12_GIS_SENSOR_TIME;90;0,0030374504865605108;0,0030260942585934704;5,73645546598465e-05;0,040191028907976184;0,04001621910164667;0,004004662694490474;0,05511307001574591;0,05500994690593212;0,007573939177194817;0,00010312310981379358;98,13960366802105;1,8603963319789543
SC4 12.08.2018 12:00 Sunny Summerday;FS9_SEV12_GIS_SENSOR_TIME;105;0,0037756774613906846;0,00374517398020107;0,00010473351093884224;0,048526235387114376;0,04822241698914708;0,005073291587008946;0,06144654149250944;0,0611978265970375;0,010233939170175003;0,0002487148954719437;97,27958369961166;2,7204163003883473
SC4 12.08.2018 12:00 Sunny Summerday;FS9_SEV12_GIS_SENSOR_TIME;120;0,005217633123316673;0,005337088162684473;0,00013355565292003997;0,05952894824731438;0,06012082605892844;0,0062185240558524065;0,07223318574808031;0,07305537737007778;0,011556628094735937;-0,0008221916219974673;97,55868491128807;2,4413150887119475
SC4 12.08.2018 12:00 Sunny Summerday;FS9_SEV12_GIS_SENSOR_TIME;135;0,006469841493594205;0,006223757549944227;0,0001438187777186123;0,06864503236440408;0,06735980774151369;0,00757346148400203;0,08043532491134853;0,07889079509007516;0,011992446694424466;0,0015445298212733716;97,74138902593414;2,258610974065853
SC4 12.08.2018 12:00 Sunny Summerday;FS9_SEV12_GIS_SENSOR_TIME;150;0,006511189661554793;0,006231022879691027;0,00021009055975555524;0,06907077807297068;0,0675526632359572;0,008346993199455133;0,08069194297793797;0,07893682841165477;0,014494501017818972;0,001755114566283203;96,73828815886209;3,2617118411379225
SC4 12.08.2018 12:00 Sunny Summerday;FS9_SEV12_GIS_SENSOR_TIME;165;0,008868709513180365;0,008448169813259907;0,0003368052921825719;0,08236461365572452;0,08078115714758372;0,01105710924130635;0,0941738260515116;0,09191392611166116;0,01835225577912895;0,0022598999398504432;96,16612126795995;3,8338787320400467
SC4 12.08.2018 12:00 Sunny Summerday;FS9_SEV12_GIS_SENSOR_TIME;180;0,011783784737008213;0,010861466628555933;0,00038069205259649126;0,09308925563703341;0,08995274401548203;0,01291428419990816;0,1085531424557033;0,10421836032367778;0,019511331389643588;0,004334782132025525;96,61371037899754;3,386289621002457
SC5 14.08.2018 12:00 Rainstorm from north west;FS4_SEV4_TIME;0;0,02045691699145211;0,02045691699145211;0,0;0,110590260851792;0,110590260851792;0,0;0,143027679109507;0,143027679109507;0,0;0,0;100,0;0,0
SC5 14.08.2018 12:00 Rainstorm from north west;FS4_SEV4_TIME;15;0,016734111820939264;0,016626138764449933;0,0016978636465463555;0,09823151387286651;0,09496309381363471;0,02716316600894406;0,12936039510197572;0,12894238544578712;0,0412051410208284;0,0004180096561886004;90,7342096531953;9,265790346804705
SC5 14.08.2018 12:00 Rainstorm from north west;FS4_SEV4_TIME;30;0,01592636361011195;0,017092518315838228;0,0058856664151040235;0,09343545652299365;0,09603229403095048;0,05411434335375789;0,126199697345564;0,13073835824209445;0,0767180970508525;-0,004538660896530461;74,38585125839629;25,614148741603728
SC5 14.08.2018 12:00 Rainstorm from north west;FS4_SEV4_TIME;45;0,01803135829815715;0,03113131171844007;0,013520489132593133;0,10916994298099088;0,14879115194809278;0,09275205257980929;0,13428089327285975;0,17644067478458608;0,11627763814505837;-0,042159781511726335;69,72017057565041;30,279829424349593
SC5 14.08.2018 12:00 Rainstorm from north west;FS4_SEV4_TIME;60;0,021450095843484753;0,03929883581787911;0,03107466217268494;0,119403884271417;0,16007924824915085;0,15657664500652765;0,14645851236266452;0,19823933973326058;0,17628006742875083;-0,051780827370596055;55,843232097327956;44,15676790267204
SC5 14.08.2018 12:00 Rainstorm from north west;FS4_SEV4_TIME;75;0,03510699810850625;0,026413736418647204;0,02560369164753642;0,1585956246813457;0,12339308877656108;0,1281399662405878;0,1873686155910489;0,16252303350186154;0,16001153598267975;0,024845582089187357;50,77862824175018;49,221371758249816
SC5 14.08.2018 12:00 Rainstorm from north west;FS4_SEV4_TIME;90;0,05027524225857134;0,02011439025628179;0,021329381027819866;0,1914366438187355;0,12953081172842473;0,10494597262981599;0,22422141347019323;0,14182521022823055;0,14604581824831503;0,08239620324196267;48,5341696304504;51,4658303695496
SC5 14.08.2018 12:00 Rainstorm from north west;FS4_SEV4_TIME;105;0,05367860034830733;0,015598541156128602;0,0255474893623602;0,20102912745028234;0,1115066852728808;0,11053586526549537;0,2316864267675328;0,12489411978203217;0,15983582002279778;0,10679230698550062;37,91019682717501;62,089803172825
SC5 14.08.2018 12:00 Rainstorm from north west;FS4_SEV4_TIME;120;0,04775379528675389;0,013754143056655836;0,025858114490649436;0,18241867313927818;0,10239057386542022;0,11270798176499831;0,21852641782346108;0,11727805871797092;0,16080458479362283;0,10124835910549015;34,721936865705096;65,27806313429491
SC5 14.08.2018 12:00 Rainstorm from north west;FS4_SEV4_TIME;135;0,026459789888350047;0,01621765371856972;0,018106592797474397;0,12308268123696872;0,09324018565934968;0,09828901994059093;0,1626646546990158;0,1273485520866638;0,13456074017882927;0,03531610261235202;47,248389592439075;52,75161040756093
SC5 14.08.2018 12:00 Rainstorm from north west;FS4_SEV4_TIME;150;0,06883089930287549;0,05254532868416035;0,011012295931971545;0,21729846902191774;0,1784168570731557;0,06834062746467653;0,2623564356040756;0,22922767870429686;0,10493948700070696;0,03312875689977876;82,67352501217225;17,32647498782775
SC5 14.08.2018 12:00 Rainstorm from north west;FS4_SEV4_TIME;165;0,05859471615763246;0,020860337434415326;0,017720795056487527;0,20256217714690541;0,11817108061806249;0,1159852671767942;0,24206345481636105;0,14443108195404245;0,13311947662339846;0,0976323728623186;54,06875352695788;45,93124647304213
SC5 14.08.2018 12:00 Rainstorm from north west;FS4_SEV4_TIME;180;0,030805145318521094;0,011901934917964886;0,00978274310467642;0,14199084115710728;0,0872956694372727;0,08239089296178988;0,17551394622229052;0,10909598946783006;0,09890775047829377;0,06641795675446047;54,88638063031369;45,11361936968632
SC5 14.08.2018 12:00 Rainstorm from north west;FS5_SEV4_GIS_TIME;0;0,013465802025461932;0,013465802025461932;0,0;0,09150505934841141;0,09150505934841141;0,0;0,11604224241827599;0,11604224241827599;0,0;0,0;100,0;0,0
SC5 14.08.2018 12:00 Rainstorm from north west;FS5_SEV4_GIS_TIME;15;0,01102793781247842;0,010654667208527974;0,0013996905174151757;0,08195647404543806;0,08094686581606272;0,026032239586169268;0,10501398865140976;0,10322144742507719;0,0374124380041608;0,0017925412263325724;88,38851020322063;11,611489796779379
SC5 14.08.2018 12:00 Rainstorm from north west;FS5_SEV4_GIS_TIME;30;0,012493629063222282;0,012432617362326932;0,004457523467475134;0,08475919072978044;0,08337581827398756;0,04547002316065078;0,11177490354825757;0,1115016473525254;0,06676468727909338;0,00027325619573217996;73,60872527711558;26,391274722884422
SC5 14.08.2018 12:00 Rainstorm from north west;FS5_SEV4_GIS_TIME;45;0,01531684526214472;0,030884094270043662;0,012937686910861296;0,10214648866356146;0,14638905279313233;0,08742256449827802;0,12376124297268802;0,17573871022072418;0,11374395329362039;-0,05197746724803616;70,47658364809048;29,523416351909503
SC5 14.08.2018 12:00 Rainstorm from north west;FS5_SEV4_GIS_TIME;60;0,020936702418723422;0,04285973310080463;0,028113937519601558;0,11609552915855771;0,17325832413007275;0,14612455349109632;0,14469520523750407;0,20702592374097653;0,1676721131243999;-0,062330718503472465;60,38821541305728;39,611784586942726
SC5 14.08.2018 12:00 Rainstorm from north west;FS5_SEV4_GIS_TIME;75;0,024528761004058416;0,027512431682049435;0,027664780195792237;0,12731370265079808;0,1195826763258478;0,1323063369580361;0,15661660513514655;0,16586871821428364;0,16632732846947382;-0,009252113079137092;49,861946165311785;50,138053834688215
SC5 14.08.2018 12:00 Rainstorm from north west;FS5_SEV4_GIS_TIME;90;0,033611810827174536;0,011556656300083434;0,02682931271930799;0,14276953513678353;0,08328775647181844;0,11437261848282206;0,18333524163993822;0,10750188975121988;0,16379655893610215;0,07583335188871834;30,106459717730093;69,8935402822699
SC5 14.08.2018 12:00 Rainstorm from north west;FS5_SEV4_GIS_TIME;105;0,03650444793403979;0,00767857122754;0,02695750597223329;0,14197608864617042;0,0642965409240949;0,1082166952529691;0,19106137216622252;0,08762745704138629;0,1641874111259243;0,10343391512483623;22,169286617683888;77,83071338231612
SC5 14.08.2018 12:00 Rainstorm from north west;FS5_SEV4_GIS_TIME;120;0,033510876744247194;0,008900777556557287;0,03206025898552478;0,13034908614687116;0,06993322385393196;0,12943933105748825;0,1830597627668276;0,09434393227207188;0,17905378796754;0,0887158304947557;21,729864056083912;78,2701359439161
SC5 14.08.2018 12:00 Rainstorm from north west;FS5_SEV4_GIS_TIME;135;0,03253811804138896;0,014515792231723237;0,02811369545602204;0,14976925866299007;0,08524714015652538;0,13549296530753877;0,18038325321766696;0,12048150161631967;0,16767139128671307;0,059901751601347294;34,0510595343047;65,94894046569529
SC5 14.08.2018 12:00 Rainstorm from north west;FS5_SEV4_GIS_TIME;150;0,09620703029858638;0,05678891075620906;0,016499316644426634;0,26481590429829294;0,1913733125862524;0,10315986544940703;0,31017258147455;0,23830423990397037;0,12844966580114808;0,07186834157057964;77,48708458422408;22,512915415775932
SC5 14.08.2018 12:00 Rainstorm from north west;FS5_SEV4_GIS_TIME;165;0,088214729666706;0,02552783927548873;0,033198771287857635;0,25879004450652515;0,12882342443685385;0,16338900864677908;0,29700964574691174;0,15977433860131834;0,18220529983471292;0,1372353071455934;43,46894709333298;56,531052906667014
SC5 14.08.2018 12:00 Rainstorm from north west;FS5_SEV4_GIS_TIME;180;0,036875913951076124;0,010683205845364533;0,01944151357099608;0,14938453796728465;0,07892755776805561;0,11699541767706065;0,19203102340787576;0,10335959483939812;0,13943282816824767;0,08867142856847764;35,46325427204652;64,53674572795349
SC5 14.08.2018 12:00 Rainstorm from north west;FS6_SEV4_GIS_SENSOR_TIME;0;0,009045061955440125;0,009045061955440125;0,0;0,06749741089433126;0,06749741089433126;0,0;0,09510553062488072;0,09510553062488072;0,0;0,0;100,0;0,0
SC5 14.08.2018 12:00 Rainstorm from north west;FS6_SEV4_GIS_SENSOR_TIME;15;0,010668351963035802;0,010343488568064335;0,0003195708004781203;0,07425569510179353;0,07180924163961286;0,012588940343282519;0,10328771448258404;0,10170294276993333;0,017876543303393985;0,001584771712650715;97,00301021092596;2,996989789074041
SC5 14.08.2018 12:00 Rainstorm from north west;FS6_SEV4_GIS_SENSOR_TIME;30;0,014305520631256032;0,014489172587658887;0,000942912461138142;0,08256111745064859;0,08200780153015982;0,02065998783511837;0,11960568812249706;0,12037097900930642;0,030706879703710405;-0,0007652908868093639;93,88992182095546;6,110078179044538
SC5 14.08.2018 12:00 Rainstorm from north west;FS6_SEV4_GIS_SENSOR_TIME;45;0,012628557656053571;0,014194940044660329;0,0027326528512248375;0,08683443670480084;0,09386991123895827;0,03510421949581508;0,11237685551773359;0,119142519885473;0,05227478217290664;-0,006765664367739413;83,85681373582004;16,143186264179963
SC5 14.08.2018 12:00 Rainstorm from north west;FS6_SEV4_GIS_SENSOR_TIME;60;0,028971424482763092;0,025879039948366978;0,003633122194056962;0,13616385453021274;0,13166032597820448;0,040889281534800564;0,1702099423734204;0,1608696365022529;0,060275386303672594;0,00934030587116752;87,6894069078242;12,310593092175797
SC5 14.08.2018 12:00 Rainstorm from north west;FS6_SEV4_GIS_SENSOR_TIME;75;0,08199205711003328;0,07518731545234246;0,004191205483213419;0,24921594400699318;0,23731025848390855;0,04197594500316756;0,2863425520421882;0,274203055147718;0,06473952025782566;0,012139496894470247;94,71997533612893;5,280024663871079
SC5 14.08.2018 12:00 Rainstorm from north west;FS6_SEV4_GIS_SENSOR_TIME;90;0,13517649794145162;0,11673785031111958;0,0061321596896746445;0,3166261076701977;0,29458642425885023;0,05209013682375424;0,3676635662415459;0,341669211827931;0,07830810743259375;0,025994354413614917;95,00922992548384;4,9907700745161545
SC5 14.08.2018 12:00 Rainstorm from north west;FS6_SEV4_GIS_SENSOR_TIME;105;0,14594473678056707;0,12809522519218142;0,006895886729508669;0,3466120789201143;0,31587335940584793;0,05372920011579786;0,38202714141873095;0,3579039329096307;0,08304147595935822;0,02412320850910027;94,8915994309988;5,108400569001205
SC5 14.08.2018 12:00 Rainstorm from north west;FS6_SEV4_GIS_SENSOR_TIME;120;0,13461018557379736;0,13684502229383502;0,007974372942867423;0,3353872383053783;0,3325364079242885;0,07012965917556689;0,36689260768486104;0,3699256983420252;0,08929934458251876;-0,0030330906571641725;94,49357392369055;5,506426076309446
SC5 14.08.2018 12:00 Rainstorm from north west;FS6_SEV4_GIS_SENSOR_TIME;135;0,07161746885925066;0,09144361511489177;0,007228835727507975;0,2308463560705258;0,2690497838469681;0,06924051554520091;0,2676144033105293;0,3023964535421865;0,08502256010911442;-0,0347820502316572;92,67390678371422;7,326093216285787
SC5 14.08.2018 12:00 Rainstorm from north west;FS6_SEV4_GIS_SENSOR_TIME;150;0,03477149328297975;0,037005112422289876;0,007106777906982709;0,14638831080107984;0,15640410165101973;0,07096328008257152;0,18647115938659187;0,1923671292666444;0,08430170761605431;-0,005895969880052532;83,88920117924155;16,110798820758454
SC5 14.08.2018 12:00 Rainstorm from north west;FS6_SEV4_GIS_SENSOR_TIME;165;0,03492855625968656;0,03551240959860795;0,0076987368582083875;0,1428389237045869;0,14461777295887307;0,06283083570148987;0,1868918303717061;0,1884473655921142;0,08774244616038686;-0,0015555352204081052;82,18344688932928;17,816553110670707
SC5 14.08.2018 12:00 Rainstorm from north west;FS6_SEV4_GIS_SENSOR_TIME;180;0,058914940150623915;0,055875580399616855;0,004675141629550705;0,21607539431278258;0,20793847553632105;0,042473830678716656;0,24272399994772645;0,23638016075723625;0,06837500734589141;0,006343839190490197;92,27896633949523;7,721033660504771
SC5 14.08.2018 12:00 Rainstorm from north west;FS7_SEV12_TIME;0;0,017338332093205122;0,017338332093205122;0,0;0,10087587736203613;0,10087587736203613;0,0;0,13167510050577186;0,13167510050577186;0,0;0,0;100,0;0,0
SC5 14.08.2018 12:00 Rainstorm from north west;FS7_SEV12_TIME;15;0,016105053876269374;0,015573948140773685;0,0007546063374674692;0,09740637671272016;0,09601870130211805;0,018211128040604346;0,12690568890427795;0,12479562548732902;0,027470098970834984;0,002110063416948929;95,3786090589156;4,6213909410844085
SC5 14.08.2018 12:00 Rainstorm from north west;FS7_SEV12_TIME;30;0,017068022078783503;0,018454594707781234;0,0032323375622891003;0,09930449870513325;0,09872124293861648;0,042488077866171835;0,13064464045181304;0,13584768937225702;0,05685365038666471;-0,005203048920443987;85,09545968956624;14,904540310433761
SC5 14.08.2018 12:00 Rainstorm from north west;FS7_SEV12_TIME;45;0,018427577267937915;0,020695187015852184;0,004600890123167919;0,11196876180615205;0,11708338194130302;0,03976129783983648;0,1357482127614869;0,14385821845084898;0,0678298615888896;-0,008110005689362071;81,81184340211043;18,188156597889567
SC5 14.08.2018 12:00 Rainstorm from north west;FS7_SEV12_TIME;60;0,02454684835546761;0,026790915517127017;0,021102276025287258;0,12727644771397456;0,1343782348454425;0,11258215148318015;0,1566743385352803;0,16367930693012792;0,1452662246542095;-0,007004968394847627;55,938881194419764;44,061118805580236
SC5 14.08.2018 12:00 Rainstorm from north west;FS7_SEV12_TIME;75;0,036509968227987494;0,022967476480357293;0,02606765813856048;0,1611596298028217;0,11327474070530169;0,12691392524938616;0,1910758180094684;0,15155024407884435;0,16145481763812586;0,03952557393062406;46,83881600173365;53,161183998266345
SC5 14.08.2018 12:00 Rainstorm from north west;FS7_SEV12_TIME;90;0,04971858428644283;0,014679214540195253;0,030088792280091897;0,17672939510149924;0,10342197273603797;0,11671382062014764;0,22297664515917992;0,1211578084161118;0,17346121260988548;0,10181883674306812;32,78951997823408;67,21048002176592
SC5 14.08.2018 12:00 Rainstorm from north west;FS7_SEV12_TIME;105;0,05056914235924454;0,013128335672965404;0,028491522130019525;0,1768746530861818;0,0985536232084277;0,10934753300635701;0,22487583765101252;0,11457894951938337;0,16879431900991076;0,11029688813162915;31,543441919265412;68,4565580807346
SC5 14.08.2018 12:00 Rainstorm from north west;FS7_SEV12_TIME;120;0,04728366687095396;0,01568205751541251;0,03190521384515638;0,1632513363396739;0,1070748553317397;0,13115338539283206;0,21744807856349055;0,12522802208536438;0,17862030636284437;0,09222005647812617;32,954311241318116;67,04568875868188
SC5 14.08.2018 12:00 Rainstorm from north west;FS7_SEV12_TIME;135;0,029498528465636456;0,01834193051927015;0,02858250348300338;0,12856095644098464;0,10859434470745406;0,13903558030078716;0,1717513565176021;0,1354323835693301;0,16906360780192578;0,036318972948271994;39,088229638276445;60,91177036172356
SC5 14.08.2018 12:00 Rainstorm from north west;FS7_SEV12_TIME;150;0,07186814846352782;0,043906789869243484;0,015775102037443058;0,22703233064743572;0,16547110260322515;0,09981194906209487;0,26808235388314505;0,20953947091000177;0,12559897307479492;0,05854288297314328;73,56802619108046;26,43197380891954
SC5 14.08.2018 12:00 Rainstorm from north west;FS7_SEV12_TIME;165;0,06216965481451361;0,02608550621078461;0,017700412749276924;0,2092569591498235;0,1314870291080156;0,1136033633247147;0,24933843429065164;0,16151008083331705;0,1330428981542304;0,08782835345733458;59,575102750676514;40,42489724932348
SC5 14.08.2018 12:00 Rainstorm from north west;FS7_SEV12_TIME;180;0,035680769865721856;0,01102139306296056;0,014404998113810399;0,1543793368054851;0,07991055523474282;0,10080419241033926;0,18889354109053558;0,10498282270429082;0,12002082366743864;0,08391071838624475;43,34627350903609;56,653726490963905
SC5 14.08.2018 12:00 Rainstorm from north west;FS8_SEV12_GIS_TIME;0;0,011151767042416988;0,011151767042416988;0,0;0,08608011782121998;0,08608011782121998;0,0;0,10560192726658443;0,10560192726658443;0,0;0,0;100,0;0,0
SC5 14.08.2018 12:00 Rainstorm from north west;FS8_SEV12_GIS_TIME;15;0,009356402364945022;0,008991538307906636;0,0012715075335987948;0,07614464162036487;0,07531739794062974;0,02539947844470722;0,09672849820474327;0,09482372228459836;0,03565820429576894;0,001904775920144916;87,61081697154064;12,389183028459358
SC5 14.08.2018 12:00 Rainstorm from north west;FS8_SEV12_GIS_TIME;30;0,0139164415845755;0,010915828359545037;0,004076510748130849;0,09534242504168942;0,07810456793515301;0,04817156278847778;0,1179679684684597;0,10447884168359178;0,06384755867009206;0,01348912678486791;72,80937471562574;27,190625284374253
SC5 14.08.2018 12:00 Rainstorm from north west;FS8_SEV12_GIS_TIME;45;0,01707592539724369;0,025136371947584113;0,005679355754903414;0,1112652979705732;0,1333495039291116;0,054386155428296896;0,13067488433989025;0,15854454247177388;0,07536150048203269;-0,027869658131883634;81,56994438120972;18,430055618790277
SC5 14.08.2018 12:00 Rainstorm from north west;FS8_SEV12_GIS_TIME;60;0,020693954683698952;0,032206074531243266;0,01760706147471462;0,11651774343637084;0,1477141354797927;0,11252602649322391;0,14385393523883505;0,17946050967063273;0,1326916028794385;-0,03560657443179768;64,65377832745015;35,34622167254985
SC5 14.08.2018 12:00 Rainstorm from north west;FS8_SEV12_GIS_TIME;75;0,024206250728442177;0,024882824788112528;0,022352857214976405;0,12961788990829345;0,11352569863346966;0,12080893949240133;0,15558358116601564;0,15774290725136433;0,14950871952824826;-0,0021593260853486895;52,6780258756195;47,3219741243805
SC5 14.08.2018 12:00 Rainstorm from north west;FS8_SEV12_GIS_TIME;90;0,03301621074650428;0,012508440878272754;0,023260570680691938;0,14206471968501097;0,09224539224617426;0,10537085073734939;0,1817036343789091;0,11184114125970261;0,1525141655082961;0,06986249311920649;34,9700490259642;65,0299509740358
SC5 14.08.2018 12:00 Rainstorm from north west;FS8_SEV12_GIS_TIME;105;0,03780798731676115;0,00957083235358622;0,024600396524148176;0,14514386309840188;0,07765660956442974;0,10379823096636955;0,19444276102946376;0,09783063095772315;0,15684513548130263;0,0966121300717406;28,00845233816707;71,99154766183294
SC5 14.08.2018 12:00 Rainstorm from north west;FS8_SEV12_GIS_TIME;120;0,036843400172752984;0,01071345435142517;0,028875020314111786;0,13802637677577181;0,08196653865698517;0,12840420961376606;0,19194634712010797;0,10350581795930686;0,16992651445290044;0,08844052916080111;27,062053898104782;72,93794610189521
SC5 14.08.2018 12:00 Rainstorm from north west;FS8_SEV12_GIS_TIME;135;0,029984124217287696;0,013552781545845364;0,02808339078777464;0,1371373637346807;0,08918048766739546;0,14003584103957906;0,17315924525501863;0,11641641441757843;0,1675809976929802;0,05674283083744021;32,55049824765444;67,44950175234555
SC5 14.08.2018 12:00 Rainstorm from north west;FS8_SEV12_GIS_TIME;150;0,08875677724053112;0,05155053747220551;0,018920849210332366;0,25685629486016703;0,18296679344591843;0,1107285485694688;0,29792075664601003;0,22704743441009306;0,13755307779301912;0,07087332223591697;73,1510190148979;26,848980985102095
SC5 14.08.2018 12:00 Rainstorm from north west;FS8_SEV12_GIS_TIME;165;0,08040810714684644;0,02630865569459015;0,02736084106447781;0,2434336453931681;0,1330479716059206;0,14713387903893352;0,2835632330660067;0,16219943185655783;0,16541112739014208;0,1213638012094489;49,01975476441384;50,98024523558615
SC5 14.08.2018 12:00 Rainstorm from north west;FS8_SEV12_GIS_TIME;180;0,03804775872858057;0,01083514690106596;0,017302133961365963;0,1566363287012689;0,07736179330003176;0,10875681867456764;0,1950583469851536;0,10409201170630702;0,1315375762334321;0,09096633527884657;38,5081520635945;61,4918479364055
SC5 14.08.2018 12:00 Rainstorm from north west;FS9_SEV12_GIS_SENSOR_TIME;0;0,009053626739297826;0,009053626739297826;0,0;0,06655305904926304;0,06655305904926304;0,0;0,09515054776141768;0,09515054776141768;0,0;0,0;100,0;0,0
SC5 14.08.2018 12:00 Rainstorm from north west;FS9_SEV12_GIS_SENSOR_TIME;15;0,010579960770978385;0,010211495552836647;0,00044803875588364864;0,07235444101511794;0,07172255425734096;0,014652615317898075;0,10285893627185916;0,10105194482461309;0,021166925990413643;0,0018069914472460674;95,79682617544447;4,203173824555539
SC5 14.08.2018 12:00 Rainstorm from north west;FS9_SEV12_GIS_SENSOR_TIME;30;0,014190796320858162;0,0145909150465104;0,0011515574259496329;0,08303274832621171;0,08109248332962377;0,023392072749616456;0,11912512883878935;0,12079286008084418;0,03393460513914422;-0,0016677312420548263;92,68502817480434;7,314971825195653
SC5 14.08.2018 12:00 Rainstorm from north west;FS9_SEV12_GIS_SENSOR_TIME;45;0,01216162442974749;0,01330986090926334;0,0018013121007918235;0,08709379906148058;0,09103600679992906;0,028805766009936368;0,11027975530326267;0,11536837048889674;0,04244186731037907;-0,005088615185634068;88,07960110314926;11,920398896850747
SC5 14.08.2018 12:00 Rainstorm from north west;FS9_SEV12_GIS_SENSOR_TIME;60;0,02687744483334399;0,02410936428841179;0,0033252638225581247;0,13268019278895296;0,12820746536582336;0,038512667654639614;0,16394341960976655;0,15527190437555594;0,05766510055968102;0,008671515234210614;87,87931876055394;12,120681239446057
SC5 14.08.2018 12:00 Rainstorm from north west;FS9_SEV12_GIS_SENSOR_TIME;75;0,07692120434476037;0,0772949485901447;0,003622373820128652;0,2410051472469345;0,24068505753648217;0,04019610416552011;0,27734672225350054;0,27801969101152657;0,06018615970577166;-0,0006729687580260268;95,52336420406719;4,476635795932802
SC5 14.08.2018 12:00 Rainstorm from north west;FS9_SEV12_GIS_SENSOR_TIME;90;0,12355140486484514;0,12094607444991706;0,006094249971209971;0,3037883754158476;0,3009088928483439;0,05340288930919266;0,3514987978142246;0,34777302145209177;0,07806567729296897;0,0037257763621328377;95,20290112688308;4,7970988731169255
SC5 14.08.2018 12:00 Rainstorm from north west;FS9_SEV12_GIS_SENSOR_TIME;105;0,13463265161234447;0,12627980003299089;0,006173441162738868;0,3357053993092133;0,3153941136256646;0,055770218224382793;0,36692322304856156;0,35535869207462883;0,0785712489574836;0,01156453097393273;95,33915432570184;4,660845674298152
SC5 14.08.2018 12:00 Rainstorm from north west;FS9_SEV12_GIS_SENSOR_TIME;120;0,1250731257085571;0,13393117421149675;0,0074449367191760036;0,3246051533711552;0,33204526241710713;0,0731780549307799;0,35365679084185153;0,3659660834168882;0,08628404672461766;-0,012309292575036657;94,73394997912567;5,266050020874326
SC5 14.08.2018 12:00 Rainstorm from north west;FS9_SEV12_GIS_SENSOR_TIME;135;0,07068417081016246;0,08970545528545334;0,007694474397491949;0,22801846950345422;0,26798277431852185;0,07314780203499797;0,2658649484421789;0,2995086898329552;0,08771815318103744;-0,033643741390776305;92,10012325210205;7,899876747897951
SC5 14.08.2018 12:00 Rainstorm from north west;FS9_SEV12_GIS_SENSOR_TIME;150;0,03645592127429838;0,03493789572232266;0,006788392509886508;0,15077945023893058;0,15272108447102883;0,06854006780624172;0,1909343375988153;0,1869168149801474;0,08239170170524765;0,004017522618667918;83,7311373776917;16,268862622308312
SC5 14.08.2018 12:00 Rainstorm from north west;FS9_SEV12_GIS_SENSOR_TIME;165;0,03457843466863239;0,035162695733919426;0,007466275884859754;0,13847873891770351;0,14364239872544668;0,060380263255745935;0,1859527753722229;0,18751718783599391;0,08640761473886288;-0,0015644124637710088;82,4854421738603;17,514557826139683
SC5 14.08.2018 12:00 Rainstorm from north west;FS9_SEV12_GIS_SENSOR_TIME;180;0,05912898558348029;0,053663554512659334;0,005095559502393209;0,2155629822603743;0,20371621444145613;0,0449256598507564;0,24316452369430924;0,23165395423488747;0,07138318781333045;0,011510569459421777;91,32805252800806;8,671947471991936
SC6 14.08.2018 12:30 Rainstorm from north west (0.5h later);FS4_SEV4_TIME;0;0,017092518315838228;0,017092518315838228;0,0;0,09603229403095048;0,09603229403095048;0,0;0,13073835824209445;0,13073835824209445;0,0;0,0;100,0;0,0
SC6 14.08.2018 12:30 Rainstorm from north west (0.5h later);FS4_SEV4_TIME;15;0,01563616481353347;0,03113131171844007;0,009719184650997447;0,0991873903711605;0,14879115194809278;0,08418975731045225;0,12504465127918696;0,17644067478458608;0,09858592521753522;-0,051396023505399124;76,20791541160098;23,792084588399028
SC6 14.08.2018 12:30 Rainstorm from north west (0.5h later);FS4_SEV4_TIME;30;0,019039664379331314;0,03929883581787911;0,015414819640449913;0,1077779703870908;0,16007924824915085;0,10524122471526863;0,1379842903352817;0,19823933973326058;0,12415643213482705;-0,06025504939797888;71,826375862987;28,173624137012997
SC6 14.08.2018 12:30 Rainstorm from north west (0.5h later);FS4_SEV4_TIME;45;0,024247144999556;0,026413736418647204;0,009766981821580461;0,12768837871609845;0,12339308877656108;0,07223547782993665;0,15571494790018073;0,16252303350186154;0,09882804167634032;-0,006808085601680808;73,00500847791074;26,99499152208926
SC6 14.08.2018 12:30 Rainstorm from north west (0.5h later);FS4_SEV4_TIME;60;0,027128218342438386;0,02011439025628179;0,006942840689451359;0,14604510370062834;0,12953081172842473;0,05642112134445975;0,16470646114357015;0,14182521022823055;0,08332371024775216;0,0228812509153396;74,34016546860931;25,65983453139068
SC6 14.08.2018 12:30 Rainstorm from north west (0.5h later);FS4_SEV4_TIME;75;0,031337683762254404;0,015598541156128602;0,012398698499305591;0,16228303465878277;0,1115066852728808;0,07857614482521848;0,17702452870225188;0,12489411978203217;0,11134944319261589;0,05213040892021971;55,714568107791884;44,285431892208116
SC6 14.08.2018 12:30 Rainstorm from north west (0.5h later);FS4_SEV4_TIME;90;0,030960855485382903;0,013754143056655836;0,01626638208178954;0,14941521296177246;0,10239057386542022;0,08797948164049618;0,17595697055070852;0,11727805871797092;0,1275397274647768;0,0586789118327376;45,81579766918128;54,18420233081872
SC6 14.08.2018 12:30 Rainstorm from north west (0.5h later);FS4_SEV4_TIME;105;0,026644626562130215;0,01621765371856972;0,017947379462851402;0,11959491751351471;0,09324018565934968;0,09740421075941519;0,16323181847339144;0,1273485520866638;0,13396782995499854;0,03588326638672765;47,46857300694456;52,53142699305543
SC6 14.08.2018 12:30 Rainstorm from north west (0.5h later);FS4_SEV4_TIME;120;0,05728186549990615;0,05254532868416035;0,011257812828115592;0,19665812254800624;0,1784168570731557;0,0689390781233563;0,23933630209374038;0,22922767870429686;0,10610284081076997;0,010108623389443516;82,35539416824868;17,644605831751328
SC6 14.08.2018 12:30 Rainstorm from north west (0.5h later);FS4_SEV4_TIME;135;0,03961489990824557;0,020860337434415326;0,012009568383402572;0,16535059121248374;0,11817108061806249;0,08644965661831547;0,1990349213285085;0,14443108195404245;0,10958817629380722;0,05460383937446606;63,46333193053292;36,53666806946707
SC6 14.08.2018 12:30 Rainstorm from north west (0.5h later);FS4_SEV4_TIME;150;0,04191807936265979;0,011901934917964886;0,019323168929359532;0,18512421325816492;0,0872956694372727;0,12452796850197126;0,20473905187496544;0,10909598946783006;0,13900780168522747;0,09564306240713538;38,11655831845929;61,88344168154072
SC6 14.08.2018 12:30 Rainstorm from north west (0.5h later);FS4_SEV4_TIME;165;0,04701438657749736;0,009308630993302437;0,021504128459967877;0,20345750524763315;0,08357033498564137;0,13530387935385;0,21682801151488099;0,09648124684778092;0,1466428602420448;0,12034676466710006;30,210312735604294;69,78968726439572
SC6 14.08.2018 12:30 Rainstorm from north west (0.5h later);FS4_SEV4_TIME;180;0,034477999069886696;0,017390732511351533;0,007253760081835913;0,16885792915789843;0,12011849972743356;0,07076810683925928;0,18568252225205983;0,1318739265789547;0,08516900892834149;0,05380859567310514;70,56640523472943;29,433594765270566
SC6 14.08.2018 12:30 Rainstorm from north west (0.5h later);FS5_SEV4_GIS_TIME;0;0,012432617362326932;0,012432617362326932;0,0;0,08337581827398756;0,08337581827398756;0,0;0,1115016473525254;0,1115016473525254;0,0;0,0;100,0;0,0
SC6 14.08.2018 12:30 Rainstorm from north west (0.5h later);FS5_SEV4_GIS_TIME;15;0,014915529551485488;0,030884094270043662;0,008827928960323072;0,09812758011156511;0,14638905279313233;0,07825279194882044;0,12212915111260492;0,17573871022072418;0,09395705912981245;-0,053609559108119265;77,7701354848811;22,22986451511891
SC6 14.08.2018 12:30 Rainstorm from north west (0.5h later);FS5_SEV4_GIS_TIME;30;0,022393288471973125;0,04285973310080463;0,012728659883369289;0,11689236367820369;0,17325832413007275;0,09395862444147576;0,14964387214975802;0,20702592374097653;0,11282136270835098;-0,05738205159121851;77,10194664739966;22,89805335260034
SC6 14.08.2018 12:30 Rainstorm from north west (0.5h later);FS5_SEV4_GIS_TIME;45;0,02218536167024355;0,027512431682049435;0,008160146371946049;0,10508551328216917;0,1195826763258478;0,0639008032608383;0,14894751313883542;0,16586871821428364;0,09033352850379558;-0,016921205075448226;77,12487625762702;22,875123742372963
SC6 14.08.2018 12:30 Rainstorm from north west (0.5h later);FS5_SEV4_GIS_TIME;60;0,013425020688058842;0,011556656300083434;0,006919518673438912;0,08897014242773268;0,08328775647181844;0,05061684241628845;0,11586639153809375;0,10750188975121988;0,08318364426639958;0,008364501786873868;62,54896544682508;37,45103455317493
SC6 14.08.2018 12:30 Rainstorm from north west (0.5h later);FS5_SEV4_GIS_TIME;75;0,015449038341930232;0,00767857122754;0,01194701880790888;0,09398892431880984;0,0642965409240949;0,06860655724975097;0,12429416053029295;0,08762745704138629;0,1093024190396026;0,03666670348890666;39,12530127079246;60,87469872920753
SC6 14.08.2018 12:30 Rainstorm from north west (0.5h later);FS5_SEV4_GIS_TIME;90;0,018505992204760284;0,008900777556557287;0,021349440594869217;0,09265276793846072;0,06993322385393196;0,10870277543762957;0,13603673108671893;0,09434393227207188;0,14611447770453556;0,04169279881464705;29,423845844687087;70,5761541553129
SC6 14.08.2018 12:30 Rainstorm from north west (0.5h later);FS5_SEV4_GIS_TIME;105;0,02968396369784572;0,014515792231723237;0,02702721896752573;0,13642458589794487;0,08524714015652538;0,1336914340521032;0,17229034708260854;0,12048150161631967;0,16439957106855763;0,051808845466288875;34,941598629195326;65,05840137080466
SC6 14.08.2018 12:30 Rainstorm from north west (0.5h later);FS5_SEV4_GIS_TIME;120;0,075007711965041;0,05678891075620906;0,012086487524498585;0,23202796597767728;0,1913733125862524;0,07971835993065306;0,27387535844803745;0,23830423990397037;0,10993856249969156;0,03557111854406708;82,45166223904934;17,548337760950666
SC6 14.08.2018 12:30 Rainstorm from north west (0.5h later);FS5_SEV4_GIS_TIME;135;0,047776854993588296;0,02552783927548873;0,02023210462356488;0,18197535031224968;0,12882342443685385;0,11744545782709334;0,21857917328416332;0,15977433860131834;0,14223960286630752;0,058804834682844975;55,78643044625037;44,213569553749636
SC6 14.08.2018 12:30 Rainstorm from north west (0.5h later);FS5_SEV4_GIS_TIME;150;0,033737366216207654;0,010683205845364533;0,019310718604915917;0,1590164223330386;0,07892755776805561;0,11435995128948537;0,1836773426860473;0,10335959483939812;0,13896301164308406;0,08031774784664918;35,617899428511244;64,38210057148876
SC6 14.08.2018 12:30 Rainstorm from north west (0.5h later);FS5_SEV4_GIS_TIME;165;0,03280998809664577;0,006391982012884902;0,018246966909933354;0,1649770635986426;0,06571234145118521;0,12048750391134816;0,1811352756826946;0,07994987187535013;0,1350813344246101;0,10118540380734448;25,94259208421531;74,0574079157847
SC6 14.08.2018 12:30 Rainstorm from north west (0.5h later);FS5_SEV4_GIS_TIME;180;0,02038411575939448;0,010836818151648851;0,00789261301485627;0,11938744767599858;0,09109873830921295;0,07668559479567114;0,14277295177796975;0,10410003915296502;0,0888403794164358;0,03867291262500473;57,85983597317645;42,140164026823555
SC6 14.08.2018 12:30 Rainstorm from north west (0.5h later);FS6_SEV4_GIS_SENSOR_TIME;0;0,007392199657336367;0,007392199657336367;0,0;0,058400974622938834;0,058400974622938834;0,0;0,08597790214547205;0,08597790214547205;0,0;0,0;100,0;0,0
SC6 14.08.2018 12:30 Rainstorm from north west (0.5h later);FS6_SEV4_GIS_SENSOR_TIME;15;0,01559398682728608;0,018196921074124836;0,0009051282271836876;0,08929224451921491;0,09978018291343833;0,025012868082653867;0,12487588569169822;0,13489596389115888;0,030085349045402277;-0,010020078199460658;95,26161715475374;4,738382845246268
SC6 14.08.2018 12:30 Rainstorm from north west (0.5h later);FS6_SEV4_GIS_SENSOR_TIME;30;0,03144348007188758;0,03606975978741713;0,0014446907142275662;0,14544740485823104;0,15385132591012224;0,02789937118136317;0,17732309514523928;0,18992040382069836;0,0380090872585434;-0,012597308675459079;96,14897540838503;3,8510245916149795
SC6 14.08.2018 12:30 Rainstorm from north west (0.5h later);FS6_SEV4_GIS_SENSOR_TIME;45;0,07596675910919845;0,07902153487884708;0,002261163516480459;0,23460059154436008;0,23854455117158554;0,03250138134607216;0,27562067975607063;0,28110769267105995;0,04755169309793773;-0,00548701291498932;97,21814905124947;2,7818509487505403
SC6 14.08.2018 12:30 Rainstorm from north west (0.5h later);FS6_SEV4_GIS_SENSOR_TIME;60;0,1264293502297506;0,12492314686200352;0,0024746246271147455;0,3032414511127982;0,3044501869649861;0,03050341223278185;0,3555690512822377;0,35344468713223504;0,04974559907283001;0,0021243641500026667;98,05756050660108;1,9424394933989224
SC6 14.08.2018 12:30 Rainstorm from north west (0.5h later);FS6_SEV4_GIS_SENSOR_TIME;75;0,13450347086580694;0,13091170811986794;0,00440958347609507;0,32624661821171574;0,31044398744286544;0,04510890914043955;0,3667471484085554;0,3618172302694662;0,06640469468414918;0,004929918139089162;96,74139714150746;3,258602858492536
SC6 14.08.2018 12:30 Rainstorm from north west (0.5h later);FS6_SEV4_GIS_SENSOR_TIME;90;0,1228042666804559;0,1329822300999336;0,004754683800415698;0,3151760947383423;0,3206341024298674;0,05634654834560615;0,35043439711371926;0,3646672868519105;0,06895421524762427;-0,014232889738191257;96,54799598322957;3,452004016770439
SC6 14.08.2018 12:30 Rainstorm from north west (0.5h later);FS6_SEV4_GIS_SENSOR_TIME;105;0,06879264103271875;0,08379615311567895;0,00555346148636916;0,22822530934595653;0,2531056758566382;0,06064557639820787;0,2622835126970789;0,28947565202565645;0,07452155048285805;-0,027192139328577558;93,78457141521697;6,215428584783019
SC6 14.08.2018 12:30 Rainstorm from north west (0.5h later);FS6_SEV4_GIS_SENSOR_TIME;120;0,02734341751179232;0,028180940291127415;0,005188564909726214;0,1316836315195674;0,13433970266465894;0,05418589012484902;0,16535845158863915;0,16787179718799528;0,0720316937863203;-0,0025133455993561205;84,4511781685229;15,548821831477094
SC6 14.08.2018 12:30 Rainstorm from north west (0.5h later);FS6_SEV4_GIS_SENSOR_TIME;135;0,024497179341088658;0,01923123124311135;0,005928544274427789;0,12185335900239234;0,11159757219219767;0,046818850718329856;0,15651574790125325;0,13867671485549168;0,07699704068617046;0,017839033045761565;76,43641824111292;23,563581758887075
SC6 14.08.2018 12:30 Rainstorm from north west (0.5h later);FS6_SEV4_GIS_SENSOR_TIME;150;0,051893308594881594;0,03732969162734548;0,005308169351526203;0,20639774131757754;0,16868474603025402;0,05009031751931111;0,22780102852024525;0,19320893257648694;0,07285718462530791;0,03459209594375831;87,55057305957126;12,449426940428737
SC6 14.08.2018 12:30 Rainstorm from north west (0.5h later);FS6_SEV4_GIS_SENSOR_TIME;165;0,06200003332414054;0,054286981717486395;0,0034633913044880985;0,23455856100593356;0,21183416863982074;0,04238170141313415;0,24899805887625015;0,23299566888139014;0,05885058457218669;0,016002389994860006;94,0028243572206;5,997175642779397
SC6 14.08.2018 12:30 Rainstorm from north west (0.5h later);FS6_SEV4_GIS_SENSOR_TIME;180;0,053883328490639384;0,050317493297519285;0,001431148744631716;0,21103108197169648;0,20454764045490761;0,027278967432628462;0,23212782791091505;0,2243156109090923;0,037830526623769276;0,007812217001822747;97,23442260868218;2,7655773913178194
SC6 14.08.2018 12:30 Rainstorm from north west (0.5h later);FS7_SEV12_TIME;0;0,018454594707781234;0,018454594707781234;0,0;0,09872124293861648;0,09872124293861648;0,0;0,13584768937225702;0,13584768937225702;0,0;0,0;100,0;0,0
SC6 14.08.2018 12:30 Rainstorm from north west (0.5h later);FS7_SEV12_TIME;15;0,015643419632417128;0,020695187015852184;0,003442274677515071;0,10126792932666051;0,11708338194130302;0,047632882806615234;0,12507365682835506;0,14385821845084898;0,05867090145476777;-0,018784561622493923;85,73887046929639;14,261129530703617
SC6 14.08.2018 12:30 Rainstorm from north west (0.5h later);FS7_SEV12_TIME;30;0,019603628409971693;0,026790915517127017;0,009223374684085338;0,11234599525034306;0,1343782348454425;0,07875861867456731;0,14001295800736335;0,16367930693012792;0,09603840213209161;-0,023666348922764563;74,38968078350506;25,610319216494926
SC6 14.08.2018 12:30 Rainstorm from north west (0.5h later);FS7_SEV12_TIME;45;0,02429431595293373;0,022967476480357293;0,007948525583701307;0,1225293686781089;0,11327474070530169;0,06089911366180673;0,15586634002546454;0,15155024407884435;0,0891545040012074;0,004316095946620191;74,28993060864792;25,710069391352082
SC6 14.08.2018 12:30 Rainstorm from north west (0.5h later);FS7_SEV12_TIME;60;0,019664463289771807;0,014679214540195253;0,008822542445243232;0,11604799899257216;0,10342197273603797;0,059281566720727805;0,14023003704546258;0,1211578084161118;0,09392838998536722;0,019072228629350776;62,460072875787056;37,53992712421294
SC6 14.08.2018 12:30 Rainstorm from north west (0.5h later);FS7_SEV12_TIME;75;0,02761939819993795;0,013128335672965404;0,015651309138400595;0,13658545623169532;0,0985536232084277;0,08046768314968183;0,16619084872500636;0,11457894951938337;0,12510519229192926;0,051611899205622994;45,61673974440645;54,38326025559355
SC6 14.08.2018 12:30 Rainstorm from north west (0.5h later);FS7_SEV12_TIME;90;0,028105894934847338;0,01568205751541251;0,020353827604329664;0,1300132251194825;0,1070748553317397;0,10461764225913008;0,16764812833684525;0,12522802208536438;0,14266684129232576;0,04242010625148088;43,517891855030726;56,48210814496927
SC6 14.08.2018 12:30 Rainstorm from north west (0.5h later);FS7_SEV12_TIME;105;0,030664598468425827;0,01834193051927015;0,028629177686442842;0,12926499060101668;0,10859434470745406;0,1330569114418782;0,17511310193251053;0,1354323835693301;0,1692015889004676;0,039680718363180434;39,04938848566332;60,95061151433667
SC6 14.08.2018 12:30 Rainstorm from north west (0.5h later);FS7_SEV12_TIME;120;0,06284996099471911;0,043906789869243484;0,014850332198108666;0,20700812935951823;0,16547110260322515;0,08808800296787424;0,25069894494137607;0,20953947091000177;0,12186193908726656;0,041159474031374294;74,72590270659272;25,274097293407287
SC6 14.08.2018 12:30 Rainstorm from north west (0.5h later);FS7_SEV12_TIME;135;0,045670180063141955;0,02608550621078461;0,01889015458867004;0,1746698027081348;0,1314870291080156;0,10810534149301272;0,2137058259925123;0,16151008083331705;0,13744145876943406;0,052195745159195256;57,99916165123006;42,00083834876994
SC6 14.08.2018 12:30 Rainstorm from north west (0.5h later);FS7_SEV12_TIME;150;0,05284188073403248;0,01102139306296056;0,0350430443102645;0,20221886457443106;0,07991055523474282;0,16735486224137355;0,2298736190475812;0,10498282270429082;0,18719787474825803;0,12489079634329037;23,92603424994124;76,07396575005876
SC6 14.08.2018 12:30 Rainstorm from north west (0.5h later);FS7_SEV12_TIME;165;0,06061685658375501;0,007141224645148005;0,0383146792643391;0,2298713017549855;0,0692047626800509;0,18559379943129845;0,24620490771663145;0,08450576693426316;0,19574135808341347;0,1616991407823683;15,710224703413193;84,28977529658681
SC6 14.08.2018 12:30 Rainstorm from north west (0.5h later);FS7_SEV12_TIME;180;0,046008096635774945;0,011184495525242442;0,020303513877353997;0,19041448999439212;0,09216755459425516;0,11926646632226065;0,2144949804442401;0,10575677531601671;0,14249039924624396;0,10873820512822338;35,519855771893255;64,48014422810674
SC6 14.08.2018 12:30 Rainstorm from north west (0.5h later);FS8_SEV12_GIS_TIME;0;0,010915828359545037;0,010915828359545037;0,0;0,07810456793515301;0,07810456793515301;0,0;0,10447884168359178;0,10447884168359178;0,0;0,0;100,0;0,0
SC6 14.08.2018 12:30 Rainstorm from north west (0.5h later);FS8_SEV12_GIS_TIME;15;0,014801773132492972;0,025136371947584113;0,005386228555400391;0,09981029724072163;0,1333495039291116;0,06172067580241574;0,12166253791735963;0,15854454247177388;0,0733909296534687;-0,03688200455441425;82,35331044327718;17,646689556722812
SC6 14.08.2018 12:30 Rainstorm from north west (0.5h later);FS8_SEV12_GIS_TIME;30;0,020985313011937918;0,032206074531243266;0,008560126080406369;0,11391026341249719;0,1477141354797927;0,07559698619340192;0,14486308367537232;0,17946050967063273;0,09252094941366722;-0,03459742599526042;79,00190365554899;20,99809634445101
SC6 14.08.2018 12:30 Rainstorm from north west (0.5h later);FS8_SEV12_GIS_TIME;45;0,022141836637972184;0,024882824788112528;0,007229149896998563;0,10786403856875933;0,11352569863346966;0,06118827138922898;0,14880133278291624;0,15774290725136433;0,0850244076544998;-0,008941574468448094;77,48768187603734;22,51231812396265
SC6 14.08.2018 12:30 Rainstorm from north west (0.5h later);FS8_SEV12_GIS_TIME;60;0,013253602209054168;0,012508440878272754;0,006820114768463682;0,08866593561097118;0,09224539224617426;0,05413619566914442;0,1151242902651485;0,11184114125970261;0,08258398615024394;0,003283149005445893;64,71482456778794;35,285175432212064
SC6 14.08.2018 12:30 Rainstorm from north west (0.5h later);FS8_SEV12_GIS_TIME;75;0,016814751263671993;0,00957083235358622;0,012103072548440445;0,09841834970242379;0,07765660956442974;0,07589597778350632;0,1296717057174463;0,09783063095772315;0,11001396524278381;0,03184107475972314;44,158320325061865;55,841679674938135
SC6 14.08.2018 12:30 Rainstorm from north west (0.5h later);FS8_SEV12_GIS_TIME;90;0,0216237832358873;0,01071345435142517;0,019310253182886688;0,10416189933183284;0,08196653865698517;0,10646149283784856;0,1470502745182317;0,10350581795930686;0,13896133700740895;0,04354445655892483;35,68331572368789;64,3166842763121
SC6 14.08.2018 12:30 Rainstorm from north west (0.5h later);FS8_SEV12_GIS_TIME;105;0,02872981066678692;0,013552781545845364;0,027341367179910845;0,12808118454885592;0,08918048766739546;0,13462299103491743;0,1694987040268654;0,11641641441757843;0,16535225181384997;0,05308228960928697;33,14112646465108;66,85887353534892
SC6 14.08.2018 12:30 Rainstorm from north west (0.5h later);FS8_SEV12_GIS_TIME;120;0,06873489391536483;0,05155053747220551;0,016168184766924533;0,22212103397758617;0,18296679344591843;0,08834094206044572;0,26217340428686664;0,22704743441009306;0,12715417715090815;0,03512596987677358;76,12449817078499;23,875501829215022
SC6 14.08.2018 12:30 Rainstorm from north west (0.5h later);FS8_SEV12_GIS_TIME;135;0,047258412331868005;0,02630865569459015;0,02243728329118958;0,17536370110786895;0,1330479716059206;0,11599203533481085;0,2173900005332996;0,16219943185655783;0,14979079841962784;0,05519056867674177;53,970969155533076;46,02903084446693
SC6 14.08.2018 12:30 Rainstorm from north west (0.5h later);FS8_SEV12_GIS_TIME;150;0,04457640487574866;0,01083514690106596;0,030707726590414375;0,18506161804609125;0,07736179330003176;0,15471155685223945;0,21113125035330194;0,10409201170630702;0,17523620228256026;0,10703923864699491;26,08184266138462;73,91815733861537
SC6 14.08.2018 12:30 Rainstorm from north west (0.5h later);FS8_SEV12_GIS_TIME;165;0,05133128193365061;0,006066001417753239;0,0341318153541839;0,21065981844032702;0,06357432374315714;0,17290616138960596;0,22656407908945012;0,0778845390161182;0,18474797794342404;0,1486795400733319;15,090375311099061;84,90962468890095
SC6 14.08.2018 12:30 Rainstorm from north west (0.5h later);FS8_SEV12_GIS_TIME;180;0,03539894984608525;0,010161131252466598;0,014085376686336356;0,16515518533495163;0,08927178836073861;0,09719648316341543;0,18814608644902836;0,10080243673873464;0,11868182963847648;0,08734364971029372;41,90760697628218;58,092393023717825
SC6 14.08.2018 12:30 Rainstorm from north west (0.5h later);FS9_SEV12_GIS_SENSOR_TIME;0;0,00703856732925558;0,00703856732925558;0,0;0,055857005353023174;0,055857005353023174;0,0;0,0838961699319795;0,0838961699319795;0,0;0,0;100,0;0,0
SC6 14.08.2018 12:30 Rainstorm from north west (0.5h later);FS9_SEV12_GIS_SENSOR_TIME;15;0,01505136556632605;0,016574266472830442;0,000725427271228245;0,08818654801724518;0,09574199709077694;0,02042115258093733;0,12268400697045255;0,12874108308085047;0,02693375709455042;-0,0060570761103979215;95,80670454656239;4,193295453437618
SC6 14.08.2018 12:30 Rainstorm from north west (0.5h later);FS9_SEV12_GIS_SENSOR_TIME;30;0,030326548316961258;0,03336690015450683;0,001726082783257221;0,14287160075269947;0,14829674783063204;0,02886163137418075;0,174145193206592;0,18266608922979335;0,041546152448298033;-0,008520896023201358;95,08140192494221;4,918598075057789
SC6 14.08.2018 12:30 Rainstorm from north west (0.5h later);FS9_SEV12_GIS_SENSOR_TIME;45;0,07527782046028056;0,08091011808276322;0,002799465639885304;0,23222444393050623;0,24054689554082329;0,037424127007052846;0,27436803833588297;0,28444703915274494;0,05290997675188777;-0,010079000816861972;96,6557405790469;3,34425942095311
SC6 14.08.2018 12:30 Rainstorm from north west (0.5h later);FS9_SEV12_GIS_SENSOR_TIME;60;0,12000971370659243;0,12781430175580571;0,002913610035704581;0,29699214543412106;0,3077526901321761;0,03606030445573104;0,346424181757845;0,35751126101957365;0,05397786616479556;-0,011087079261728638;97,77124104885013;2,2287589511498616
SC6 14.08.2018 12:30 Rainstorm from north west (0.5h later);FS9_SEV12_GIS_SENSOR_TIME;75;0,12933654039096784;0,12859249917670362;0,004533474924330686;0,3228052684997124;0,3095444460943304;0,045777257443507656;0,35963389772234744;0,358597963151917;0,06733108438403979;0,0010359345704304412;96,59459774477213;3,405402255227865
SC6 14.08.2018 12:30 Rainstorm from north west (0.5h later);FS9_SEV12_GIS_SENSOR_TIME;90;0,11685816764006667;0,12999305866737063;0,005306984882623091;0,3085152430278579;0,3189207260344767;0,06162719706980083;0,3418452393116901;0,3605455015214732;0,07284905546829754;-0,018700262209783103;96,077617757261;3,9223822427390025
SC6 14.08.2018 12:30 Rainstorm from north west (0.5h later);FS9_SEV12_GIS_SENSOR_TIME;105;0,0667461627661316;0,08328143625250208;0,006185356345230074;0,22615515489087784;0,25296464964408305;0,0630740362617194;0,25835278741699613;0,2885852322148555;0,07864703646819805;-0,03023244479785936;93,0864221621969;6,913577837803101
SC6 14.08.2018 12:30 Rainstorm from north west (0.5h later);FS9_SEV12_GIS_SENSOR_TIME;120;0,02876695091463548;0,0259843455722063;0,005525979787594038;0,13479820492176728;0,1285372289997122;0,054362333725532855;0,16960822773272374;0,16119660533710473;0,07433693420900567;0,008411622395619017;82,46295547730564;17,537044522694366
SC6 14.08.2018 12:30 Rainstorm from north west (0.5h later);FS9_SEV12_GIS_SENSOR_TIME;135;0,026168866260189227;0,018753945584537603;0,007485947427739393;0,12358367648240416;0,10995946626566708;0,05497724148759238;0,16176793953125948;0,1369450458561302;0,0865213697749833;0,02482289367512927;71,47112061685273;28,52887938314727
SC6 14.08.2018 12:30 Rainstorm from north west (0.5h later);FS9_SEV12_GIS_SENSOR_TIME;150;0,0579037510955102;0,036003885085539235;0,007269479256552854;0,21887105521686967;0,16518495597571342;0,0644707536434476;0,24063198269454997;0,18974689743323667;0,0852612412327715;0,0508850852613133;83,20103054829548;16,798969451704536
SC6 14.08.2018 12:30 Rainstorm from north west (0.5h later);FS9_SEV12_GIS_SENSOR_TIME;165;0,07964099634568585;0,05827533611539448;0,004959142723172741;0,2651454979310568;0,21977191721215875;0,05464604917920473;0,2822073640883346;0,2414028502636091;0,07042118092713825;0,04080451382472547;92,15753365211872;7,842466347881276
SC6 14.08.2018 12:30 Rainstorm from north west (0.5h later);FS9_SEV12_GIS_SENSOR_TIME;180;0,06393861697903444;0,055525163311438024;0,0017195721763564426;0,2271762021869958;0,2139859534484303;0,031318681966343444;0,2528608648625454;0,23563777988989376;0,04146772451384863;0,017223084972651626;96,99610425010509;3,0038957498949124
SC7 14.11.2018 09:00 Autumn day with fog in lower regions;FS4_SEV4_TIME;0;0,02659620042857699;0,02659620042857699;0,0;0,1307961286394478;0,1307961286394478;0,0;0,16308341555344305;0,16308341555344305;0,0;0,0;100,0;0,0
SC7 14.11.2018 09:00 Autumn day with fog in lower regions;FS4_SEV4_TIME;15;0,023227651896966166;0,02271975258199204;0,000910070886607819;0,12221523913109816;0,11604681503071868;0,02050991965131494;0,15240620688464812;0,15073072872507465;0,03016738116920027;0,0016754781595734736;96,1486344245561;3,8513655754439013
SC7 14.11.2018 09:00 Autumn day with fog in lower regions;FS4_SEV4_TIME;30;0,019017187915903202;0,01747401090224309;0,00226523639262805;0,11187336844369328;0,11080638372596649;0,03810817299641832;0,13790282055093436;0,1321892994997821;0,047594499604765785;0,005713521051152276;88,524200751988;11,475799248011992
SC7 14.11.2018 09:00 Autumn day with fog in lower regions;FS4_SEV4_TIME;45;0,018169165152846146;0,017857070824958122;0,0031528888780284403;0,1118127052696627;0,11432701212750199;0,045824047162001814;0,13479304563977382;0,1336303514361843;0,05615059107461328;0,001162694203589526;84,99336066037166;15,006639339628327
SC7 14.11.2018 09:00 Autumn day with fog in lower regions;FS4_SEV4_TIME;60;0,02222633274846911;0,018205813238758976;0,003896758215158;0,11906360366168996;0,10987965743034066;0,05037282257293607;0,14908498498664818;0,13492891920844463;0,06242401953701796;0,014156065778203553;82,36966127094038;17,63033872905962
SC7 14.11.2018 09:00 Autumn day with fog in lower regions;FS4_SEV4_TIME;75;0,023734536503632327;0,016602341867834023;0,0070870528650399025;0,13299529407526478;0,11183410861885683;0,07095784721035592;0,15406017169804898;0,1288500751564935;0,08418463556397868;0,025210096541555482;70,08343630153982;29,916563698460198
SC7 14.11.2018 09:00 Autumn day with fog in lower regions;FS4_SEV4_TIME;90;0,02651191896737985;0,02082331950565446;0,007222351582246268;0,14130639757064825;0,1298497796158751;0,061185478345841926;0,16282481066280977;0,14430287421134222;0,08498441964411046;0,018521936451467547;74,24789173484216;25,752108265157847
SC7 14.11.2018 09:00 Autumn day with fog in lower regions;FS4_SEV4_TIME;105;0,024617407151401875;0,02058680408261663;0,0077786352067705416;0,1308948350397091;0,12766776771702462;0,06576689213271374;0,1568993535722881;0,14348102342336644;0,08819657140031319;0,013418330148921659;72,57706772170143;27,42293227829858
SC7 14.11.2018 09:00 Autumn day with fog in lower regions;FS4_SEV4_TIME;120;0,02694821462633286;0,018238040391628414;0,007076002947557539;0,12972092356777215;0,11281589185998689;0,06034286808162637;0,1641591137474032;0,1350482891103342;0,08411898089942328;0,029110824637068988;72,0471247807183;27,952875219281697
SC7 14.11.2018 09:00 Autumn day with fog in lower regions;FS4_SEV4_TIME;135;0,02790636997729583;0,017341638564393577;0,005775654148042592;0,13613464803870942;0,11540270982783082;0,05065668859722369;0,16705199782491628;0,13168765532271268;0,07599772462411353;0,035364342502203605;75,01587136570052;24,98412863429948
SC7 14.11.2018 09:00 Autumn day with fog in lower regions;FS4_SEV4_TIME;150;0,029910662886622103;0,023017837080716596;0,006904823225716911;0,14442665303890947;0,13516290528567823;0,060595320875122066;0,17294699444229178;0,15171630459748417;0,08309526596453562;0,02123068984480761;76,92443400751924;23,075565992480765
SC7 14.11.2018 09:00 Autumn day with fog in lower regions;FS4_SEV4_TIME;165;0,027965686233759078;0,02304917761833936;0,007797943128798568;0,1405178523910312;0,13414596066175016;0,06579849433214606;0,1672294418867655;0,15181955611297038;0,08830596315537569;0,015409885773795123;74,72067752215715;25,279322477842864
SC7 14.11.2018 09:00 Autumn day with fog in lower regions;FS4_SEV4_TIME;180;0,025689899320024925;0,023064562233568238;0,007667362302526098;0,13621822430327524;0,1341199957579569;0,0641673081115806;0,16028068916755045;0,15187021509686566;0,08756347584767349;0,008410474070684792;75,05082282262909;24,949177177370906
SC7 14.11.2018 09:00 Autumn day with fog in lower regions;FS5_SEV4_GIS_TIME;0;0,01328435954604746;0,01328435954604746;0,0;0,08476248799499653;0,08476248799499653;0,0;0,11525779603153732;0,11525779603153732;0,0;0,0;100,0;0,0
SC7 14.11.2018 09:00 Autumn day with fog in lower regions;FS5_SEV4_GIS_TIME;15;0,011901324310235762;0,011421658972975396;0,0008540902935939192;0,08770035424345271;0,08173401124786055;0,019798501334357056;0,10909319094350373;0,10687216182418785;0,02922482324315956;0,002221029119315876;93,04245895670195;6,957541043298049
SC7 14.11.2018 09:00 Autumn day with fog in lower regions;FS5_SEV4_GIS_TIME;30;0,00986658447855531;0,009245491922889773;0,002204324209734714;0,08235755732869762;0,07951345856724926;0,03748525438123267;0,09933068246294953;0,09615348107525683;0,046950231200013424;0,003177201387692702;80,74795102207946;19,252048977920545
SC7 14.11.2018 09:00 Autumn day with fog in lower regions;FS5_SEV4_GIS_TIME;45;0,009922595634368413;0,008596998661853076;0,0034755413275427945;0,08431255573211101;0,07472028436149644;0,044222184146918524;0,09961222632974535;0,0927200014120636;0,05895372191425063;0,006892224917681752;71,21118397126372;28,78881602873627
SC7 14.11.2018 09:00 Autumn day with fog in lower regions;FS5_SEV4_GIS_TIME;60;0,011775087954104096;0,00716408876490774;0,006470684127007287;0,08384944054541688;0,062084934991422765;0,06425479352533264;0,10851307734141584;0,08464094024116073;0,08044056269698321;0,02387213710025511;52,54278029930231;47,45721970069769
SC7 14.11.2018 09:00 Autumn day with fog in lower regions;FS5_SEV4_GIS_TIME;75;0,011009033818152167;0,005992923329071127;0,006993023101556609;0,08318491782409491;0,05937726997286829;0,06291986058765717;0,10492394301660687;0,07741397373259641;0,08362429731577185;0,027509969284010463;46,14929963777335;53,85070036222665
SC7 14.11.2018 09:00 Autumn day with fog in lower regions;FS5_SEV4_GIS_TIME;90;0,014969278938513266;0,007767655420329728;0,008032326825030392;0,10093363312680345;0,07174505633459732;0,06269695097243116;0,12234900464864136;0,08813430331221622;0,08962324935545682;0,03421470133642514;49,16243132242003;50,83756867757997
SC7 14.11.2018 09:00 Autumn day with fog in lower regions;FS5_SEV4_GIS_TIME;105;0,012948397432170907;0,0074424567292394935;0,007135454788896128;0,08566775031177623;0,06810461651516783;0,059852923346836076;0,11379102527076072;0,08626967444727894;0,08447162120437922;0,027521350823481783;51,052969555897775;48,94703044410223
SC7 14.11.2018 09:00 Autumn day with fog in lower regions;FS5_SEV4_GIS_TIME;120;0,01499806955565294;0,006827386995924834;0,00717882971811395;0,09002604397889845;0,05842485018799828;0,0605716117846685;0,1224666058795333;0,08262800370289018;0,08472797482599209;0,03983860217664312;48,74540452513184;51,25459547486815
SC7 14.11.2018 09:00 Autumn day with fog in lower regions;FS5_SEV4_GIS_TIME;135;0,015967004253053408;0,0071311164528281975;0,0067486729743017615;0,10157605859176412;0,06911255331554654;0,06098244171880651;0,12636061195267062;0,08444593804812756;0,08215030720759212;0,041914673904543065;51,37769913777978;48,62230086222022
SC7 14.11.2018 09:00 Autumn day with fog in lower regions;FS5_SEV4_GIS_TIME;150;0,018703761386293472;0,011220100706727389;0,007364776398434548;0,11523194330017124;0,09021342678751847;0,06635207706131041;0,13676169561062582;0,10592497678417205;0,08581827543381741;0,030836718826453766;60,37220823812181;39,62779176187819
SC7 14.11.2018 09:00 Autumn day with fog in lower regions;FS5_SEV4_GIS_TIME;165;0,017411975231131676;0,0122326876650904;0,006706716358157437;0,11106727035977829;0,09151794327105682;0,06179654011688451;0,1319544437718248;0,11060148129699891;0,08189454412937065;0,02135296247482589;64,58855648295457;35,41144351704542
SC7 14.11.2018 09:00 Autumn day with fog in lower regions;FS5_SEV4_GIS_TIME;180;0,016532020900422207;0,012464360903226869;0,0063262492989889976;0,10702332208341749;0,0943204983422469;0,05663929754350186;0,12857690655954593;0,11164390222142394;0,07953772249058302;0,01693300433812199;66,332922502735;33,667077497264984
SC7 14.11.2018 09:00 Autumn day with fog in lower regions;FS6_SEV4_GIS_SENSOR_TIME;0;0,003305612049650129;0,003305612049650129;0,0;0,04021143391140722;0,04021143391140722;0,0;0,05749445233803109;0,05749445233803109;0,0;0,0;100,0;0,0
SC7 14.11.2018 09:00 Autumn day with fog in lower regions;FS6_SEV4_GIS_SENSOR_TIME;15;0,0034645678741497573;0,003852946926323105;0,0002519255600183974;0,03883016133576016;0,04030610394046775;0,009424040190889126;0,058860579967833795;0,062072110696536696;0,015872163054177504;-0,0032115307287029007;93,86276770212348;6,137232297876514
SC7 14.11.2018 09:00 Autumn day with fog in lower regions;FS6_SEV4_GIS_SENSOR_TIME;30;0,006364771567640094;0,006101288706620193;0,0002616150826806687;0,05638153474878873;0,054351801344037776;0,011203335932911422;0,07977951847209967;0,07811074642211654;0,016174519550226793;0,0016687720499831277;95,88843252477633;4,111567475223671
SC7 14.11.2018 09:00 Autumn day with fog in lower regions;FS6_SEV4_GIS_SENSOR_TIME;45;0,004369571363697096;0,003677632396036828;0,0005717340424735643;0,04560082916453458;0,04455002589060684;0,015376210043989662;0,06610273340563987;0,060643486014879025;0,02391096071833092;0,005459247390760841;86,54542857748967;13,454571422510334
SC7 14.11.2018 09:00 Autumn day with fog in lower regions;FS6_SEV4_GIS_SENSOR_TIME;60;0,0048267191270155805;0,004357335131010438;0,0006989807724034963;0,04782619022233666;0,04760574547626952;0,01930060341576303;0,06947459339222922;0,0660101138539424;0,026438244503058372;0,0034644795382868243;86,17608579536028;13,823914204639726
SC7 14.11.2018 09:00 Autumn day with fog in lower regions;FS6_SEV4_GIS_SENSOR_TIME;75;0,006647697687624526;0,005184352770375496;0,0012348880658993235;0,05540620947664145;0,0539015576793914;0,023586178282815694;0,08153341454658039;0,07200244975259866;0,0351409741740226;0,00953096479398173;80,76270859131768;19,23729140868233
SC7 14.11.2018 09:00 Autumn day with fog in lower regions;FS6_SEV4_GIS_SENSOR_TIME;90;0,006439274779692881;0,0039006250395863798;0,0027193936764945826;0,05327332668061532;0,046978022852715115;0,032680902023550014;0,08024509193522605;0,06245498410524479;0,05214780605638729;0,017790107829981264;58,92166180907026;41,07833819092974
SC7 14.11.2018 09:00 Autumn day with fog in lower regions;FS6_SEV4_GIS_SENSOR_TIME;105;0,006728574803732717;0,003411562019576348;0,0032003903558688175;0,055561419508635315;0,040877210902114734;0,03596783416561675;0,08202789040157449;0,058408578304700656;0,0565719926807322;0,023619312096873832;51,596893411481304;48,4031065885187
SC7 14.11.2018 09:00 Autumn day with fog in lower regions;FS6_SEV4_GIS_SENSOR_TIME;120;0,01212438585619793;0,006969461074830731;0,0033078953957177337;0,07145841733886894;0,053726585690546516;0,03491492413551263;0,11011078900906092;0,08348329817892158;0,05751430600918117;0,026627490830139336;67,81375244502729;32,1862475549727
SC7 14.11.2018 09:00 Autumn day with fog in lower regions;FS6_SEV4_GIS_SENSOR_TIME;135;0,013045970294785826;0,007080371542654502;0,0026124120175146084;0,07764693433158905;0,05696261055484231;0,030994775981736788;0,11421895768560412;0,08414494365471108;0,051111760070600275;0,030074014030893048;73,04786595823842;26,95213404176158
SC7 14.11.2018 09:00 Autumn day with fog in lower regions;FS6_SEV4_GIS_SENSOR_TIME;150;0,012850091649310145;0,006773657139487868;0,002607234625464975;0,0779385042456098;0,05582972079541025;0,03492323060492999;0,11335824473460299;0,0823022304648414;0,051061087194310455;0,03105601426976158;72,20696399882105;27,79303600117895
SC7 14.11.2018 09:00 Autumn day with fog in lower regions;FS6_SEV4_GIS_SENSOR_TIME;165;0,01152855897695948;0,005640530498354072;0,003664093029373203;0,07597097105128205;0,05142268206382435;0,04080459702189715;0,10737112729667822;0,07510346528858752;0,060531752241061075;0,0322676620080907;60,62072776556297;39,37927223443704
SC7 14.11.2018 09:00 Autumn day with fog in lower regions;FS6_SEV4_GIS_SENSOR_TIME;180;0,012084722771287595;0,006095045715487892;0,0034475699192120374;0,0729943976376195;0,05074904970972009;0,038515889939541616;0,1099305361184398;0,07807077376001785;0,058716010756965066;0,031859762358421945;63,87185598594586;36,12814401405415
SC7 14.11.2018 09:00 Autumn day with fog in lower regions;FS7_SEV12_TIME;0;0,017591856954573156;0,017591856954573156;0,0;0,08547106570373458;0,08547106570373458;0,0;0,13263429780631086;0,13263429780631086;0,0;0,0;100,0;0,0
SC7 14.11.2018 09:00 Autumn day with fog in lower regions;FS7_SEV12_TIME;15;0,014183078376368724;0,016089124500398556;0,00074217271966424;0,0767620241328835;0,07862839129944986;0,021569794293724163;0,11909273015750678;0,12684291269282078;0,027242847128452635;-0,007750182535313996;95,59051979202425;4,40948020797574
SC7 14.11.2018 09:00 Autumn day with fog in lower regions;FS7_SEV12_TIME;30;0,010817874615467987;0,010506938345563764;0,0015253811631201952;0,08040908281706383;0,07847586114542633;0,03166444743320645;0,10400901218388715;0,1025033577282411;0,039056128368288055;0,0015056544556460577;87,32263416027726;12,67736583972274
SC7 14.11.2018 09:00 Autumn day with fog in lower regions;FS7_SEV12_TIME;45;0,010052925880820204;0,00924764936179893;0,0023996687196174344;0,07907744811138853;0,0749998315894168;0,039773286337140897;0,10026428018402268;0,09616469914578285;0,048986413622732525;0,004099581038239833;79,39724232786108;20,602757672138928
SC7 14.11.2018 09:00 Autumn day with fog in lower regions;FS7_SEV12_TIME;60;0,012073538688342713;0,00989929864452912;0,0047497323301925205;0,07278898240604867;0,06213950848513235;0,05203640573555553;0,10987965547972342;0,0994952192043875;0,06891830185221136;0,010384436275335918;67,576474250149;32,423525749851
SC7 14.11.2018 09:00 Autumn day with fog in lower regions;FS7_SEV12_TIME;75;0,012051750936542757;0,0073027771682159445;0,006168522416826366;0,08108070504920653;0,05965669064937221;0,05912694976617838;0,10978046700821943;0,0854562880554494;0,07853994153821586;0,02432417895277003;54,209893574963566;45,790106425036434
SC7 14.11.2018 09:00 Autumn day with fog in lower regions;FS7_SEV12_TIME;90;0,015980810448069503;0,0075236400378113485;0,008172636094062422;0,09464883404118235;0,06211655600463856;0,06950357645088671;0,12641523028523702;0,08673891881855196;0,09040263322526851;0,03967631146668506;47,9326432244232;52,0673567755768
SC7 14.11.2018 09:00 Autumn day with fog in lower regions;FS7_SEV12_TIME;105;0,016002926319045076;0,008214649341090167;0,011468068114914392;0,0913655919042599;0,0606115093944474;0,08743072079791539;0,1265026731695622;0,09063470274177639;0,10708906627155917;0,03586797042778582;41,735341471277096;58,264658528722904
SC7 14.11.2018 09:00 Autumn day with fog in lower regions;FS7_SEV12_TIME;120;0,01932793732971934;0,009303757724420925;0,012112046232357714;0,09668236245556815;0,06579943678709745;0,09092674049400333;0,13902495218384123;0,09645598853581319;0,1100547419803332;0,042568963648028035;43,44342030398561;56,55657969601439
SC7 14.11.2018 09:00 Autumn day with fog in lower regions;FS7_SEV12_TIME;135;0,020157930120849363;0,007662276509104586;0,01143592791428073;0,1058164781696086;0,05954669857170512;0,0870549362460725;0,14197862557740643;0,08753443042086118;0,10693889804126808;0,05444419515654525;40,120402626554274;59,87959737344573
SC7 14.11.2018 09:00 Autumn day with fog in lower regions;FS7_SEV12_TIME;150;0,021707557678189913;0,009081675657569751;0,012861226407090873;0,11516578340034297;0,06862198300953347;0,09375712767148903;0,14733484882467526;0,09529782609047151;0,11340734723593032;0,052037022734203756;41,387760063861045;58,612239936138955
SC7 14.11.2018 09:00 Autumn day with fog in lower regions;FS7_SEV12_TIME;165;0,020251385180056224;0,01057067840069938;0,013460519153740877;0,11319298185980047;0,07028491078220338;0,09621615605968711;0,14230736165095684;0,10281380452400048;0,11601947747572766;0,03949355712695636;43,98731430987812;56,01268569012189
SC7 14.11.2018 09:00 Autumn day with fog in lower regions;FS7_SEV12_TIME;180;0,019408578789593494;0,009203858108790418;0,013242000438698751;0,10860657722948508;0,06457547595455045;0,09442581479653608;0,1393146754279444;0,09593674014052395;0,11507389121211967;0,043377935287420455;41,0047051188424;58,99529488115759
SC7 14.11.2018 09:00 Autumn day with fog in lower regions;FS8_SEV12_GIS_TIME;0;0,009741436415114567;0,009741436415114567;0,0;0,06897888903383885;0,06897888903383885;0,0;0,09869871536709364;0,09869871536709364;0,0;0,0;100,0;0,0
SC7 14.11.2018 09:00 Autumn day with fog in lower regions;FS8_SEV12_GIS_TIME;15;0,00687057276817391;0,007680070420615786;0,0008379508789342967;0,06285723907380833;0,0620333870883777;0,020065556577726327;0,08288891824709688;0,0876360109807366;0,028947381210297708;-0,004747092733639727;90,16261113389612;9,837388866103877
SC7 14.11.2018 09:00 Autumn day with fog in lower regions;FS8_SEV12_GIS_TIME;30;0,006759928949838422;0,005945075822458323;0,0017592538876289344;0,06902388054073405;0,06316299308453552;0,03396946246511418;0,08221878708566809;0,07710431779387146;0,04194346060626059;0,005114469291796625;77,16538681716142;22,834613182838584
SC7 14.11.2018 09:00 Autumn day with fog in lower regions;FS8_SEV12_GIS_TIME;45;0,006790319528960128;0,006074176174403196;0,0029278433876685967;0,06739059813964461;0,06312736171407451;0,040626262431032956;0,08240339513005594;0,07793700131775148;0,054109549874939794;0,004466393812304459;67,47570511838833;32,52429488161167
SC7 14.11.2018 09:00 Autumn day with fog in lower regions;FS8_SEV12_GIS_TIME;60;0,00755706495023698;0,006348039139812216;0,007642897850439514;0,06629169371527624;0,05980047080701284;0,071289798996472;0,08693138069901443;0,07967458277149757;0,08742366870841965;0,007256797927516864;45,372508962303606;54,627491037696394
SC7 14.11.2018 09:00 Autumn day with fog in lower regions;FS8_SEV12_GIS_TIME;75;0,008222602587783717;0,0038139533179007068;0,007562366658723659;0,07148166699403678;0,04449026897538314;0,06954060477943605;0,09067856741139946;0,06175721267917381;0,0869618689928158;0,028921354732225645;33,525369589968236;66,47463041003176
SC7 14.11.2018 09:00 Autumn day with fog in lower regions;FS8_SEV12_GIS_TIME;90;0,011675892710513091;0,0047263161587060174;0,008642899337477085;0,08564761265901558;0,05265636027931139;0,06709797141155686;0,10805504481750536;0,06874820840360872;0,09296719495325803;0,03930683641389664;35,35223259775696;64,64776740224305
SC7 14.11.2018 09:00 Autumn day with fog in lower regions;FS8_SEV12_GIS_TIME;105;0,010581371790742084;0,004736651271774238;0,008425603718251623;0,07696540416101584;0,05137218295598257;0,06391861240305277;0,10286579504744074;0,06882333377404962;0,09179108735738793;0,034042461273391125;35,98662444515468;64,01337555484533
SC7 14.11.2018 09:00 Autumn day with fog in lower regions;FS8_SEV12_GIS_TIME;120;0,01308074939849964;0,004693664248055906;0,00992201835714683;0,0828217242091109;0,05131040133146438;0,07340979639759651;0,11437110386150709;0,06851032220078888;0,09960932866527528;0,045860781660718206;32,11389009217472;67,88610990782527
SC7 14.11.2018 09:00 Autumn day with fog in lower regions;FS8_SEV12_GIS_TIME;135;0,014236592451847484;0,004528394360260377;0,010199656839245688;0,09223834891490831;0,05294521652703341;0,07796801513725676;0,1193171926079703;0,0672933455867694;0,10099335047044279;0,0520238470212009;30,746731518778574;69,25326848122143
SC7 14.11.2018 09:00 Autumn day with fog in lower regions;FS8_SEV12_GIS_TIME;150;0,01662730281460818;0,005233844319984604;0,010629913367802956;0,10507233193623544;0,05381930782573055;0,08266144463846432;0,12894689920509209;0,07234531304780292;0,10310147122036113;0,05660158615728916;32,992462586678236;67,00753741332176
SC7 14.11.2018 09:00 Autumn day with fog in lower regions;FS8_SEV12_GIS_TIME;165;0,01579447202764524;0,007039462985380869;0,01030446655976557;0,10305133286510561;0,05956263515380448;0,07976042833705424;0,12567605988272088;0,08390150764665;0,1015109184263721;0,04177455223607088;40,58747452275489;59,41252547724511
SC7 14.11.2018 09:00 Autumn day with fog in lower regions;FS8_SEV12_GIS_TIME;180;0,015546674670380685;0,006584041023109033;0,009016031083529304;0,10063219133490629;0,058678798353376346;0,07150164989044255;0,12468630506346992;0,08114210388638585;0,09495278344276857;0,043544201177084074;42,20519609205722;57,79480390794277
SC7 14.11.2018 09:00 Autumn day with fog in lower regions;FS9_SEV12_GIS_SENSOR_TIME;0;0,003263700440545461;0,003263700440545461;0,0;0,037772346643392574;0,037772346643392574;0,0;0,05712880569857435;0,05712880569857435;0,0;0,0;100,0;0,0
SC7 14.11.2018 09:00 Autumn day with fog in lower regions;FS9_SEV12_GIS_SENSOR_TIME;15;0,003052476780179252;0,003733484364750417;0,00020049327084632943;0,03595757462423857;0,03893492340936266;0,00785983967965292;0,0552492242495698;0,06110224516947325;0,0141595646418359;-0,0058530209199034455;94,90354828069793;5,096451719302073
SC7 14.11.2018 09:00 Autumn day with fog in lower regions;FS9_SEV12_GIS_SENSOR_TIME;30;0,005822305204892179;0,005720552871425885;0,00025091049083173097;0,053188793357794396;0,052249184816964944;0,011053919595883765;0,07630403138034175;0,07563433659010889;0,015840154381562416;0,0006696947902328637;95,79817415580911;4,201825844190893
SC7 14.11.2018 09:00 Autumn day with fog in lower regions;FS9_SEV12_GIS_SENSOR_TIME;45;0,004865497923766618;0,0037412106903062497;0,0005926469094315965;0,048374734508399346;0,04455053330747029;0,01589906749828462;0,06975312124748696;0,06116543705644757;0,024344340398367678;0,00858768419103939;86,32518730039848;13,67481269960152
SC7 14.11.2018 09:00 Autumn day with fog in lower regions;FS9_SEV12_GIS_SENSOR_TIME;60;0,00476591508522261;0,004301290486903017;0,0011525393928579228;0,047669990384887735;0,047271447295289856;0,02214330377435123;0,06903560737201209;0,06558422437524909;0,033949070574287046;0,0034513829967629944;78,86733876436128;21,132661235638736
SC7 14.11.2018 09:00 Autumn day with fog in lower regions;FS9_SEV12_GIS_SENSOR_TIME;75;0,006942728952075357;0,0048444578886052275;0,0018443218854454402;0,05596793783812348;0,051149062100590684;0,02799519860064206;0,08332303974337084;0,06960213997144934;0,04294556886857409;0,013720899771921494;72,42663164661893;27,57336835338106
SC7 14.11.2018 09:00 Autumn day with fog in lower regions;FS9_SEV12_GIS_SENSOR_TIME;90;0,007159669000991624;0,0037666615165966887;0,0033507702973167284;0,0558698032463412;0,04662544171162169;0,03434393826561669;0,08461482731171661;0,06137313350804804;0,05788583848677264;0,023241693803668577;52,92163824082559;47,07836175917442
SC7 14.11.2018 09:00 Autumn day with fog in lower regions;FS9_SEV12_GIS_SENSOR_TIME;105;0,00759765009425753;0,003315666661533607;0,004301372692488883;0,05913645893100957;0,04305229266826952;0,039325102239145315;0,08716450019507672;0,05758182579194244;0,0655848510899345;0,029582674403134286;43,52959867251615;56,47040132748384
SC7 14.11.2018 09:00 Autumn day with fog in lower regions;FS9_SEV12_GIS_SENSOR_TIME;120;0,013342609306010462;0,006533630250858085;0,0049852288776138535;0,07697662267491534;0,05326491486856391;0,04106272342133983;0,11551021299439483;0,08083087436653202;0,070606153256029;0,03467933862786281;56,721157694415005;43,27884230558501
SC7 14.11.2018 09:00 Autumn day with fog in lower regions;FS9_SEV12_GIS_SENSOR_TIME;135;0,014445387874043467;0,006925591298251233;0,003833657858965073;0,082194520196107;0,05554394437612332;0,03695371563789313;0,12018896735575801;0,08322013757649788;0,06191653946212654;0,03696882977926014;64,36872310560992;35,631276894390076
SC7 14.11.2018 09:00 Autumn day with fog in lower regions;FS9_SEV12_GIS_SENSOR_TIME;150;0,013528507118137391;0,005732202249928086;0,0037356484853980484;0,08073927246142282;0,051493162288558776;0,04117655684577598;0,11631211079736019;0,07571130860002412;0,0611199516148209;0,04060080219733607;60,54385953234647;39,45614046765355
SC7 14.11.2018 09:00 Autumn day with fog in lower regions;FS9_SEV12_GIS_SENSOR_TIME;165;0,011929255319925305;0,0052460166232298445;0,004580824089041368;0,07829916565442517;0,04894291885241019;0,04324785595510047;0,1092211303728601;0,07242939060374486;0,06768178550423569;0,03679173976911525;53,38456963771592;46,61543036228408
SC7 14.11.2018 09:00 Autumn day with fog in lower regions;FS9_SEV12_GIS_SENSOR_TIME;180;0,012147912802963547;0,005642921981928361;0,0042251849398516434;0,07589405811255308;0,05020495976930508;0,039731031933721773;0,11021757030058114;0,07511938486122181;0,06500142259867582;0,03509818543935933;57,18342967559267;42,81657032440733
SC8 16.12.2018 11:00 Winter day with snow and clouds;FS4_SEV4_TIME;0;0,00794855646981788;0,00794855646981788;0,0;0,0858416725386293;0,0858416725386293;0,0;0,08915467721784359;0,08915467721784359;0,0;0,0;100,0;0,0
SC8 16.12.2018 11:00 Winter day with snow and clouds;FS4_SEV4_TIME;15;0,007830604952359033;0,007463597412419967;0,00028923590851928996;0,0856707060523907;0,08507265215076723;0,014988713539563693;0,08849070545746052;0,08639211429534507;0,01700693707048068;0,002098591162115443;96,26928767141032;3,7307123285896853
SC8 16.12.2018 11:00 Winter day with snow and clouds;FS4_SEV4_TIME;30;0,008070289180469276;0,005969960490091231;0,0004142119547280106;0,08698025760181359;0,075778468672899;0,0171544223706773;0,08983478825304414;0,07726551941255058;0,020352197786185418;0,012569268840493558;93,51189275809516;6,488107241904842
SC8 16.12.2018 11:00 Winter day with snow and clouds;FS4_SEV4_TIME;45;0,008358318767958912;0,008329239182240331;8,766413253037753e-05;0,0892957829184118;0,08943307968726605;0,0072781772546048435;0,09142384135420537;0,09126466557348649;0,009362912609352793;0,00015917578071887595;98,95847523427605;1,0415247657239564
SC8 16.12.2018 11:00 Winter day with snow and clouds;FS4_SEV4_TIME;60;0,008433167706001514;0,010537834260634064;0,0006042069458980932;0,08949347910903001;0,09968356787658834;0,014450893271714449;0,09183228030492063;0,10265395394544753;0,024580621348901925;-0,0108216736405269;94,5772328902906;5,42276710970939
SC8 16.12.2018 11:00 Winter day with snow and clouds;FS4_SEV4_TIME;75;0,008526739509796289;0,01041415919145169;0,0006133863936438505;0,09017346004734741;0,10013134984881676;0,017692623467280948;0,09234034605629486;0,10204978780699003;0,024766638723166503;-0,009709441750695172;94,43768888633855;5,562311113661438
SC8 16.12.2018 11:00 Winter day with snow and clouds;FS4_SEV4_TIME;90;0,008299536579535095;0,009346382472528458;0,000331672452123383;0,08933294880919895;0,09541828819319977;0,011367491278492037;0,09110179240572105;0,09667669043015725;0,018211876677689837;-0,005574898024436198;96,57294306856483;3,427056931435162
SC8 16.12.2018 11:00 Winter day with snow and clouds;FS4_SEV4_TIME;105;0,007819489460008657;0,011485855105264254;0,0008918883073031598;0,08633240625750502;0,10419274483003792;0,020137548206313964;0,08842787716556728;0,10717208174363439;0,029864499113548847;-0,01874420457806711;92,7944191636934;7,205580836306598
SC8 16.12.2018 11:00 Winter day with snow and clouds;FS4_SEV4_TIME;120;0,007514513469632089;0,010499745873936948;0,0004367289307028266;0,08505528735093723;0,10060452223004308;0,016526692338399034;0,08668629343576809;0,10246826764387572;0,020898060453133603;-0,015781974208107633;96,00667547354888;3,9933245264511132
SC8 16.12.2018 11:00 Winter day with snow and clouds;FS4_SEV4_TIME;135;0,00662756569970643;0,010016978384046913;0,0005615824478572246;0,07971167167892476;0,09757543153588241;0,01850499166892125;0,08140986242284426;0,1000848559176008;0,02369773085882327;-0,018674993494756542;94,69131522916109;5,308684770838908
SC8 16.12.2018 11:00 Winter day with snow and clouds;FS4_SEV4_TIME;150;0,005189805173224065;0,00844895901316367;0,000528069930361981;0,0705561811744843;0,09108395036505401;0,020527769190569718;0,07204030242318576;0,09191821915792141;0,0229797721999584;-0,019877916734735643;94,1175422995285;5,882457700471511
SC8 16.12.2018 11:00 Winter day with snow and clouds;FS4_SEV4_TIME;165;0,0038083606520704257;0,007011879300995281;0,0006186553681740495;0,05997493205919735;0,08228589160695546;0,0223109595477581;0,061711916613166586;0,08373696496168989;0,02487278368365812;-0,022025048348523306;91,89237196347871;8,107628036521287
SC8 16.12.2018 11:00 Winter day with snow and clouds;FS4_SEV4_TIME;180;0,0029207477987208815;0,005315433222564982;0,0004040314906469997;0,05275291310048304;0,07199232722900226;0,01923941412851924;0,05404394321957717;0,07290701764964043;0,020100534586099936;-0,018863074430063256;92,93585132689628;7,064148673103721
SC8 16.12.2018 11:00 Winter day with snow and clouds;FS5_SEV4_GIS_TIME;0;0,004883051920690399;0,004883051920690399;0,0;0,06320925346498785;0,06320925346498785;0,0;0,06987883743087316;0,06987883743087316;0,0;0,0;100,0;0,0
SC8 16.12.2018 11:00 Winter day with snow and clouds;FS5_SEV4_GIS_TIME;15;0,005776167640982201;0,005940708138025408;0,00044095782247409996;0,07000837808644587;0,06848716921366606;0,017961153473991614;0,07600110289319624;0,07707598937428833;0,02099899574918048;-0,0010748864810920938;93,09023967717069;6,909760322829325
SC8 16.12.2018 11:00 Winter day with snow and clouds;FS5_SEV4_GIS_TIME;30;0,006031047423440517;0,005000401586427699;0,0003883801867959926;0,07016946633936837;0,06365748592925792;0,01806141580752236;0,0776598185900567;0,07071351770650149;0,019707363770834308;0,006946300883555218;92,79280172884687;7,207198271153124
SC8 16.12.2018 11:00 Winter day with snow and clouds;FS5_SEV4_GIS_TIME;45;0,005573220474989226;0,006933797731401403;0,00023869499772967507;0,06848606393536694;0,07884502252832161;0,013045648358902841;0,07465400508337933;0,08326942855214874;0,01544975720617237;-0,00861542346876941;96,67207752250184;3,32792247749817
SC8 16.12.2018 11:00 Winter day with snow and clouds;FS5_SEV4_GIS_TIME;60;0,0053995307867644796;0,008423301437804297;0,001017344112004386;0,06691520076944199;0,08705704009083426;0,024613314269421;0,07348149962245246;0,09177854562916268;0,031895832204292554;-0,018297046006710227;89,22378658708352;10,776213412916476
SC8 16.12.2018 11:00 Winter day with snow and clouds;FS5_SEV4_GIS_TIME;75;0,004915515260260442;0,0072985001389663275;0,0010613876211603352;0,06360873039764131;0,0769562352757409;0,026625787164887477;0,07011073569903857;0,08543125972948266;0,03257894444515253;-0,015320524030444094;87,30380536658959;12,696194633410412
SC8 16.12.2018 11:00 Winter day with snow and clouds;FS5_SEV4_GIS_TIME;90;0,003503312360196553;0,0047187155025946205;0,00047848660049836395;0,05376790690504602;0,06343135052049234;0,014808845843692294;0,059188785763829896;0,06869290722188587;0,021874336572759504;-0,009504121458055972;90,79338091906018;9,206619080939813
SC8 16.12.2018 11:00 Winter day with snow and clouds;FS5_SEV4_GIS_TIME;105;0,002544807178660952;0,005518061067208811;0,00093610511256371;0,04514647521112644;0,06606375835132944;0,023491836363269437;0,050446081896029865;0,07428365275892679;0,03059583488914316;-0,023837570862896923;85,49611078348927;14,503889216510743
SC8 16.12.2018 11:00 Winter day with snow and clouds;FS5_SEV4_GIS_TIME;120;0,0019855245615126665;0,004998780494973773;0,0010065538553686933;0,03929474410877573;0,06430650600167594;0,02715153369440961;0,04455922532442262;0,07070205439005131;0,031726232921175705;-0,02614282906562869;83,23900391472306;16,76099608527696
SC8 16.12.2018 11:00 Winter day with snow and clouds;FS5_SEV4_GIS_TIME;135;0,0015206507148776104;0,004915276223907695;0,0013326822993658216;0,03430942889824736;0,0625468624344434;0,029589728380625065;0,03899552172849609;0,07010903097253374;0,03650592142880141;-0,03111350924403765;78,67011609629598;21,32988390370403
SC8 16.12.2018 11:00 Winter day with snow and clouds;FS5_SEV4_GIS_TIME;150;0,0005942153972251196;0,0027097441739545964;0,0011816654026273782;0,019820684594079263;0,04743905244576016;0,032332682257725134;0,024376533740979655;0,052055203140076174;0,034375360399963494;-0,02767866939909652;69,63400075544615;30,365999244553837
SC8 16.12.2018 11:00 Winter day with snow and clouds;FS5_SEV4_GIS_TIME;165;0,0003333763488788859;0,002468395994308201;0,0022018701795998444;0,013692139241658222;0,046257390515812236;0,045615324098616836;0,018258596574733936;0,04968295476627976;0,046924089544708746;-0,03142435819154583;52,85343281071847;47,14656718928153
SC8 16.12.2018 11:00 Winter day with snow and clouds;FS5_SEV4_GIS_TIME;180;0,00028740724981392394;0,002911177542606204;0,0022990206846398675;0,013397288558052037;0,04959931821794853;0,046820493414998055;0,01695308968341535;0,053955329140004366;0,047948104077636555;-0,037002239456589016;55,87460237851546;44,12539762148454
SC8 16.12.2018 11:00 Winter day with snow and clouds;FS6_SEV4_GIS_SENSOR_TIME;0;0,001972209594544864;0,001972209594544864;0,0;0,03983846203213518;0,03983846203213518;0,0;0,044409566475533895;0,044409566475533895;0,0;0,0;100,0;0,0
SC8 16.12.2018 11:00 Winter day with snow and clouds;FS6_SEV4_GIS_SENSOR_TIME;15;0,002355151755797237;0,002608221036563217;0,00010390512283823347;0,04393166403193166;0,04418438390496875;0,0062431402695484655;0,04852990578805235;0,05107074540833741;0,010193386230209933;-0,0025408396202850625;96,16886838106511;3,831131618934891
SC8 16.12.2018 11:00 Winter day with snow and clouds;FS6_SEV4_GIS_SENSOR_TIME;30;0,002129342124526319;0,002186929800661038;2,074004287738031e-05;0,04064374425959673;0,040617717817017;0,003715241050466578;0,04614479520516175;0,046764621250054386;0,004554123722230251;-0,0006198260448926352;99,0605459897872;0,9394540102127995
SC8 16.12.2018 11:00 Winter day with snow and clouds;FS6_SEV4_GIS_SENSOR_TIME;45;0,0020714238382548095;0,0023426511023094047;3,240292117041828e-05;0,039464434697590985;0,042170701777808024;0,0045724440858049215;0,045512897493510666;0,0484009411304099;0,00569235638118506;-0,0028880436368992346;98,63569751045314;1,364302489546868
SC8 16.12.2018 11:00 Winter day with snow and clouds;FS6_SEV4_GIS_SENSOR_TIME;60;0,0021584675803042663;0,002813813253352783;0,0001843841826246704;0,04095045170010319;0,04656567086350114;0,008243711975713571;0,04645931101839831;0,053045388615343206;0,013578813741438182;-0,006586077596944899;93,85016542232621;6,14983457767379
SC8 16.12.2018 11:00 Winter day with snow and clouds;FS6_SEV4_GIS_SENSOR_TIME;75;0,0016698669346582543;0,0024488919931734544;0,00017628830011504634;0,03426561163821057;0,04129210608676549;0,008926834911108017;0,040864005367294266;0,0494862808581677;0,013277360434779435;-0,008622275490873431;93,28471646058968;6,715283539410323
SC8 16.12.2018 11:00 Winter day with snow and clouds;FS6_SEV4_GIS_SENSOR_TIME;90;0,0015094694303516528;0,0021352663484372355;0,00013750872084520796;0,03249050032160862;0,03848977855950511;0,008157029259400289;0,03885189094949759;0,0462089422994861;0,01172641125175166;-0,007357051349988507;93,94974352263455;6,050256477365442
SC8 16.12.2018 11:00 Winter day with snow and clouds;FS6_SEV4_GIS_SENSOR_TIME;105;0,0012496058856792658;0,002389468581498159;0,0002956074586368945;0,028927573424895135;0,039065639516699315;0,011261765815077289;0,03534976500175448;0,04888219084184095;0,017193238747743093;-0,013532425840086473;88,99072301051014;11,00927698948988
SC8 16.12.2018 11:00 Winter day with snow and clouds;FS6_SEV4_GIS_SENSOR_TIME;120;0,0010562733572672767;0,0018910467695086104;0,0002675501281062846;0,026751825223538615;0,03655193887904783;0,010583514709081223;0,03250035934058694;0,04348616756519952;0,016356959622933737;-0,010985808224612578;87,60536863543584;12,394631364564155
SC8 16.12.2018 11:00 Winter day with snow and clouds;FS6_SEV4_GIS_SENSOR_TIME;135;0,0009158283890841457;0,002198736170648608;0,0005014701777799681;0,024785964194727214;0,038769452454430905;0,014467576489998744;0,030262656675912405;0,04689068319665014;0,02239352981956994;-0,016628026520737738;81,42844978970565;18,571550210294333
SC8 16.12.2018 11:00 Winter day with snow and clouds;FS6_SEV4_GIS_SENSOR_TIME;150;0,0007559649190974994;0,00153608832783359;0,00023874618431143912;0,022343783158834687;0,031373733653529606;0,010476985946297646;0,027494816222289966;0,039192962733551925;0,015451413667086876;-0,01169814651126196;86,54825660208199;13,451743397918001
SC8 16.12.2018 11:00 Winter day with snow and clouds;FS6_SEV4_GIS_SENSOR_TIME;165;0,0006469378984058433;0,0014917189104009059;0,0004621979108427272;0,020347849270178974;0,03291731767280942;0,016748813819140194;0,02543497392186285;0,03862277709332805;0,02149878859012124;-0,013187803171465201;76,34505697389173;23,654943026108274
SC8 16.12.2018 11:00 Winter day with snow and clouds;FS6_SEV4_GIS_SENSOR_TIME;180;0,0006561742725952927;0,0019010867174769075;0,0004822251985785962;0,020633987925794222;0,03622782941716174;0,01825135511656602;0,025615898824661466;0,04360145315785825;0,021959626558268157;-0,017985554333196787;79,76659306194793;20,233406938052077
SC8 16.12.2018 11:00 Winter day with snow and clouds;FS7_SEV12_TIME;0;0,005026824334569182;0,005026824334569182;0,0;0,06685179489585683;0,06685179489585683;0,0;0,07090010108997859;0,07090010108997859;0,0;0,0;100,0;0,0
SC8 16.12.2018 11:00 Winter day with snow and clouds;FS7_SEV12_TIME;15;0,005122612937110095;0,0037939384864635827;0,0005976877494950734;0,06788559849970487;0,05960700935618263;0,022214888380124018;0,07157243140420824;0,06159495504068156;0,02444765325128515;0,00997747636352668;86,39028648200515;13,609713517994843
SC8 16.12.2018 11:00 Winter day with snow and clouds;FS7_SEV12_TIME;30;0,005548609639254438;0,0027971761640911783;0,000949477195940525;0,07085411141844458;0,04953968162549254;0,024972278704034522;0,0744889900539297;0,05288833674914705;0,03081358784595726;0,021600653304782648;74,65799195438537;25,342008045614627
SC8 16.12.2018 11:00 Winter day with snow and clouds;FS7_SEV12_TIME;45;0,005137560947572037;0,004818872400761716;0,00018294480041070876;0,06908395668166895;0,06629089961557925;0,010115080565776466;0,07167678109103419;0,06941809851012715;0,01352570886906519;0,0022586825809070427;96,34243329868539;3,6575667013146047
SC8 16.12.2018 11:00 Winter day with snow and clouds;FS7_SEV12_TIME;60;0,004610995767800825;0,0056080495942900585;0,0002927941891997012;0,06501460245621309;0,07207511207361328;0,013395428967972597;0,06790431332250423;0,0748869120360164;0,01711122991487465;-0,0069825987135121725;95,03809624618562;4,9619037538143855
SC8 16.12.2018 11:00 Winter day with snow and clouds;FS7_SEV12_TIME;75;0,00420896390174935;0,005218392494809674;0,0004621541809606048;0,06301082325653745;0,06990699227774928;0,01524907658840048;0,0648765281265062;0,07223844194616655;0,021497771534756918;-0,007361913819660351;91,86426575928212;8,135734240717897
SC8 16.12.2018 11:00 Winter day with snow and clouds;FS7_SEV12_TIME;90;0,003233365074786388;0,003037433919982063;0,0005040520453986992;0,05437282838139504;0,053564225419057476;0,018473490828373393;0,05686268613762797;0,05511291971926422;0,02245110343387824;0,0017497664183637462;85,7672160690179;14,232783930982093
SC8 16.12.2018 11:00 Winter day with snow and clouds;FS7_SEV12_TIME;105;0,002982150002695426;0,003091999345907978;0,00044992729672686403;0,051323676909245435;0,05388160627703381;0,016684850617762533;0,05460906520620387;0,05560574921631735;0,021211489733794373;-0,0009966840101134772;87,29710290125708;12,702897098742923
SC8 16.12.2018 11:00 Winter day with snow and clouds;FS7_SEV12_TIME;120;0,0024431678572087658;0,0030883317348204134;0,0004918541550177463;0,04634353510882046;0,05257376197961346;0,01629992007319607;0,04942841143723684;0,05557276072700018;0,022177785169347868;-0,006144349289763339;86,26177047360018;13,738229526399822
SC8 16.12.2018 11:00 Winter day with snow and clouds;FS7_SEV12_TIME;135;0,0020941938110685754;0,0038580332138795576;0,0007731154323986241;0,04226367514257049;0,05820700657009732;0,020857095947632423;0,045762362385136715;0,06211306797993123;0,02780495337882486;-0,016350705594794512;83,30618402801781;16,69381597198219
SC8 16.12.2018 11:00 Winter day with snow and clouds;FS7_SEV12_TIME;150;0,0013243565187464076;0,0021671485123480666;0,0005137348647496271;0,0327870244267061;0,04460964327715086;0,018205930582351156;0,036391709478209563;0,04655264237772187;0,022665720035984455;-0,01016093289951231;80,8371050699791;19,162894930020904
SC8 16.12.2018 11:00 Winter day with snow and clouds;FS7_SEV12_TIME;165;0,0010358279419275108;0,0019407382761551968;0,0006788208186142786;0,028851048915426725;0,04113863072941628;0,020747416839003562;0,03218428097577311;0,04405381114222919;0,026054190039498035;-0,011869530166456081;74,08644760220552;25,913552397794476
SC8 16.12.2018 11:00 Winter day with snow and clouds;FS7_SEV12_TIME;180;0,0006459178482063827;0,0023420001256804043;0,001101529404799541;0,021343801261975034;0,04661018702114396;0,02889128313178108;0,02541491389334976;0,04839421582875793;0,03318929653969094;-0,022979301935408168;68,01161729413093;31,988382705869068
SC8 16.12.2018 11:00 Winter day with snow and clouds;FS8_SEV12_GIS_TIME;0;0,004687530556434525;0,004687530556434525;0,0;0,06293226051338707;0,06293226051338707;0,0;0,06846554284042831;0,06846554284042831;0,0;0,0;100,0;0,0
SC8 16.12.2018 11:00 Winter day with snow and clouds;FS8_SEV12_GIS_TIME;15;0,0040177155863958015;0,004846179863710239;0,0006491342066994388;0,058778074570535355;0,060687110692240184;0,022907026553860843;0,06338545248237802;0,06961450900286692;0,02547811230643744;-0,006229056520488899;88,18749577581386;11,812504224186146
SC8 16.12.2018 11:00 Winter day with snow and clouds;FS8_SEV12_GIS_TIME;30;0,0039524704923438745;0,003189091135292083;0,0003961606142477113;0,05624117649371913;0,04841271123052237;0,017105882670334045;0,06286867655950676;0,05647203852608902;0,019903783917831083;0,006396638033417737;88,95027066652816;11,049729333471848
SC8 16.12.2018 11:00 Winter day with snow and clouds;FS8_SEV12_GIS_TIME;45;0,0032521418955470346;0,004464877648177089;0,0002648389703886793;0,05159632889822231;0,06189648156972813;0,013215657077589125;0,05702755382748794;0,0668197399589155;0,016273873859308337;-0,009792186131427565;94,40053196106729;5,599468038932714
SC8 16.12.2018 11:00 Winter day with snow and clouds;FS8_SEV12_GIS_TIME;60;0,003058808183719591;0,005227143747458414;0,000896477319539486;0,04980983912079301;0,06835874486171967;0,022941789434601862;0,05530649314248365;0,07229898856456025;0,029941231095923327;-0,016992495422076606;85,36033974455276;14,639660255447245
SC8 16.12.2018 11:00 Winter day with snow and clouds;FS8_SEV12_GIS_TIME;75;0,002560055667726387;0,004824857238485477;0,0009137447277866431;0,04587873961137869;0,06398168067432237;0,022664005386418308;0,050596992674727094;0,0694611923197801;0,03022821079367158;-0,018864199645053002;84,077224153948;15,922775846052014
SC8 16.12.2018 11:00 Winter day with snow and clouds;FS8_SEV12_GIS_TIME;90;0,0018989295798430225;0,0035098439813646895;0,0006829325272833442;0,0383960693858977;0,0512439362347334;0,018526181761847168;0,043576709144255286;0,059243936241312405;0,02613297777298531;-0,015667227097057118;83,71168780700032;16,288312192999683
SC8 16.12.2018 11:00 Winter day with snow and clouds;FS8_SEV12_GIS_TIME;105;0,001457491225606548;0,003731682729575141;0,0009893455177055865;0,03320059199673354;0,05377794808696124;0,02285191723175587;0,03817710342085355;0,06108750060016485;0,031453863319242464;-0,0229103971793113;79,04385515432064;20,956144845679354
SC8 16.12.2018 11:00 Winter day with snow and clouds;FS8_SEV12_GIS_TIME;120;0,0008303114176937194;0,0029418857896843535;0,0009734922413781798;0,024875527177119803;0,04855332220588431;0,026569276269692094;0,028815124807880312;0,054239153659366345;0,03120083719034122;-0,025424028851486032;75,13669858555141;24,86330141444858
SC8 16.12.2018 11:00 Winter day with snow and clouds;FS8_SEV12_GIS_TIME;135;0,0007296085254742017;0,0036869932204449604;0,0016118353260750609;0,02302131046782296;0,05508398870204163;0,035315474638572104;0,02701126663957471;0,06072061610725768;0,04014766899927144;-0,03370934946768297;69,58128929962028;30,41871070037972
SC8 16.12.2018 11:00 Winter day with snow and clouds;FS8_SEV12_GIS_TIME;150;0,0003517564651193282;0,002131164922891114;0,0020056912781488937;0,01417401426273836;0,0420673002264009;0,04269590973854065;0,01875517168994537;0,04616454183560272;0,04478494477108232;-0,027409370145657353;51,516533795768346;48,48346620423166
SC8 16.12.2018 11:00 Winter day with snow and clouds;FS8_SEV12_GIS_TIME;165;0,0003730297738729353;0,0025671597582732604;0,003244271475351268;0,0142584334086297;0,04805206942874939;0,055551476776599884;0,019313978716798238;0,05066714673507144;0,056958506610964334;-0,0313531680182732;44,17431188757524;55,825688112424764
SC8 16.12.2018 11:00 Winter day with snow and clouds;FS8_SEV12_GIS_TIME;180;0,00034889981089727707;0,003199630006236957;0,003923376462487157;0,013960818725042769;0,05322520635278015;0,061474812793589774;0,01867885999993782;0,056565272086651866;0,06263686185056813;-0,03788641208671405;44,919656050938286;55,080343949061714
SC8 16.12.2018 11:00 Winter day with snow and clouds;FS9_SEV12_GIS_SENSOR_TIME;0;0,001658100126891954;0,001658100126891954;0,0;0,03635121681193012;0,03635121681193012;0,0;0,04071977562428303;0,04071977562428303;0,0;0,0;100,0;0,0
SC8 16.12.2018 11:00 Winter day with snow and clouds;FS9_SEV12_GIS_SENSOR_TIME;15;0,001771176136345277;0,0018858918411266622;3,937864162435495e-05;0,03784781182641064;0,038305046889144316;0,004365227352350186;0,04208534348612682;0,04342685621970191;0,0062752403638709296;-0,0013415127335750926;97,95464367333535;2,045356326664648
SC8 16.12.2018 11:00 Winter day with snow and clouds;FS9_SEV12_GIS_SENSOR_TIME;30;0,0016832217582589276;0,0016441267275037995;2,5823995756849785e-05;0,03547977347973139;0,03396829955771208;0,004104737588699827;0,04102708566616605;0,040547832587005186;0,0050817315707197466;0,0004792530791608643;98,45360731923711;1,5463926807628996
SC8 16.12.2018 11:00 Winter day with snow and clouds;FS9_SEV12_GIS_SENSOR_TIME;45;0,001516428537412302;0,0015816693344929554;3,6679718263125753e-05;0,03215793272536551;0,03266983755285336;0,004127231127810928;0,03894134740108901;0,039770206618685744;0,006056378312417889;-0,0008288592175967335;97,73351007307976;2,266489926920243
SC8 16.12.2018 11:00 Winter day with snow and clouds;FS9_SEV12_GIS_SENSOR_TIME;60;0,001555714334146591;0,001839069912271402;0,00014273779732180045;0,03299962617201896;0,03509236542873871;0,0068511127804716425;0,039442544721995196;0,042884378417687274;0,011947292468245701;-0,0034418336956920786;92,79759602150807;7,2024039784919225
SC8 16.12.2018 11:00 Winter day with snow and clouds;FS9_SEV12_GIS_SENSOR_TIME;75;0,0012264893543615788;0,0015798545297258085;0,00012864812997263262;0,02812214221521542;0,0317903439412603;0,006870827926643963;0,03502127002782136;0,03974738393562284;0,011342315899878323;-0,004726113907801477;92,47012410297684;7,529875897023166
SC8 16.12.2018 11:00 Winter day with snow and clouds;FS9_SEV12_GIS_SENSOR_TIME;90;0,0011878787844727787;0,0014631924030242462;6,094485985038937e-05;0,027914648495968333;0,030707286566773545;0,00541097707435733;0,03446561742480147;0,038251698041057554;0,007806718891467104;-0,003786080616256085;96,00135359623432;3,9986464037656857
SC8 16.12.2018 11:00 Winter day with snow and clouds;FS9_SEV12_GIS_SENSOR_TIME;105;0,0009626111520235647;0,001626558353442001;0,00020772204114668106;0,024812144998713752;0,029810027750818903;0,007876887977603943;0,031025975440323622;0,04033061310520832;0,014412565390890029;-0,0093046376648847;88,67555681456975;11,324443185430248
SC8 16.12.2018 11:00 Winter day with snow and clouds;FS9_SEV12_GIS_SENSOR_TIME;120;0,0008891689528497443;0,0013348164287460549;0,00019462162101363284;0,023763364081318954;0,029011472836895057;0,008117721819165927;0,029818936145505664;0,03653513964317168;0,013950685324156402;-0,006716203497666013;87,27495886190273;12,725041138097268
SC8 16.12.2018 11:00 Winter day with snow and clouds;FS9_SEV12_GIS_SENSOR_TIME;135;0,000892278218805315;0,001671546596913373;0,00028317682571289243;0,02369707877450018;0,03283105017765819;0,010851107079249162;0,02987102641030795;0,040884552057144675;0,016827858619351793;-0,011013525646836726;85,51320240832688;14,486797591673131
SC8 16.12.2018 11:00 Winter day with snow and clouds;FS9_SEV12_GIS_SENSOR_TIME;150;0,0007085842901614854;0,0013477665114516267;0,0001740215911656869;0,0202722186480266;0,02902691244564452;0,011327094294958644;0,026619246611455503;0,036711939630747197;0,013191724343909212;-0,010092693019291693;88,56466344648193;11,43533655351808
SC8 16.12.2018 11:00 Winter day with snow and clouds;FS9_SEV12_GIS_SENSOR_TIME;165;0,0006195624728125769;0,0012715314780221277;0,000324717145627812;0,018486792143862688;0,029084193513082984;0,01530030108988285;0,024891011888080742;0,03565854004333503;0,018019909700878415;-0,01076752815525429;79,65748312532153;20,34251687467848
SC8 16.12.2018 11:00 Winter day with snow and clouds;FS9_SEV12_GIS_SENSOR_TIME;180;0,0005082637397114179;0,0014747779561868285;0,0004211487143764953;0,01665549529014358;0,02919426333397783;0,016225706608522506;0,022544705358718217;0,038402837866319574;0,02052190815632151;-0,015858132507601357;77,78665594427436;22,21334405572565
